<?xml version="1.0" encoding="UTF-8"?>
<metadata xml:lang="en"><Esri><CreaDate>20190418</CreaDate><CreaTime>02511200</CreaTime><ArcGISFormat>1.0</ArcGISFormat><SyncOnce>FALSE</SyncOnce><DataProperties><lineage><Process ToolSource="c:\program files (x86)\arcgis\desktop10.1\ArcToolbox\Toolboxes\Data Management Tools.tbx\CalculateField" Date="20130722" Time="122811">CalculateField REVISION Toponymie [NOMARRO_12] VB #</Process><Process ToolSource="C:\Program Files\ArcGIS\ArcToolbox\Toolboxes\Analysis Tools.tbx\Intersect" Date="20130731" Time="113921">Intersect "Arrondissements_senegal_2013 #;Communautes_rurales_senegal_2013 #" "E:\PROJETS\CR A GERER\SHAPES\Arro_Intersect.shp" ALL # INPUT</Process><Process ToolSource="C:\Program Files\ArcGIS\ArcToolbox\Toolboxes\Analysis Tools.tbx\Intersect" Date="20130731" Time="120124">Intersect "Communautes_rurales_senegal_2013 #;Localités_F #" "E:\PROJETS\CR A GERER\SHAPES\Localités_Intersect.shp" ALL # INPUT</Process><Process ToolSource="C:\Program Files\ArcGIS\ArcToolbox\Toolboxes\Data Management Tools.tbx\Merge" Date="20131003" Time="093050">Merge Localités_Sen_2013;complement_intersect "E:\PROJETS\CR A GERER\SHAPES\Localités_Sénégal_2013_merge.shp" "Admi1 'Admi1' true true false 4 Short 0 4 ,First,#,Localités_Sen_2013,Admi1,-1,-1,complement_intersect,Admi1,-1,-1;Admi2 'Admi2' true true false 4 Short 0 4 ,First,#,Localités_Sen_2013,Admi2,-1,-1,complement_intersect,Admi2,-1,-1;Admi3 'Admi3' true true false 4 Short 0 4 ,First,#,Localités_Sen_2013,Admi3,-1,-1,complement_intersect,Admi3,-1,-1;Admi4 'Admi4' true true false 9 Long 0 9 ,First,#,Localités_Sen_2013,Admi4,-1,-1,complement_intersect,Admi4,-1,-1;NOMREG 'NOMREG' true true false 20 Text 0 0 ,First,#,Localités_Sen_2013,NOMREG,-1,-1,complement_intersect,NOMREG,-1,-1;NOMDEP 'NOMDEP' true true false 20 Text 0 0 ,First,#,Localités_Sen_2013,NOMDEP,-1,-1,complement_intersect,NOMDEP,-1,-1;NOM_ARRO 'NOM_ARRO' true true false 50 Text 0 0 ,First,#,Localités_Sen_2013,NOM_ARRO,-1,-1;NOMCR 'NOMCR' true true false 20 Text 0 0 ,First,#,Localités_Sen_2013,NOMCR,-1,-1,complement_intersect,NOMCR,-1,-1;VILLAGE 'VILLAGE' true true false 254 Text 0 0 ,First,#,Localités_Sen_2013,VILLAGE,-1,-1;X_COORD 'X_COORD' true true false 19 Double 6 18 ,First,#,Localités_Sen_2013,X_COORD,-1,-1;Y_COORD 'Y_COORD' true true false 19 Double 6 18 ,First,#,Localités_Sen_2013,Y_COORD,-1,-1;Toponymie 'Toponymie' true true false 50 Text 0 0 ,First,#,Localités_Sen_2013,Toponymie,-1,-1;Nom_villag 'Nom_villag' true true false 254 Text 0 0 ,First,#,complement_intersect,Nom_villag,-1,-1;Toponymie_ 'Toponymie_' true true false 254 Text 0 0 ,First,#,complement_intersect,Toponymie_,-1,-1;sitgeo_X_1 'sitgeo_X_1' true true false 19 Double 6 18 ,First,#,complement_intersect,sitgeo_X_1,-1,-1;sitgeo_Y_1 'sitgeo_Y_1' true true false 19 Double 6 18 ,First,#,complement_intersect,sitgeo_Y_1,-1,-1;NOMARRO_1 'NOMARRO_1' true true false 20 Text 0 0 ,First,#,complement_intersect,NOMARRO_1,-1,-1"</Process><Process ToolSource="C:\Program Files\ArcGIS\ArcToolbox\Toolboxes\Data Management Tools.tbx\Merge" Date="20140117" Time="084838">Merge Localites_Senegal_2013;Ajouts_ANEV "E:\PROJETS\CR A GERER\LOC_SANS_TOPO\SHAPE\Localites_SN_2014.shp" "Admi1 'Admi1' true true false 4 Short 0 4 ,First,#,Localites_Senegal_2013,Admi1,-1,-1;Admi2 'Admi2' true true false 4 Short 0 4 ,First,#,Localites_Senegal_2013,Admi2,-1,-1;Admi3 'Admi3' true true false 4 Short 0 4 ,First,#,Localites_Senegal_2013,Admi3,-1,-1;Admi4 'Admi4' true true false 9 Long 0 9 ,First,#,Localites_Senegal_2013,Admi4,-1,-1;NOMREG 'NOMREG' true true false 20 Text 0 0 ,First,#,Localites_Senegal_2013,NOMREG,-1,-1;NOMDEP 'NOMDEP' true true false 20 Text 0 0 ,First,#,Localites_Senegal_2013,NOMDEP,-1,-1;NOM_ARRO 'NOM_ARRO' true true false 50 Text 0 0 ,First,#,Localites_Senegal_2013,NOM_ARRO,-1,-1;NOMCR 'NOMCR' true true false 20 Text 0 0 ,First,#,Localites_Senegal_2013,NOMCR,-1,-1;VILLAGE 'VILLAGE' true true false 254 Text 0 0 ,First,#,Localites_Senegal_2013,VILLAGE,-1,-1;X_COORD 'X_COORD' true true false 19 Double 6 18 ,First,#,Localites_Senegal_2013,X_COORD,-1,-1;Y_COORD 'Y_COORD' true true false 19 Double 6 18 ,First,#,Localites_Senegal_2013,Y_COORD,-1,-1;Toponymie 'Toponymie' true true false 25 Text 0 0 ,First,#,Localites_Senegal_2013,Toponymie,-1,-1;Region 'Region' true true false 254 Text 0 0 ,First,#,Ajouts_ANEV,Region,-1,-1;Départemen 'Départemen' true true false 254 Text 0 0 ,First,#,Ajouts_ANEV,Départemen,-1,-1;Arrondisse 'Arrondisse' true true false 254 Text 0 0 ,First,#,Ajouts_ANEV,Arrondisse,-1,-1;Communauté 'Communauté' true true false 254 Text 0 0 ,First,#,Ajouts_ANEV,Communauté,-1,-1;Nom_Villag 'Nom_Villag' true true false 254 Text 0 0 ,First,#,Ajouts_ANEV,Nom_Villag,-1,-1;sitgeo_X_1 'sitgeo_X_1' true true false 16 Double 6 15 ,First,#,Ajouts_ANEV,sitgeo_X_1,-1,-1;sitgeo_Y_1 'sitgeo_Y_1' true true false 16 Double 6 15 ,First,#,Ajouts_ANEV,sitgeo_Y_1,-1,-1"</Process><Process ToolSource="c:\program files (x86)\arcgis\desktop10.3\ArcToolbox\Toolboxes\Data Management Tools.tbx\Project" Date="20190418" Time="025114">Project Localités C:\Users\Admin\Desktop\Vecteurs_Sénégal\1\Localités.shp PROJCS['WGS_1984_UTM_Zone_28N',GEOGCS['GCS_WGS_1984',DATUM['D_WGS_1984',SPHEROID['WGS_1984',6378137.0,298.257223563]],PRIMEM['Greenwich',0.0],UNIT['Degree',0.0174532925199433]],PROJECTION['Transverse_Mercator'],PARAMETER['false_easting',500000.0],PARAMETER['false_northing',0.0],PARAMETER['central_meridian',-15.0],PARAMETER['scale_factor',0.9996],PARAMETER['latitude_of_origin',0.0],UNIT['Meter',1.0]] # PROJCS['WGS_1984_UTM_Zone_28N',GEOGCS['GCS_WGS_1984',DATUM['D_WGS_1984',SPHEROID['WGS_1984',6378137.0,298.257223563]],PRIMEM['Greenwich',0.0],UNIT['Degree',0.0174532925199433]],PROJECTION['Transverse_Mercator'],PARAMETER['false_easting',500000.0],PARAMETER['false_northing',0.0],PARAMETER['central_meridian',-15.0],PARAMETER['scale_factor',0.9996],PARAMETER['latitude_of_origin',0.0],UNIT['Meter',1.0]] NO_PRESERVE_SHAPE #</Process></lineage></DataProperties><SyncDate>20140117</SyncDate><SyncTime>08482300</SyncTime><ModDate>20140117</ModDate><ModTime>08482300</ModTime></Esri><idinfo><native Sync="TRUE">Microsoft Windows XP Version 5.1 (Build 2600) Service Pack 3; ESRI ArcCatalog 9.3.0.1770</native><descript><langdata Sync="TRUE">fr</langdata><abstract>REQUIRED: A brief narrative summary of the data set.</abstract><purpose>REQUIRED: A summary of the intentions with which the data set was developed.</purpose></descript><citation><citeinfo><origin>REQUIRED: The name of an organization or individual that developed the data set.</origin><pubdate>REQUIRED: The date when the data set is published or otherwise made available for release.</pubdate><title Sync="TRUE">Localites_SN_2014</title><ftname Sync="TRUE">Localites_SN_2014</ftname><geoform Sync="TRUE">vector digital data</geoform><onlink Sync="TRUE">\\CSE-53EAD1BE782\E$\PROJETS\CR A GERER\LOC_SANS_TOPO\SHAPE\Localites_SN_2014.shp</onlink></citeinfo></citation><timeperd><current>REQUIRED: The basis on which the time period of content information is determined.</current><timeinfo><sngdate><caldate>REQUIRED: The year (and optionally month, or month and day) for which the data set corresponds to the ground.</caldate></sngdate></timeinfo></timeperd><status><progress>REQUIRED: The state of the data set.</progress><update>REQUIRED: The frequency with which changes and additions are made to the data set after the initial data set is completed.</update></status><spdom><bounding><westbc Sync="TRUE">REQUIRED: Western-most coordinate of the limit of coverage expressed in longitude.</westbc><eastbc Sync="TRUE">REQUIRED: Eastern-most coordinate of the limit of coverage expressed in longitude.</eastbc><northbc Sync="TRUE">REQUIRED: Northern-most coordinate of the limit of coverage expressed in latitude.</northbc><southbc Sync="TRUE">REQUIRED: Southern-most coordinate of the limit of coverage expressed in latitude.</southbc></bounding></spdom><keywords><theme><themekt>REQUIRED: Reference to a formally registered thesaurus or a similar authoritative source of theme keywords.</themekt><themekey>REQUIRED: Common-use word or phrase used to describe the subject of the data set.</themekey></theme></keywords><accconst>REQUIRED: Restrictions and legal prerequisites for accessing the data set.</accconst><useconst>REQUIRED: Restrictions and legal prerequisites for using the data set after access is granted.</useconst><natvform Sync="TRUE">Shapefile</natvform></idinfo><dataIdInfo><envirDesc Sync="TRUE">Microsoft Windows XP Version 5.1 (Build 2600) Service Pack 3; ESRI ArcCatalog 9.3.0.1770</envirDesc><dataLang><languageCode Sync="TRUE" value="fr"></languageCode></dataLang><idCitation><resTitle Sync="TRUE">Localites_SN_2014</resTitle><presForm><PresFormCd Sync="TRUE" value="005"></PresFormCd></presForm></idCitation><spatRpType><SpatRepTypCd Sync="TRUE" value="001"></SpatRepTypCd></spatRpType></dataIdInfo><metainfo><langmeta Sync="TRUE">fr</langmeta><metstdn Sync="TRUE">FGDC Content Standards for Digital Geospatial Metadata</metstdn><metstdv Sync="TRUE">FGDC-STD-001-1998</metstdv><mettc Sync="TRUE">local time</mettc><metc><cntinfo><cntorgp><cntper>REQUIRED: The person responsible for the metadata information.</cntper><cntorg>REQUIRED: The organization responsible for the metadata information.</cntorg></cntorgp><cntaddr><addrtype>REQUIRED: The mailing and/or physical address for the organization or individual.</addrtype><city>REQUIRED: The city of the address.</city><state>REQUIRED: The state or province of the address.</state><postal>REQUIRED: The ZIP or other postal code of the address.</postal></cntaddr><cntvoice>REQUIRED: The telephone number by which individuals can speak to the organization or individual.</cntvoice></cntinfo></metc><metd Sync="TRUE">20140117</metd><metextns><onlink Sync="TRUE">http://www.esri.com/metadata/esriprof80.html</onlink><metprof Sync="TRUE">ESRI Metadata Profile</metprof></metextns></metainfo><mdLang><languageCode Sync="TRUE" value="fr"></languageCode></mdLang><mdStanName Sync="TRUE">ISO 19115 Geographic Information - Metadata</mdStanName><mdStanVer Sync="TRUE">DIS_ESRI1.0</mdStanVer><mdChar><CharSetCd Sync="TRUE" value="004"></CharSetCd></mdChar><mdHrLv><ScopeCd Sync="TRUE" value="005"></ScopeCd></mdHrLv><mdHrLvName Sync="TRUE">dataset</mdHrLvName><distinfo><resdesc Sync="TRUE">Downloadable Data</resdesc><stdorder><digform><digtinfo><transize Sync="TRUE">0,000</transize><dssize Sync="TRUE">0,000</dssize></digtinfo></digform></stdorder></distinfo><distInfo><distributor><distorTran><onLineSrc><orDesc Sync="TRUE">002</orDesc><linkage Sync="TRUE">file://\\CSE-53EAD1BE782\E$\PROJETS\CR A GERER\LOC_SANS_TOPO\SHAPE\Localites_SN_2014.shp</linkage><protocol Sync="TRUE">Local Area Network</protocol></onLineSrc><transSize Sync="TRUE">0,000</transSize></distorTran><distorFormat><formatName Sync="TRUE">Shapefile</formatName></distorFormat></distributor></distInfo><spdoinfo><direct Sync="TRUE">Vector</direct><ptvctinf><esriterm Name="Localites_SN_2014"><efeatyp Sync="TRUE">Simple</efeatyp><efeageom Sync="TRUE">Point</efeageom><esritopo Sync="TRUE">FALSE</esritopo><efeacnt Sync="TRUE">0</efeacnt><spindex Sync="TRUE">FALSE</spindex><linrefer Sync="TRUE">FALSE</linrefer></esriterm><sdtsterm Name="Localites_SN_2014"><sdtstype Sync="TRUE">Entity point</sdtstype><ptvctcnt Sync="TRUE">0</ptvctcnt></sdtsterm></ptvctinf></spdoinfo><spref><horizsys><cordsysn><geogcsn Sync="TRUE">GCS_WGS_1984</geogcsn><projcsn Sync="TRUE">WGS_1984_UTM_Zone_28N</projcsn></cordsysn><planar><planci><plance Sync="TRUE">coordinate pair</plance><plandu Sync="TRUE">meters</plandu><coordrep><absres Sync="TRUE">0.000000</absres><ordres Sync="TRUE">0.000000</ordres></coordrep></planci><gridsys><gridsysn Sync="TRUE">Universal Transverse Mercator</gridsysn><utm><utmzone Sync="TRUE">28</utmzone><transmer><sfctrmer Sync="TRUE">0.999600</sfctrmer><longcm Sync="TRUE">-15.000000</longcm><latprjo Sync="TRUE">0.000000</latprjo><feast Sync="TRUE">500000.000000</feast><fnorth Sync="TRUE">0.000000</fnorth></transmer></utm></gridsys></planar><geodetic><horizdn Sync="TRUE">D_WGS_1984</horizdn><ellips Sync="TRUE">WGS_1984</ellips><semiaxis Sync="TRUE">6378137.000000</semiaxis><denflat Sync="TRUE">298.257224</denflat></geodetic></horizsys></spref><refSysInfo><RefSystem><refSysID><identCode Sync="TRUE">WGS_1984_UTM_Zone_28N</identCode></refSysID></RefSystem></refSysInfo><spatRepInfo><VectSpatRep><topLvl><TopoLevCd Sync="TRUE" value="001"></TopoLevCd></topLvl><geometObjs Name="Localites_SN_2014"><geoObjTyp><GeoObjTypCd Sync="TRUE" value="004"></GeoObjTypCd></geoObjTyp><geoObjCnt Sync="TRUE">0</geoObjCnt></geometObjs></VectSpatRep></spatRepInfo><eainfo><detailed Name="Localites_SN_2014"><enttyp><enttypl Sync="TRUE">Localites_SN_2014</enttypl><enttypt Sync="TRUE">Feature Class</enttypt><enttypc Sync="TRUE">0</enttypc></enttyp><attr><attrlabl Sync="TRUE">FID</attrlabl><attalias Sync="TRUE">FID</attalias><attrtype Sync="TRUE">OID</attrtype><attwidth Sync="TRUE">4</attwidth><atprecis Sync="TRUE">0</atprecis><attscale Sync="TRUE">0</attscale><attrdef Sync="TRUE">Internal feature number.</attrdef><attrdefs Sync="TRUE">ESRI</attrdefs><attrdomv><udom Sync="TRUE">Sequential unique whole numbers that are automatically generated.</udom></attrdomv></attr><attr><attrlabl Sync="TRUE">Shape</attrlabl><attalias Sync="TRUE">Shape</attalias><attrtype Sync="TRUE">Geometry</attrtype><attwidth Sync="TRUE">0</attwidth><atprecis Sync="TRUE">0</atprecis><attscale Sync="TRUE">0</attscale><attrdef Sync="TRUE">Feature geometry.</attrdef><attrdefs Sync="TRUE">ESRI</attrdefs><attrdomv><udom Sync="TRUE">Coordinates defining the features.</udom></attrdomv></attr><attr><attrlabl Sync="TRUE">Admi1</attrlabl><attalias Sync="TRUE">Admi1</attalias><attrtype Sync="TRUE">Number</attrtype><attwidth Sync="TRUE">4</attwidth></attr><attr><attrlabl Sync="TRUE">Admi2</attrlabl><attalias Sync="TRUE">Admi2</attalias><attrtype Sync="TRUE">Number</attrtype><attwidth Sync="TRUE">4</attwidth></attr><attr><attrlabl Sync="TRUE">Admi3</attrlabl><attalias Sync="TRUE">Admi3</attalias><attrtype Sync="TRUE">Number</attrtype><attwidth Sync="TRUE">4</attwidth></attr><attr><attrlabl Sync="TRUE">Admi4</attrlabl><attalias Sync="TRUE">Admi4</attalias><attrtype Sync="TRUE">Number</attrtype><attwidth Sync="TRUE">9</attwidth></attr><attr><attrlabl Sync="TRUE">NOMREG</attrlabl><attalias Sync="TRUE">NOMREG</attalias><attrtype Sync="TRUE">String</attrtype><attwidth Sync="TRUE">20</attwidth></attr><attr><attrlabl Sync="TRUE">NOMDEP</attrlabl><attalias Sync="TRUE">NOMDEP</attalias><attrtype Sync="TRUE">String</attrtype><attwidth Sync="TRUE">20</attwidth></attr><attr><attrlabl Sync="TRUE">Toponymie</attrlabl><attalias Sync="TRUE">Toponymie</attalias><attrtype Sync="TRUE">String</attrtype><attwidth Sync="TRUE">25</attwidth></attr><attr><attrlabl Sync="TRUE">NOM_ARRO</attrlabl><attalias Sync="TRUE">NOM_ARRO</attalias><attrtype Sync="TRUE">String</attrtype><attwidth Sync="TRUE">50</attwidth></attr><attr><attrlabl Sync="TRUE">NOMCR</attrlabl><attalias Sync="TRUE">NOMCR</attalias><attrtype Sync="TRUE">String</attrtype><attwidth Sync="TRUE">20</attwidth></attr><attr><attrlabl Sync="TRUE">VILLAGE</attrlabl><attalias Sync="TRUE">VILLAGE</attalias><attrtype Sync="TRUE">String</attrtype><attwidth Sync="TRUE">254</attwidth></attr><attr><attrlabl Sync="TRUE">X_COORD</attrlabl><attalias Sync="TRUE">X_COORD</attalias><attrtype Sync="TRUE">Number</attrtype><attwidth Sync="TRUE">19</attwidth><atnumdec Sync="TRUE">6</atnumdec></attr><attr><attrlabl Sync="TRUE">Y_COORD</attrlabl><attalias Sync="TRUE">Y_COORD</attalias><attrtype Sync="TRUE">Number</attrtype><attwidth Sync="TRUE">19</attwidth><atnumdec Sync="TRUE">6</atnumdec></attr><attr><attrlabl Sync="TRUE">Region</attrlabl><attalias Sync="TRUE">Region</attalias><attrtype Sync="TRUE">String</attrtype><attwidth Sync="TRUE">254</attwidth></attr><attr><attrlabl Sync="TRUE">Départemen</attrlabl><attalias Sync="TRUE">Départemen</attalias><attrtype Sync="TRUE">String</attrtype><attwidth Sync="TRUE">254</attwidth></attr><attr><attrlabl Sync="TRUE">Arrondisse</attrlabl><attalias Sync="TRUE">Arrondisse</attalias><attrtype Sync="TRUE">String</attrtype><attwidth Sync="TRUE">254</attwidth></attr><attr><attrlabl Sync="TRUE">Communauté</attrlabl><attalias Sync="TRUE">Communauté</attalias><attrtype Sync="TRUE">String</attrtype><attwidth Sync="TRUE">254</attwidth></attr><attr><attrlabl Sync="TRUE">Nom_villag</attrlabl><attalias Sync="TRUE">Nom_Villag</attalias><attrtype Sync="TRUE">String</attrtype><attwidth Sync="TRUE">254</attwidth><atprecis Sync="TRUE">0</atprecis><attscale Sync="TRUE">0</attscale></attr><attr><attrlabl Sync="TRUE">sitgeo_X_1</attrlabl><attalias Sync="TRUE">sitgeo_X_1</attalias><attrtype Sync="TRUE">Number</attrtype><attwidth Sync="TRUE">16</attwidth><atnumdec Sync="TRUE">6</atnumdec></attr><attr><attrlabl Sync="TRUE">sitgeo_Y_1</attrlabl><attalias Sync="TRUE">sitgeo_Y_1</attalias><attrtype Sync="TRUE">Number</attrtype><attwidth Sync="TRUE">16</attwidth><atnumdec Sync="TRUE">6</atnumdec></attr></detailed></eainfo><mdDateSt Sync="TRUE">20140117</mdDateSt><dataqual><lineage><procstep><procdesc Sync="TRUE">Dataset copied.</procdesc><srcused Sync="TRUE"></srcused><procdate Sync="TRUE">20130731</procdate><proctime Sync="TRUE">11450700</proctime></procstep><procstep><procdesc Sync="TRUE">Dataset copied.</procdesc><srcused Sync="TRUE"></srcused><procdate Sync="TRUE">20130731</procdate><proctime Sync="TRUE">12072200</proctime></procstep><procstep><procdesc Sync="TRUE">Dataset copied.</procdesc><srcused Sync="TRUE"></srcused><procdate Sync="TRUE">20130923</procdate><proctime Sync="TRUE">11331500</proctime></procstep><procstep><procdesc Sync="TRUE">Dataset copied.</procdesc><srcused Sync="TRUE"></srcused><procdate Sync="TRUE">20131003</procdate><proctime Sync="TRUE">09433300</proctime></procstep></lineage></dataqual></metadata>
