,traffic_type,traffic_direction,msisdn,call_date,call_time,duree,ms_location
521,VOIX,ENTRANT,d65862c2b2c34aefb070a708718426b3,20210831,155425,35.0,
737,VOIX,SORTANT,5757c99a52d73d9b3e563a0046add2ee,20210927,84858,105.0,
740,VOIX,SORTANT,ed36b9182948943432386fa422a084b1,20210927,93346,110.0,
660,VOIX,SORTANT,bdc6d7893af482720b45eb6258f07fd3,20210924,105042,21.0,
411,VOIX,SORTANT,fe090e5a588ca62bdbff8e807d04e475,20210816,125249,138.0,
678,VOIX,ENTRANT,8377cb16fe40aa057281508152f2b0b3,20210924,190657,6.0,
626,VOIX,SORTANT,9526e47b093153ee6f99346bbdcf0666,20210923,4727,8.0,
513,SMS,ENTRANT,762c0e7d1739e90218bdf59fb8ba2cdb,20210831,230414,1.0,
859,VOIX,ENTRANT,52525adbe3f6530701c0f5cde857ad3a,20211018,80856,33.0,
136,VOIX,ENTRANT,12291bd303c430be29adc54bee5a1d52,20210727,103757,8.0,
811,VOIX,SORTANT,fbe6d03f611ee00ce872252b01f2929c,20211017,124454,100.0,
76,VOIX,SORTANT,218f27a309d6b19bd9d83c2da0a39db7,20210712,154623,47.0,
636,VOIX,ENTRANT,a1fb7e435f78938693cd0b5b272189de,20210923,130655,420.0,
973,VOIX,SORTANT,09d956a5d62968b6671eff9f406e3def,20211028,134340,1.0,
938,VOIX,ENTRANT,5e68472b8ed3c64ac1ffbfce38a8455e,20211025,93800,14.0,
899,VOIX,ENTRANT,c429190142142c3e9ff63d9f550d150a,20211025,194217,3.0,
280,VOIX,SORTANT,eb579619ca0980a8de579314ccc5bbbf,20210812,133636,303.0,
883,VOIX,SORTANT,cfb203a4e03ccc305fba93d2731e6950,20211018,222011,32.0,
761,VOIX,ENTRANT,453df3c91e24143f6699c007ec811dd4,20211013,134352,83.0,
319,SMS,ENTRANT,131cd5280ac83fc03e90a049c9b87945,20210812,130441,1.0,
549,VOIX,SORTANT,129ae8b7a68f074cedcb812a935b2cb6,20210902,113738,119.0,
174,VOIX,SORTANT,0e235c474eacc1ebdc6ebe4eb5034fcb,20210728,175818,126.0,
371,VOIX,ENTRANT,05cd804e99d630926cea5ff997751115,20210814,201236,2.0,
527,VOIX,ENTRANT,71f38eb17ee9b826e85f467a3c716c70,20210831,94615,7.0,
210,VOIX,ENTRANT,37959a4d67ea081a4b06c555dfe4e45a,20210729,182029,132.0,
235,VOIX,ENTRANT,77f0694d6b92cc08a8bf50e3c6596b8d,20210729,104112,151.0,
101,VOIX,SORTANT,fc1945b3384ccd6856bc84dd929ce89b,20210715,85418,6.0,
986,VOIX,SORTANT,cc7d32cbc93d64a4580cceacf493e2f2,20211028,205653,409.0,
902,VOIX,ENTRANT,448ad1ba9b92f6f86927c82a182b10e6,20211025,164328,21.0,
947,VOIX,ENTRANT,9a45432d1cef070e28a125045d7a7a47,20211025,195321,8.0,
346,VOIX,SORTANT,284bd591392e7ac6a0f554e52ad57968,20210814,134408,175.0,
139,VOIX,SORTANT,b80192599927655a195431a02768e48d,20210727,114040,59.0,
621,VOIX,ENTRANT,22c8e0430910d11dee087df3b44e5c92,20210923,134740,144.0,
499,VOIX,SORTANT,d313967ef63a912a7bbf7b67da98860c,20210831,115636,12.0,
370,VOIX,SORTANT,ffa969b914c5b9e0f3b67e5d26dd5283,20210814,123302,313.0,
198,VOIX,ENTRANT,12a627b30da5fa58be5fa2b25189e617,20210729,111653,2.0,
687,VOIX,SORTANT,a7609996c05f8169b0d87e8f5ab1d688,20210924,202626,53.0,
584,VOIX,SORTANT,54db92cf5d6d23763e8b82f3341fc892,20210902,111840,23.0,
901,VOIX,ENTRANT,2ef1c297483a39f453eae8528e62178e,20211025,173453,3.0,
59,VOIX,SORTANT,03c33ba475b9f09acb4ec9bd61dcca1a,20210712,84426,50.0,
328,SMS,ENTRANT,4a171a725d78f2775a77acd03704a138,20210812,195810,1.0,
96,SMS,SORTANT,572aba0d67ce52e72aafac6720f4ccc7,20210715,223921,1.0,
312,VOIX,ENTRANT,e9f38cb18a95e01a1ce97c5e8a66c057,20210812,190935,125.0,
974,VOIX,SORTANT,9b2f237a37f3543c5d9f2e85a0370760,20211028,100436,35.0,
299,VOIX,SORTANT,c38e3d451231bdc00a9ee32975d5c479,20210812,214301,20.0,
277,VOIX,ENTRANT,126be5169f7b7d523e6d835b8c19440e,20210729,95146,3.0,
924,VOIX,SORTANT,b044782237edce36da0722473d07f039,20211025,122606,8.0,
601,VOIX,ENTRANT,0d49d7c134e957a38063f4ba0857ce6e,20210923,131142,108.0,
439,VOIX,ENTRANT,a34549dd190bd99d19b9c05b95cffb81,20210830,142539,65.0,
837,VOIX,SORTANT,7122edf012582b33563f2bccb07053f5,20211017,94428,272.0,
570,VOIX,ENTRANT,315a79b04b78e77bdea30e22142e1bb6,20210902,163932,53.0,
879,VOIX,SORTANT,ce3e3a8ab2a5390a8a37f871e1e3ce8f,20211018,103057,20.0,
261,VOIX,SORTANT,02332b360ac1dffd12a46c43f21ea695,20210729,142417,24.0,
578,SMS,SORTANT,a81bcaa1df770204261e04606d5d15b0,20210902,75514,1.0,
23,VOIX,ENTRANT,79fd251aa08de226e78681df95369aab,20210707,135442,20.0,
30,VOIX,SORTANT,49544741584ff135fce01ee17fda6ee3,20210707,104951,10.0,
617,VOIX,ENTRANT,7ce5790fe0d1e3ce6316932df08d7bbf,20210923,182343,11.0,
10,VOIX,ENTRANT,446192388a70eeaaa524e7fb897041f1,20210707,152800,49.0,
221,VOIX,ENTRANT,8c62f2d88b83a5ca562f8c83b63ceaee,20210729,132916,53.0,
820,VOIX,SORTANT,83066c549149d7ee5768ea48e01a1131,20211017,190755,42.0,
296,VOIX,ENTRANT,1155d92b52b7f1a72cec7836b3ce007d,20210812,171258,4.0,
54,VOIX,ENTRANT,e9f38cb18a95e01a1ce97c5e8a66c057,20210712,130449,720.0,
542,SMS,ENTRANT,23cbbe59a0e3a160f3a37009fb052dff,20210831,81647,1.0,
209,VOIX,SORTANT,f69c7d26d43becc53192bd7fcbbf0ea3,20210729,195449,49.0,
604,VOIX,ENTRANT,661fb1a8c5b16aec799309e3ae87020c,20210923,102936,4.0,
692,VOIX,ENTRANT,1a6b15af677fa18626e531426df5259a,20210924,230111,13.0,
662,VOIX,ENTRANT,05cd804e99d630926cea5ff997751115,20210924,105115,4.0,
866,VOIX,SORTANT,c18ec9a730f862b0a4df51bedfcedc65,20211018,92421,19.0,
70,VOIX,SORTANT,620b06117fb44dd9c14f3bce15eec086,20210712,111604,155.0,
543,VOIX,ENTRANT,8c334088ea8a9758f710b25bfef3a98e,20210831,183501,29.0,
107,VOIX,SORTANT,1c682f98717fbbf1e00cd27b3be662ee,20210715,210113,15.0,
493,VOIX,ENTRANT,505204a92de1d283ac9bff3f073a10e4,20210830,222044,55.0,
590,VOIX,SORTANT,239e50af607fe82b58b31ad43589c4be,20210902,115151,1.0,
741,VOIX,ENTRANT,17fbd4329a910b1c311a6e9c7dd715ed,20210927,110415,66.0,
292,VOIX,SORTANT,c49b1214e406e79cde6a3a549d4cf175,20210812,173736,43.0,
289,VOIX,SORTANT,2260c6c78e9cbddbff520692b163ad0d,20210812,203809,259.0,
652,VOIX,SORTANT,c5e9eb29b05fd1d10ca7b244fa52b6a7,20210924,120535,83.0,
39,VOIX,ENTRANT,ad9dcc8446cac7b3f3c31af97d1efb48,20210707,153017,4.0,
589,VOIX,ENTRANT,8987939af14863c2855585ec3ce5285e,20210902,170224,4.0,
307,VOIX,ENTRANT,400c7973f6f68ba4d43452672ecf5e92,20210812,174128,8.0,
679,VOIX,ENTRANT,c49b1214e406e79cde6a3a549d4cf175,20210924,153803,4.0,
66,VOIX,SORTANT,68bde855893cf23a4bea4794b717e44c,20210712,185705,73.0,
275,VOIX,ENTRANT,80d530c08fd5e9bd71a745fb5e0e4889,20210729,201413,30.0,
67,VOIX,ENTRANT,b98ade566222f3c12f355430fadd8796,20210712,185911,1.0,
318,VOIX,ENTRANT,f49356c2ba9093114ec41baf9338a6a4,20210812,195406,88.0,
548,VOIX,ENTRANT,aa097616cf20301eba0aa0df278b61ca,20210831,120911,45.0,
998,VOIX,ENTRANT,b69d1fbd0f7c2dbe76f3ad79ab8c01b8,20211103,200607,17.0,
714,VOIX,ENTRANT,a3aa4c9d8b6f29bbb67139f9acd3923d,20210927,131757,88.0,
753,VOIX,ENTRANT,5d8a33a4710f38dae8825732bcb0444d,20211013,205709,21.0,
327,VOIX,ENTRANT,c14c4ac3bbe191881131c39c86002651,20210812,92635,62.0,
382,VOIX,ENTRANT,d6381e7310c388bac96b797d30cd07d1,20210814,134357,32.0,
451,VOIX,ENTRANT,0d61ac28e151cbc27253ea742ef3fc99,20210830,221812,297.0,
522,VOIX,SORTANT,cf2d4307d437bf607c67b156e34e9738,20210831,195012,58.0,
218,VOIX,SORTANT,6a1c6df16da24bb49872dcdee4d2f4af,20210729,100422,94.0,
787,VOIX,ENTRANT,13949f9919154c7d955086844bee41e7,20211013,223751,4.0,
436,SMS,SORTANT,9b0e38fbd92d3d7418d503f2701eebbb,20210816,155641,1.0,
764,VOIX,ENTRANT,33fa012e15e24782c67e963c44cf8e1c,20211013,204127,1265.0,
88,VOIX,ENTRANT,48050e8b8dbfd59d3af1c8627975c3ed,20210715,111759,614.0,
63,VOIX,ENTRANT,7122edf012582b33563f2bccb07053f5,20210712,142613,5.0,
826,VOIX,SORTANT,5989cf678d636ec12cccb1d88aff3bca,20211017,205600,19.0,
716,VOIX,SORTANT,90080a51f2839368efa0d1bb444af7ce,20210927,122237,60.0,
351,VOIX,ENTRANT,4e9f62ef02c65c79c8247bf5891a5863,20210814,154442,16.0,
936,VOIX,SORTANT,fc287d66ee5d20229975503224b22a3d,20211025,132007,19.0,
256,VOIX,ENTRANT,cf4ce9af798785a5e5a7dc8058df6229,20210729,191641,26.0,
635,VOIX,ENTRANT,c906f51806244b2be048f424623fc11c,20210923,82140,66.0,
644,VOIX,ENTRANT,8c62f2d88b83a5ca562f8c83b63ceaee,20210923,130255,7.0,
554,VOIX,SORTANT,b9f207ac14da0ecc1309ac0ec91357d0,20210902,154310,183.0,
959,VOIX,SORTANT,6f414e2e6bd82c9b27ccf70ea901df35,20211028,151052,38.0,
168,VOIX,ENTRANT,6175404e4e8541c8115239dac6bea761,20210728,114440,19.0,
917,VOIX,ENTRANT,2ef1c297483a39f453eae8528e62178e,20211025,185313,3.0,
528,VOIX,SORTANT,fbe59dbce0374e5c3ec03bc009b31819,20210831,172347,30.0,
823,VOIX,ENTRANT,df33235b9a72616766e01e82b59785ce,20211017,201433,4.0,
985,SMS,SORTANT,c893d91c5f77cf8ffd4c6c8fbc09277e,20211028,83949,1.0,
816,VOIX,ENTRANT,026b0a68fda2c6c3de3cd93c2976ae4c,20211017,184511,79.0,
86,VOIX,ENTRANT,0d49d7c134e957a38063f4ba0857ce6e,20210715,80038,12.0,
432,VOIX,SORTANT,ba86304e1faed72411e78a72f4fe6a49,20210816,142522,20.0,
184,VOIX,SORTANT,be492bf5c2e8b03bd28045801d4fd6a6,20210728,120623,63.0,
978,VOIX,SORTANT,bc090192d6e6ee288065e2b9940e86ae,20211028,140555,15.0,
534,VOIX,ENTRANT,aadae5c9c28a1b77584de3575ff6620d,20210831,104515,22.0,
294,VOIX,SORTANT,0f059101b09ac9c6b386e4cb5406c96e,20210812,210706,6.0,
892,VOIX,SORTANT,c6d6b880181f69225d8e8e26ae10f9b4,20211018,111121,132.0,
425,VOIX,SORTANT,8c62f2d88b83a5ca562f8c83b63ceaee,20210816,75610,32.0,
713,VOIX,ENTRANT,bed633a1c0e8b076e7502e11e085ce99,20210927,183127,82.0,
260,VOIX,SORTANT,d93c1224f4bd16bfe8cbedcdbcd21bb6,20210729,185410,169.0,
237,VOIX,ENTRANT,fa27da797203acf4ce7235a8e9dd8462,20210729,140734,51.0,
559,VOIX,ENTRANT,c4ff127d487e615514c1d164d0c5e65c,20210902,100114,72.0,
583,VOIX,ENTRANT,86f648f977e7ee9bb30f6870b1972c2d,20210902,92626,20.0,
445,VOIX,ENTRANT,9801b6d3294dabcb21d78d10d59e8f4f,20210830,224909,35.0,
867,VOIX,ENTRANT,8ba8b9899ae524f375d4cae69db0f3c1,20211018,95458,1.0,
800,VOIX,ENTRANT,415522f749d0e2dfdb237f2700a5306b,20211017,224902,1202.0,
599,VOIX,ENTRANT,49544741584ff135fce01ee17fda6ee3,20210902,135943,18.0,
849,VOIX,ENTRANT,32c4ef89459c782a2f4826f5b6f8fefb,20211017,165052,223.0,
265,VOIX,SORTANT,c4ff127d487e615514c1d164d0c5e65c,20210729,232205,56.0,
995,VOIX,ENTRANT,410d3c47dff5bd6abf21f0bcce38d882,20211103,170501,14.0,
529,VOIX,ENTRANT,fdaa050d44f8db589e4371fbe3984407,20210831,102840,9.0,
55,VOIX,SORTANT,f4ca5f8daade4e2e383396bf41f52ded,20210712,214851,108.0,
120,SMS,ENTRANT,f3909dc4f984fe869328776543eff0fd,20210727,151003,1.0,
215,VOIX,ENTRANT,3fb35144345dd5fb364778ecc7024643,20210729,115631,62.0,
25,VOIX,SORTANT,5f3ee265abd582a668a17b04ca878813,20210707,95300,60.0,
72,VOIX,ENTRANT,2126b4fc133ae28230a7ec9ae2c584fc,20210712,160917,150.0,
44,VOIX,ENTRANT,cf2d4307d437bf607c67b156e34e9738,20210712,113658,81.0,
247,VOIX,ENTRANT,fba1988ecc780c88e470a581fb76421b,20210729,220750,1.0,
721,VOIX,ENTRANT,6479156b93557200d8540c067cf6c4e5,20210927,143228,3.0,
281,VOIX,SORTANT,15b4572a77f54fbe29a2ac2de3a8b022,20210812,133718,20.0,
893,VOIX,ENTRANT,ed287d7c33cd90a66cbe5e35bb087dc0,20211018,144217,14.0,
914,VOIX,ENTRANT,aa097616cf20301eba0aa0df278b61ca,20211025,184649,28.0,
810,VOIX,ENTRANT,c5ff4a64f4a70c00e655767e37d98310,20211017,214212,257.0,
244,VOIX,ENTRANT,c4ff127d487e615514c1d164d0c5e65c,20210729,202403,30.0,
822,VOIX,ENTRANT,ca95b7c138c2be9835f83c8108f473dc,20211017,182950,2.0,
321,VOIX,SORTANT,f47afa1aa299435f0e610220cec56e2c,20210812,90120,14.0,
643,VOIX,ENTRANT,9800855dbb258c05b874c424cd771856,20210923,120751,13.0,
158,VOIX,ENTRANT,fb7c378b0f6a13039b674bf38009d7c2,20210728,202808,2.0,
977,VOIX,ENTRANT,c49b1214e406e79cde6a3a549d4cf175,20211028,162725,2.0,
429,VOIX,ENTRANT,03c33ba475b9f09acb4ec9bd61dcca1a,20210816,184404,4.0,
941,VOIX,SORTANT,266a4928aef3a5e1c05e2277d08f0d4b,20211025,111401,22.0,
462,VOIX,ENTRANT,5e68472b8ed3c64ac1ffbfce38a8455e,20210830,81209,40.0,
309,VOIX,ENTRANT,5f3ee265abd582a668a17b04ca878813,20210812,125144,4.0,
697,VOIX,ENTRANT,125a7df0e52d7a1ef0b6511ec6399996,20210924,151700,252.0,
60,VOIX,ENTRANT,7341d16ca03349cea74242c231f13f43,20210712,155804,67.0,
884,VOIX,SORTANT,7ce5790fe0d1e3ce6316932df08d7bbf,20211018,153151,62.0,
595,VOIX,SORTANT,be267a4f8fb5b2487ba1ebcbbe7d3492,20210902,162619,2.0,
767,VOIX,ENTRANT,23cbbe59a0e3a160f3a37009fb052dff,20211013,144722,190.0,
649,VOIX,SORTANT,a1acbf3f42365056d1540b708e03909f,20210923,114607,12.0,
650,VOIX,SORTANT,ed83618de84e1c5ed291cc4c3ced0f57,20210923,104409,34.0,
865,VOIX,SORTANT,ce3e3a8ab2a5390a8a37f871e1e3ce8f,20211018,133009,29.0,
668,VOIX,ENTRANT,b2bf9486e2c26922006accc9581315aa,20210924,92345,351.0,
298,VOIX,ENTRANT,6fa96e57934095f0529bac29f31647fe,20210812,131029,14.0,
689,VOIX,SORTANT,56194b9e622d73ece7c17e0db0a490a7,20210924,141143,3.0,
314,SMS,SORTANT,4a171a725d78f2775a77acd03704a138,20210812,193126,1.0,
310,SMS,SORTANT,918fe2a149dd2acf2cdf5da149177365,20210812,222324,1.0,
361,VOIX,SORTANT,37959a4d67ea081a4b06c555dfe4e45a,20210814,140702,48.0,
479,VOIX,ENTRANT,9a45432d1cef070e28a125045d7a7a47,20210830,190320,7.0,
110,VOIX,SORTANT,a49e2ca98f7ca2f9fbed5e30e89efbc1,20210715,220834,22.0,
989,VOIX,SORTANT,c07e829e2b9fc25e86a3f761ac9f96db,20211028,81429,17.0,
486,VOIX,ENTRANT,2ba34cb3fa9c4388768884b78c253181,20210830,203318,59.0,
363,VOIX,SORTANT,3ee92a198ae3330a9c5d7b9c62d143f8,20210814,194857,56.0,
254,VOIX,ENTRANT,83066c549149d7ee5768ea48e01a1131,20210729,102707,101.0,
259,VOIX,SORTANT,3805557cbe1a49b2ae251229fe55df06,20210729,122608,180.0,
802,VOIX,ENTRANT,d313967ef63a912a7bbf7b67da98860c,20211017,112322,4.0,
677,SMS,SORTANT,3c645765b0b320478874a528635f3fc9,20210924,224043,1.0,
494,VOIX,SORTANT,8f7d06193360d75bf335a00468c56703,20210830,151705,56.0,
670,VOIX,ENTRANT,b9f207ac14da0ecc1309ac0ec91357d0,20210924,142106,4.0,
377,VOIX,ENTRANT,01ea01f8732c67d8d2f4bcf2526face7,20210814,194158,24.0,
526,VOIX,ENTRANT,d0553ffbee0ef4e6c1e765b3a0d9dc29,20210831,202154,6.0,
845,VOIX,SORTANT,2e1a82c4179798fa73a02a5c8f464a25,20211017,144054,1.0,
137,VOIX,ENTRANT,23a685ed90580d5db5857c2cc4882358,20210727,212905,45.0,
355,VOIX,ENTRANT,e9f38cb18a95e01a1ce97c5e8a66c057,20210814,94402,463.0,
365,VOIX,SORTANT,41a8b0a7cb43186a76a4c6a51390a367,20210814,183312,20.0,
942,VOIX,ENTRANT,61385c2c32ddb3186fbfc952c242498b,20211025,105248,155.0,
749,VOIX,ENTRANT,fcf669a9b90be864557fcdd3f2703d4f,20210927,165557,3.0,
948,VOIX,ENTRANT,db7c5962e2c1388620cdad9293c1303b,20211025,101116,52.0,
829,VOIX,ENTRANT,32c4ef89459c782a2f4826f5b6f8fefb,20211017,93356,10.0,
656,VOIX,ENTRANT,88d7b6e00efc9920344fb13623928ed1,20210924,104246,4.0,
199,VOIX,ENTRANT,9babdd75287f3780cae41c6dd9b60904,20210729,143055,3.0,
213,VOIX,ENTRANT,2678131db1db82151de4b476309c7c65,20210729,84737,21.0,
408,VOIX,ENTRANT,f00ded117d29d3813ee54dbf137ced7a,20210816,93743,8.0,
332,VOIX,SORTANT,244edd234f7a2581cec14a9c84937325,20210812,195424,31.0,
208,VOIX,ENTRANT,ba87e70b5b4228561d982df2418a2ded,20210729,103053,4.0,
613,VOIX,ENTRANT,5989cf678d636ec12cccb1d88aff3bca,20210923,1257,4.0,
78,VOIX,ENTRANT,0c06a18d49c2cae82be307a11365ba56,20210712,194511,145.0,
29,VOIX,ENTRANT,c49b1214e406e79cde6a3a549d4cf175,20210707,161813,93.0,
535,VOIX,SORTANT,8655f13833c0dd0e19b6e425ea6f5573,20210831,123131,4.0,
695,VOIX,ENTRANT,6fe0664913f255cbeb4a589fd036ac98,20210924,164843,10.0,
557,VOIX,ENTRANT,bf43888c0d0c6b8c7391aab121da5f25,20210902,85200,7.0,
836,VOIX,ENTRANT,ca61dad7003925b44d2b79f2e09254a7,20211017,182320,179.0,
596,VOIX,SORTANT,8bbbc1bcc67263da849e10e3777b54b5,20210902,211222,22.0,
165,VOIX,SORTANT,fc1945b3384ccd6856bc84dd929ce89b,20210728,175440,35.0,
918,VOIX,ENTRANT,d828cad5351367585e365c4ab530f92d,20211025,193348,4.0,
495,VOIX,SORTANT,49544741584ff135fce01ee17fda6ee3,20210831,81359,11.0,
824,VOIX,ENTRANT,0d61ac28e151cbc27253ea742ef3fc99,20211017,113322,7.0,
65,VOIX,SORTANT,f207abad96f15c7a28da96f4ef704a3e,20210712,181416,39.0,
141,VOIX,ENTRANT,1155d92b52b7f1a72cec7836b3ce007d,20210727,2330,4.0,
925,VOIX,ENTRANT,ff4ed5340a54d9d8afb3dd8980df3fe5,20211025,161135,4.0,
827,VOIX,SORTANT,7ce5790fe0d1e3ce6316932df08d7bbf,20211017,234759,17.0,
655,VOIX,ENTRANT,be6ea438adc17938028069e1f0cda8e7,20210924,173720,17.0,
331,VOIX,SORTANT,3ee92a198ae3330a9c5d7b9c62d143f8,20210812,161057,578.0,
664,VOIX,ENTRANT,f836fbd92e1c92923b5c1a5382a8ad4c,20210924,184114,4.0,
249,VOIX,SORTANT,762c0e7d1739e90218bdf59fb8ba2cdb,20210729,105913,18.0,
907,VOIX,SORTANT,c38e3d451231bdc00a9ee32975d5c479,20211025,193037,70.0,
708,VOIX,ENTRANT,8377cb16fe40aa057281508152f2b0b3,20210924,153104,21.0,
305,VOIX,ENTRANT,b7bbc4af8e27549bef5369c9173e8398,20210812,143324,3.0,
734,VOIX,SORTANT,61ef204ab959079c6d582ac0380966f9,20210927,104451,19.0,
975,VOIX,ENTRANT,35a67512e1ffb02fbe2f08999c55241e,20211028,836,17.0,
49,VOIX,ENTRANT,eb579619ca0980a8de579314ccc5bbbf,20210712,211632,251.0,
896,VOIX,SORTANT,9c8958b30104c37476be41e5e45dd528,20211018,205720,157.0,
2,VOIX,SORTANT,5b185cfd4a84b121af6295fa7994127b,20210707,152755,77.0,
544,VOIX,SORTANT,3d2d38b7c8f8e2fa6fb36da971102ec2,20210831,84215,31.0,
350,VOIX,SORTANT,f47afa1aa299435f0e610220cec56e2c,20210814,172932,44.0,
904,VOIX,ENTRANT,eb014763daa75ed8b8d3698846e1abfd,20211025,181714,4.0,
536,VOIX,SORTANT,f207abad96f15c7a28da96f4ef704a3e,20210831,231044,75.0,
344,VOIX,SORTANT,5beb1785736a6129741e885627775920,20210812,175424,22.0,
994,VOIX,ENTRANT,7f7c65dc8edf30307e24212fea626347,20211028,132240,104.0,
481,VOIX,SORTANT,1542c4cf8fb00f6eb06a9df9389402ae,20210830,203250,12.0,
575,VOIX,ENTRANT,61ef204ab959079c6d582ac0380966f9,20210902,145629,68.0,
33,VOIX,ENTRANT,b98ade566222f3c12f355430fadd8796,20210707,111833,87.0,
31,VOIX,SORTANT,9e23c9e221b92f98c4d360971d17dab6,20210707,133133,298.0,
231,VOIX,SORTANT,fd28f3e7ddc604640bf05a2ff497615d,20210729,153612,24.0,
963,VOIX,ENTRANT,5beb1785736a6129741e885627775920,20211028,130104,25.0,
192,VOIX,ENTRANT,e90612afa871b9f7a7759d84d766206c,20210728,215417,17.0,
333,VOIX,ENTRANT,ea159d70d634e8ff66821fbc3e6bc3d4,20210812,152211,57.0,
3,VOIX,SORTANT,6fe0664913f255cbeb4a589fd036ac98,20210707,123545,44.0,
204,SMS,SORTANT,187ae5599f3f8e8c89575f12b6b74e24,20210729,220543,1.0,
514,VOIX,ENTRANT,d46a20eea78cc1be3ae878e742a7dd4c,20210831,92220,5.0,
799,VOIX,ENTRANT,45044f2b33c3cae13baf99a829e79c3c,20211017,123118,22.0,
306,SMS,ENTRANT,4a171a725d78f2775a77acd03704a138,20210812,232257,1.0,
109,VOIX,ENTRANT,67e4ddea84f37bf1571856727071b73f,20210715,130644,265.0,
430,VOIX,ENTRANT,cf4ce9af798785a5e5a7dc8058df6229,20210816,213753,22.0,
77,SMS,SORTANT,3c645765b0b320478874a528635f3fc9,20210712,121723,1.0,
84,VOIX,ENTRANT,a3bf4e97be38215b61a573e356f18d35,20210715,95600,6.0,
286,VOIX,ENTRANT,3d785cd2f4505c398a13728f0b4c552b,20210812,180020,1.0,
82,VOIX,ENTRANT,99ccb84f1884549c2127053df9b7d803,20210715,95646,3.0,
991,VOIX,ENTRANT,60d6f334ed6db5b2c11a6563c2010035,20211028,183223,56.0,
789,VOIX,ENTRANT,14605afb01ed5d852b574a754cd9f470,20211013,204857,15.0,
894,VOIX,ENTRANT,73874a12b1847e1ec468224020c225f4,20211018,210122,21.0,
398,VOIX,ENTRANT,d1089b9c1244bed2ac94b83da1c6458b,20210816,191931,79.0,
323,VOIX,ENTRANT,4e44c9e71d40be049dcd43997ff85893,20210812,200521,309.0,
519,VOIX,SORTANT,33625eb0f5345f152cd6a69a9984038b,20210831,103744,31.0,
916,VOIX,SORTANT,453df3c91e24143f6699c007ec811dd4,20211025,182632,105.0,
922,VOIX,ENTRANT,fd3121bcc50e861042d0b5f511e72779,20211025,105602,38.0,
5,VOIX,SORTANT,65200e57ea7783083996dee1b2e105dc,20210707,211308,18.0,
731,VOIX,ENTRANT,126be5169f7b7d523e6d835b8c19440e,20210927,160825,17.0,
465,VOIX,ENTRANT,1791881b28ce6c4bf059f7a697114415,20210830,204936,67.0,
97,SMS,SORTANT,aa097616cf20301eba0aa0df278b61ca,20210715,125806,1.0,
266,SMS,SORTANT,4dda094ed2ceb1efa4537601236e9cd7,20210729,120840,1.0,
357,VOIX,ENTRANT,61fc3d14edd035355718284e5e67756a,20210814,200030,5.0,
868,VOIX,ENTRANT,fc537ae70a0d1a287e5f8605bd839ab3,20211018,215250,33.0,
798,VOIX,SORTANT,48050e8b8dbfd59d3af1c8627975c3ed,20211017,730,22.0,
380,VOIX,SORTANT,f3802303c02cffb6bd0b21025c1ebff7,20210814,132326,67.0,
631,VOIX,SORTANT,0d49d7c134e957a38063f4ba0857ce6e,20210923,132645,97.0,
381,VOIX,ENTRANT,2e0e2da85be9d758f42190c4f2eef47c,20210814,164535,38.0,
490,VOIX,SORTANT,799cedfb2ddadc1b16836dce62849dec,20210830,175301,35.0,
118,VOIX,ENTRANT,c38e3d451231bdc00a9ee32975d5c479,20210727,182328,33.0,
900,VOIX,SORTANT,266a4928aef3a5e1c05e2277d08f0d4b,20211025,123905,4.0,
250,VOIX,ENTRANT,b198c897a653c09cf8f0cbbddf73c744,20210729,115028,79.0,
523,VOIX,SORTANT,799cedfb2ddadc1b16836dce62849dec,20210831,161156,13.0,
9,VOIX,ENTRANT,c893d91c5f77cf8ffd4c6c8fbc09277e,20210707,194326,13.0,
196,VOIX,ENTRANT,b1bb19f1dcb6999300e90b39dd4e5a9b,20210728,95322,33.0,
603,VOIX,SORTANT,8450264968fcaeb02c904827d14562ef,20210923,2332,51.0,
81,VOIX,ENTRANT,a3ed15218ced0c98aa33c5391699ec68,20210715,192542,12.0,
783,VOIX,ENTRANT,c18ec9a730f862b0a4df51bedfcedc65,20211013,81025,13.0,
587,VOIX,ENTRANT,13949f9919154c7d955086844bee41e7,20210902,213148,35.0,
797,VOIX,ENTRANT,c429190142142c3e9ff63d9f550d150a,20211017,172334,31.0,
239,VOIX,ENTRANT,476973efd2f21b8e80f10a35e144bf1e,20210729,164725,100.0,
290,VOIX,SORTANT,96b96daa17f355c546850f8dfffa1290,20210812,202154,31.0,
211,VOIX,SORTANT,d0553ffbee0ef4e6c1e765b3a0d9dc29,20210729,45316,5.0,
717,VOIX,SORTANT,d04b0ac7c01eb9ae116bd7a7d43f328e,20210927,182624,71.0,
359,VOIX,ENTRANT,f49356c2ba9093114ec41baf9338a6a4,20210814,143528,50.0,
449,VOIX,ENTRANT,e8eac2b00e9635ce1aa854b6a0f56be8,20210830,170501,18.0,
227,VOIX,ENTRANT,762c0e7d1739e90218bdf59fb8ba2cdb,20210729,182419,61.0,
950,VOIX,SORTANT,83066c549149d7ee5768ea48e01a1131,20211025,235322,98.0,
946,VOIX,SORTANT,675f23af460ffe44932bee08d22187a3,20211025,113650,16.0,
796,VOIX,ENTRANT,a1fb7e435f78938693cd0b5b272189de,20211017,94046,304.0,
501,VOIX,SORTANT,49544741584ff135fce01ee17fda6ee3,20210831,102803,65.0,
464,SMS,SORTANT,86f648f977e7ee9bb30f6870b1972c2d,20210830,62552,1.0,
362,VOIX,ENTRANT,3805557cbe1a49b2ae251229fe55df06,20210814,210231,127.0,
468,VOIX,ENTRANT,d1ea9f6b1e23f5dea5be3e92bd911dde,20210830,153507,57.0,
935,VOIX,ENTRANT,998ca66a75d06cb389d4a53c6acaed78,20211025,164413,52.0,
428,VOIX,SORTANT,ad9dcc8446cac7b3f3c31af97d1efb48,20210816,203911,15.0,
7,VOIX,SORTANT,29fd8f4abe412f095bda451f3f4545f3,20210707,172101,20.0,
155,VOIX,ENTRANT,b46519e941153afcd2a485fd0e24fc3b,20210727,132454,1.0,
541,VOIX,ENTRANT,e4b45c395e0a2fdb0420e95e6681487d,20210831,214215,57.0,
440,VOIX,ENTRANT,f07deb205c759a7d3a4d646dc62be7bb,20210830,222456,9.0,
482,VOIX,ENTRANT,6f2e2105acca2098360a9197aa973026,20210830,90419,11.0,
422,VOIX,ENTRANT,68b21fabac2781b28e44ff4052c7ccaf,20210816,164723,22.0,
778,VOIX,ENTRANT,a6f7a227364f46d5937be53dfb63f51f,20211013,104304,114.0,
949,VOIX,SORTANT,d575f7ffbf7b8381f92f5773262640f8,20211025,133122,37.0,
334,VOIX,ENTRANT,9800855dbb258c05b874c424cd771856,20210812,82307,21.0,
576,VOIX,ENTRANT,6ab2a552c88d3e35d98288dcd60df447,20210902,90151,19.0,
934,VOIX,ENTRANT,799cedfb2ddadc1b16836dce62849dec,20211025,141636,30.0,
567,VOIX,SORTANT,4f4e8691480d74595ab4372f29074bae,20210902,115820,58.0,
594,VOIX,ENTRANT,266a4928aef3a5e1c05e2277d08f0d4b,20210902,163630,103.0,
530,VOIX,ENTRANT,03c33ba475b9f09acb4ec9bd61dcca1a,20210831,104019,22.0,
581,VOIX,ENTRANT,fa5eb16d678033f09c010c26afaaa500,20210902,172210,17.0,
707,VOIX,SORTANT,c18ec9a730f862b0a4df51bedfcedc65,20210924,230604,373.0,
448,VOIX,SORTANT,266a4928aef3a5e1c05e2277d08f0d4b,20210830,120313,50.0,
453,VOIX,SORTANT,601a293e7685c7b1e930423d0d917fcb,20210830,80712,35.0,
228,VOIX,SORTANT,52350d62052817626d6c6135bbe23823,20210729,130709,54.0,
352,VOIX,ENTRANT,c3a30476fee57eadd27ca487c29735a5,20210814,112827,74.0,
728,VOIX,ENTRANT,94b01eaa9d0e507f0830ef261e28aab2,20210927,164920,119.0,
212,VOIX,ENTRANT,7959de0637524931fa7b5023c92ddb53,20210729,170848,34.0,
79,VOIX,ENTRANT,410d3c47dff5bd6abf21f0bcce38d882,20210712,173729,335.0,
148,SMS,ENTRANT,d1ea9f6b1e23f5dea5be3e92bd911dde,20210727,153412,1.0,
302,VOIX,SORTANT,a49e2ca98f7ca2f9fbed5e30e89efbc1,20210812,132441,134.0,
628,VOIX,ENTRANT,e8eac2b00e9635ce1aa854b6a0f56be8,20210923,140733,48.0,
777,VOIX,SORTANT,eb6fe79c738ff1893a358bf5b8a0d514,20211013,223115,139.0,
506,VOIX,SORTANT,86f648f977e7ee9bb30f6870b1972c2d,20210831,184358,33.0,
342,VOIX,ENTRANT,f3909dc4f984fe869328776543eff0fd,20210812,173418,4.0,
485,VOIX,SORTANT,2c62a5d560cc94979e54412eaf69e7fb,20210830,152558,15.0,
711,VOIX,SORTANT,a5429c48e90d0870e69118172f52f509,20210927,115927,18.0,
133,VOIX,ENTRANT,21e346391e18bc6d1ff5a95d8f2f034b,20210727,225539,52.0,
703,VOIX,ENTRANT,e4b45c395e0a2fdb0420e95e6681487d,20210924,81011,63.0,
311,VOIX,ENTRANT,12a627b30da5fa58be5fa2b25189e617,20210812,121505,184.0,
722,VOIX,ENTRANT,0e235c474eacc1ebdc6ebe4eb5034fcb,20210927,192808,4.0,
629,VOIX,SORTANT,b2bf9486e2c26922006accc9581315aa,20210923,135232,29.0,
0,VOIX,ENTRANT,0d33b0716f88a98388c1920e5a267518,20210707,145910,19.0,
316,VOIX,SORTANT,37d3e1d192e51ed1f9ad88ab3ed7a03b,20210812,224323,68.0,
706,VOIX,ENTRANT,323cc14c08d1b67b3540c64948c2cd5c,20210924,170230,3.0,
547,VOIX,SORTANT,fb44c9048ef477158af167bafc33cf50,20210831,130133,18.0,
872,VOIX,SORTANT,32c4ef89459c782a2f4826f5b6f8fefb,20211018,122318,1.0,
532,VOIX,ENTRANT,5cf2648a09e608f83ad671cbe1aade8f,20210831,92719,4.0,
477,VOIX,ENTRANT,0f604480d49c8ca77c3aad01e761c7d2,20210830,184741,4.0,
404,SMS,ENTRANT,5f2391028decb2036d27b96318e0d711,20210816,195814,1.0,
172,VOIX,ENTRANT,c510f2ab4fadff2bd314daec77dd77ad,20210728,90024,52.0,
125,VOIX,SORTANT,32c4ef89459c782a2f4826f5b6f8fefb,20210727,144743,61.0,
394,VOIX,ENTRANT,0cc49bdedd884fa809761b2798178d8c,20210816,112739,429.0,
420,VOIX,ENTRANT,6f2e2105acca2098360a9197aa973026,20210816,171954,35.0,
552,VOIX,ENTRANT,e07d2909d34cc3d0981738d91f8c27b3,20210902,90041,143.0,
903,VOIX,SORTANT,c07e829e2b9fc25e86a3f761ac9f96db,20211025,185718,31.0,
90,VOIX,ENTRANT,5b1619bc2351aede5f667e41c02e5c6a,20210715,210925,4.0,
939,VOIX,SORTANT,d975468f33e78ed8c504418787e79aa2,20211025,154917,61.0,
181,VOIX,ENTRANT,c510f2ab4fadff2bd314daec77dd77ad,20210728,205522,8.0,
274,VOIX,ENTRANT,2fb7cacdf34f5ef75d816d2318eb154b,20210729,94725,48.0,
895,VOIX,ENTRANT,a6f7a227364f46d5937be53dfb63f51f,20211018,153652,70.0,
69,VOIX,SORTANT,5421ff989b692c8a7a97b66b6ef8af3d,20210712,173540,43.0,
291,VOIX,SORTANT,49544741584ff135fce01ee17fda6ee3,20210812,100736,120.0,
131,VOIX,ENTRANT,8c62f2d88b83a5ca562f8c83b63ceaee,20210727,114523,57.0,
300,VOIX,SORTANT,8ba8b9899ae524f375d4cae69db0f3c1,20210812,101133,163.0,
424,VOIX,SORTANT,d597703d0e8cf05fa6afc1f1a0efcd5a,20210816,122106,29.0,
326,VOIX,ENTRANT,5beb1785736a6129741e885627775920,20210812,174029,10.0,
144,VOIX,ENTRANT,572aba0d67ce52e72aafac6720f4ccc7,20210727,140418,32.0,
423,VOIX,ENTRANT,b7bbc4af8e27549bef5369c9173e8398,20210816,154523,42.0,
580,VOIX,SORTANT,500b7fb7e491817734a4e40b46b53a07,20210902,130620,20.0,
135,VOIX,ENTRANT,2fb7cacdf34f5ef75d816d2318eb154b,20210727,105353,35.0,
450,VOIX,ENTRANT,fc537ae70a0d1a287e5f8605bd839ab3,20210830,213129,73.0,
164,VOIX,ENTRANT,fba1988ecc780c88e470a581fb76421b,20210728,165316,58.0,
28,VOIX,SORTANT,bed633a1c0e8b076e7502e11e085ce99,20210707,183939,36.0,
773,VOIX,SORTANT,6479156b93557200d8540c067cf6c4e5,20211013,192325,47.0,
193,VOIX,ENTRANT,26bd1aac24dd6edeaea298ea4c85bc99,20210728,101359,52.0,
388,VOIX,ENTRANT,68ac1759891784430027b3621dba109b,20210816,151300,4.0,
852,VOIX,ENTRANT,dac72f431d3749e10ea5346009a5bdca,20211018,230132,542.0,
169,VOIX,ENTRANT,448ad1ba9b92f6f86927c82a182b10e6,20210728,201935,113.0,
705,VOIX,ENTRANT,c38e3d451231bdc00a9ee32975d5c479,20210924,95156,3.0,
140,VOIX,SORTANT,22c8e0430910d11dee087df3b44e5c92,20210727,160800,37.0,
173,VOIX,ENTRANT,a33b3e7b60dd76986f8981dba60e0ce8,20210728,123934,28.0,
6,VOIX,ENTRANT,37959a4d67ea081a4b06c555dfe4e45a,20210707,200145,44.0,
745,VOIX,SORTANT,96b96daa17f355c546850f8dfffa1290,20210927,132226,35.0,
478,VOIX,SORTANT,280d3340307a46836a6bef7b779973fc,20210830,20622,20.0,
73,VOIX,SORTANT,fba1988ecc780c88e470a581fb76421b,20210712,174723,12.0,
910,VOIX,SORTANT,c738d5dd2a5b9de7e0dba6d39352a98c,20211025,184415,40.0,
813,VOIX,ENTRANT,62c8556a98a067bcbd1615caf3760646,20211017,175220,6.0,
238,VOIX,SORTANT,46fcec3edffb429a16a10c01e1a8dd9c,20210729,32405,110.0,
145,VOIX,SORTANT,14de72bc603b8c2bc7733a1903f071ba,20210727,121812,28.0,
792,VOIX,SORTANT,56b77f2d7783c8ba033291e8e262121f,20211013,122753,135.0,
234,VOIX,SORTANT,cf804a6b265ce602b6c06c790595bfd1,20210729,95637,149.0,
220,VOIX,ENTRANT,5f2391028decb2036d27b96318e0d711,20210729,123141,88.0,
923,VOIX,SORTANT,44d1af011cf5e8b24843e8fd1788d47e,20211025,191626,41.0,
500,VOIX,ENTRANT,3c645765b0b320478874a528635f3fc9,20210831,121708,39.0,
132,VOIX,SORTANT,5d8a33a4710f38dae8825732bcb0444d,20210727,183137,23.0,
990,VOIX,ENTRANT,efd37a1d8b6f5217ef9121cac1c84e87,20211028,193317,46.0,
774,VOIX,SORTANT,f94faaa00bec646d4fb0cb87c8745bb3,20211013,183453,74.0,
185,VOIX,ENTRANT,78627477777257fa3a6992790bf219ca,20210728,122726,66.0,
41,VOIX,ENTRANT,bc090192d6e6ee288065e2b9940e86ae,20210712,110911,9.0,
696,VOIX,ENTRANT,60c5fb03e156fbe57b38dffb44ab7837,20210924,134643,3.0,
108,VOIX,SORTANT,48050e8b8dbfd59d3af1c8627975c3ed,20210715,105228,9.0,
588,VOIX,ENTRANT,5f34f4f632f65c6aa15c4ca01bc5bd02,20210902,80457,126.0,
56,VOIX,SORTANT,d1cafed82dd558ebe6e10814e9611bbd,20210712,132945,89.0,
405,VOIX,SORTANT,44d1af011cf5e8b24843e8fd1788d47e,20210816,110717,31.0,
442,VOIX,SORTANT,54db92cf5d6d23763e8b82f3341fc892,20210830,2802,27.0,
757,VOIX,ENTRANT,5989cf678d636ec12cccb1d88aff3bca,20211013,231014,26.0,
997,VOIX,ENTRANT,bc090192d6e6ee288065e2b9940e86ae,20211103,111803,22.0,
24,VOIX,ENTRANT,d1ea9f6b1e23f5dea5be3e92bd911dde,20210707,165651,16.0,
467,VOIX,SORTANT,d93c1224f4bd16bfe8cbedcdbcd21bb6,20210830,93619,105.0,
539,VOIX,ENTRANT,c4ff127d487e615514c1d164d0c5e65c,20210831,103853,38.0,
531,VOIX,ENTRANT,bbe7b62bcfabb6922dfc80dce4fd2d3a,20210831,94605,386.0,
618,VOIX,ENTRANT,500b7fb7e491817734a4e40b46b53a07,20210923,212356,4.0,
694,VOIX,SORTANT,b2bf9486e2c26922006accc9581315aa,20210924,111921,46.0,
926,VOIX,SORTANT,a123d1c277489a2014ac0983ebf1a544,20211025,100351,41.0,
338,VOIX,ENTRANT,74a409f5808676b9df69cd2157ac0f2b,20210812,153957,69.0,
51,VOIX,ENTRANT,e5b815699cbb2ca0c7c26cc12fa0c7f0,20210712,193628,16.0,
507,VOIX,ENTRANT,c49b1214e406e79cde6a3a549d4cf175,20210831,190058,4.0,
516,VOIX,SORTANT,a5429c48e90d0870e69118172f52f509,20210831,102909,1.0,
920,VOIX,SORTANT,d2c2577cbee40297a1d2c02f079d2f0b,20211025,153922,14.0,
781,VOIX,ENTRANT,12291bd303c430be29adc54bee5a1d52,20211013,94126,4.0,
264,VOIX,ENTRANT,2fb7cacdf34f5ef75d816d2318eb154b,20210729,95409,48.0,
817,VOIX,ENTRANT,bbe7b62bcfabb6922dfc80dce4fd2d3a,20211017,120331,14.0,
710,VOIX,ENTRANT,126be5169f7b7d523e6d835b8c19440e,20210927,163935,4.0,
682,VOIX,ENTRANT,b4d72c1d36f60f6584a237d2067cbe7f,20210924,171947,1.0,
832,VOIX,SORTANT,99d0aba96f1d1e7ac60781a78c4eceda,20211017,135135,37.0,
518,VOIX,ENTRANT,fd4b405fc70b19ee8cd2941ca87f7fc5,20210831,211626,17.0,
447,VOIX,ENTRANT,c4ff127d487e615514c1d164d0c5e65c,20210830,154046,4.0,
18,VOIX,SORTANT,266a4928aef3a5e1c05e2277d08f0d4b,20210707,162447,38.0,
715,VOIX,SORTANT,7122edf012582b33563f2bccb07053f5,20210927,181947,23.0,
483,VOIX,ENTRANT,17ba4a86b1f7487d32c173a9309d68da,20210830,205557,6.0,
568,VOIX,ENTRANT,68b21fabac2781b28e44ff4052c7ccaf,20210902,222349,31.0,
433,VOIX,SORTANT,8450264968fcaeb02c904827d14562ef,20210816,232250,121.0,
367,VOIX,ENTRANT,b78f76fcfe784c3cc77a55fefe9a3a9d,20210814,122125,12.0,
83,VOIX,ENTRANT,b82da4a8a68960bbd26791a7779d6f0a,20210715,165943,18.0,
61,VOIX,SORTANT,7eec00bff34785b628c24a5f254e1e0d,20210712,114055,12.0,
638,VOIX,SORTANT,7ce5790fe0d1e3ce6316932df08d7bbf,20210923,111412,69.0,
272,VOIX,SORTANT,30888c3eec2d6d4089370c8e7786b316,20210729,181507,90.0,
285,VOIX,SORTANT,49544741584ff135fce01ee17fda6ee3,20210812,121912,41.0,
360,VOIX,ENTRANT,602a9d01b81b6bc3a27646a12384ebc0,20210814,161137,16.0,
354,VOIX,SORTANT,7eec00bff34785b628c24a5f254e1e0d,20210814,205129,717.0,
456,VOIX,SORTANT,5d8a33a4710f38dae8825732bcb0444d,20210830,211906,52.0,
278,VOIX,ENTRANT,b198c897a653c09cf8f0cbbddf73c744,20210729,214702,374.0,
12,VOIX,SORTANT,2ba34cb3fa9c4388768884b78c253181,20210707,225130,16.0,
182,VOIX,SORTANT,026b0a68fda2c6c3de3cd93c2976ae4c,20210728,205422,86.0,
368,VOIX,ENTRANT,8a14b7c733c170deb9f5e11570a4c0c4,20210814,185541,16.0,
881,VOIX,ENTRANT,0ce2a125609bbcc68a5f0ca9d1343151,20211018,130024,25.0,
615,VOIX,SORTANT,68bde855893cf23a4bea4794b717e44c,20210923,192415,34.0,
223,VOIX,SORTANT,017f7e9b0c496c532cfc0aac2e180b14,20210729,185751,173.0,
572,VOIX,SORTANT,f4ca5f8daade4e2e383396bf41f52ded,20210902,103130,27.0,
970,VOIX,SORTANT,bed633a1c0e8b076e7502e11e085ce99,20211028,190410,11.0,
653,VOIX,ENTRANT,07c6b2a9e62f53b25433a00900520c2e,20210924,205603,7.0,
545,VOIX,SORTANT,f207abad96f15c7a28da96f4ef704a3e,20210831,212011,90.0,
582,VOIX,ENTRANT,d46a20eea78cc1be3ae878e742a7dd4c,20210902,204849,55.0,
633,VOIX,SORTANT,3d2d38b7c8f8e2fa6fb36da971102ec2,20210923,142105,84.0,
176,VOIX,ENTRANT,692275af1ee486c8a12b0df4f2a54024,20210728,84727,102.0,
665,VOIX,SORTANT,b80192599927655a195431a02768e48d,20210924,145624,47.0,
673,SMS,SORTANT,a6f7a227364f46d5937be53dfb63f51f,20210924,173538,1.0,
585,VOIX,ENTRANT,923bccd8017b829f5926aff08e780441,20210902,123248,58.0,
873,VOIX,SORTANT,59e16aecaf240e660d4db02e25c9f38b,20211018,214516,451.0,
393,VOIX,ENTRANT,ef1997034ea85fdd3a803e7bf8d9f0fe,20210816,221429,463.0,
163,VOIX,ENTRANT,94b01eaa9d0e507f0830ef261e28aab2,20210728,193607,3.0,
248,VOIX,SORTANT,fcb0a6adc03fdacc0733f1b834df8e17,20210729,162754,67.0,
634,VOIX,SORTANT,70998210ad08a4dedd415b01d8214e5d,20210923,213713,214.0,
885,VOIX,SORTANT,710c9fc9175a8eb9a5dc24744676d728,20211018,125306,37.0,
669,VOIX,SORTANT,f69c7d26d43becc53192bd7fcbbf0ea3,20210924,103706,119.0,
375,VOIX,SORTANT,78b0ef251d4e466599d8047e903d23b3,20210814,120559,67.0,
412,VOIX,ENTRANT,64079f66170ca25bebfeddd9650f16c3,20210816,141555,526.0,
74,SMS,ENTRANT,3c645765b0b320478874a528635f3fc9,20210712,121902,1.0,
113,VOIX,SORTANT,7122edf012582b33563f2bccb07053f5,20210715,211002,11.0,
598,VOIX,SORTANT,e965883b900c3a756c6aba6b15328657,20210902,150850,101.0,
961,VOIX,ENTRANT,214ca40e0304714a24a25124e0846822,20211028,174318,1.0,
390,VOIX,ENTRANT,ec4b5ab8b6cde3a4c387ae51a02e1381,20210816,103651,18.0,
104,VOIX,SORTANT,c3a30476fee57eadd27ca487c29735a5,20210715,162221,105.0,
114,VOIX,ENTRANT,56a025dd7676b63082e7ad85f1c671e3,20210727,161814,313.0,
417,VOIX,SORTANT,f47afa1aa299435f0e610220cec56e2c,20210816,120838,254.0,
525,VOIX,ENTRANT,e9f38cb18a95e01a1ce97c5e8a66c057,20210831,214031,170.0,
457,VOIX,ENTRANT,68b21fabac2781b28e44ff4052c7ccaf,20210830,200508,2.0,
409,VOIX,ENTRANT,b7a0dd0fe49f90f75bb047ec6d43253c,20210816,165211,557.0,
92,VOIX,ENTRANT,65fa3d5782fdf39512e4009d42d60ec5,20210715,143840,5.0,
930,VOIX,ENTRANT,a3aa4c9d8b6f29bbb67139f9acd3923d,20211025,112347,18.0,
89,VOIX,ENTRANT,a54f4eabf8e83d498b5c6f458f3b8172,20210715,123822,156.0,
336,VOIX,ENTRANT,e13fe01fb565d8abfb1c3baeb89a2d98,20210812,132753,53.0,
988,VOIX,SORTANT,60c5fb03e156fbe57b38dffb44ab7837,20211028,154312,14.0,
921,VOIX,SORTANT,7ce5790fe0d1e3ce6316932df08d7bbf,20211025,163216,26.0,
933,SMS,SORTANT,c3a30476fee57eadd27ca487c29735a5,20211025,172705,1.0,
605,VOIX,SORTANT,cd7cc6f5ca3112c82b0c647563636c68,20210923,85011,99.0,
593,VOIX,ENTRANT,cb3a52a545168f0494f7f942976a6edb,20210902,232416,4.0,
611,SMS,SORTANT,fc287d66ee5d20229975503224b22a3d,20210923,165505,1.0,
94,VOIX,ENTRANT,f00ded117d29d3813ee54dbf137ced7a,20210715,195509,30.0,
11,VOIX,ENTRANT,5e68472b8ed3c64ac1ffbfce38a8455e,20210707,111920,22.0,
396,VOIX,SORTANT,f47afa1aa299435f0e610220cec56e2c,20210816,50051,78.0,
533,VOIX,SORTANT,e08d59afb33911ebcf2afaaefbdf97e4,20210831,114447,1.0,
43,VOIX,ENTRANT,44d1af011cf5e8b24843e8fd1788d47e,20210712,192318,401.0,
42,VOIX,ENTRANT,8377cb16fe40aa057281508152f2b0b3,20210712,120236,4.0,
329,VOIX,SORTANT,b4dd9d273c84b4ceb6ad0932d12587a0,20210812,192204,38.0,
167,VOIX,SORTANT,59ecb9ac04b31ec24f313059d7e56460,20210728,180501,35.0,
497,VOIX,SORTANT,9b0e38fbd92d3d7418d503f2701eebbb,20210831,83309,9.0,
876,VOIX,ENTRANT,42abc8e2014a8227f9f82626a9a28475,20211018,104508,13.0,
597,VOIX,ENTRANT,3c7a4b5963a4a1dd6f46a5611fb8e48d,20210902,125856,48.0,
756,VOIX,ENTRANT,a1fb7e435f78938693cd0b5b272189de,20211013,232647,7.0,
100,VOIX,SORTANT,61385c2c32ddb3186fbfc952c242498b,20210715,143024,37.0,
426,VOIX,SORTANT,64079f66170ca25bebfeddd9650f16c3,20210816,132226,21.0,
178,VOIX,ENTRANT,b2565062d7185459b179aff0eeeef4a1,20210728,235801,16.0,
444,VOIX,ENTRANT,712e8336d53fcbb6d8b258d424dfa01d,20210830,130114,4.0,
416,VOIX,ENTRANT,ec4b5ab8b6cde3a4c387ae51a02e1381,20210816,215536,4.0,
870,VOIX,SORTANT,13be1392735f1e4cbd018dbd9f580cc7,20211018,91757,31.0,
882,VOIX,ENTRANT,4bb9ab7fd43af5a28a7802b12d7eff42,20211018,192033,55.0,
680,VOIX,SORTANT,c76f54fddab607e7b0d758bada62cab4,20210924,153124,347.0,
177,VOIX,ENTRANT,44d1af011cf5e8b24843e8fd1788d47e,20210728,134412,27.0,
395,VOIX,SORTANT,f3802303c02cffb6bd0b21025c1ebff7,20210816,113424,30.0,
911,VOIX,SORTANT,c5ff4a64f4a70c00e655767e37d98310,20211025,103858,8.0,
793,VOIX,SORTANT,aadae5c9c28a1b77584de3575ff6620d,20211013,215009,181.0,
960,VOIX,SORTANT,4e0c117a06384510de60ad37bc7824a8,20211028,194920,4.0,
684,VOIX,SORTANT,5b185cfd4a84b121af6295fa7994127b,20210924,171149,23.0,
383,VOIX,ENTRANT,410d3c47dff5bd6abf21f0bcce38d882,20210814,165000,46.0,
956,VOIX,ENTRANT,255ea5d65d34d89809bfb443db6634f4,20211025,213815,6.0,
751,VOIX,SORTANT,c5e9eb29b05fd1d10ca7b244fa52b6a7,20211013,110229,54.0,
257,VOIX,ENTRANT,ec4b5ab8b6cde3a4c387ae51a02e1381,20210729,162728,5.0,
538,VOIX,ENTRANT,0a8b75d57eb1e8d398a4cd7b89be01c9,20210831,160620,119.0,
335,VOIX,ENTRANT,90f88e3b54dba4973994cb3f586b0bc1,20210812,115115,31.0,
15,VOIX,SORTANT,7eec00bff34785b628c24a5f254e1e0d,20210707,200503,31.0,
324,VOIX,ENTRANT,ea159d70d634e8ff66821fbc3e6bc3d4,20210812,214843,1709.0,
758,VOIX,ENTRANT,aa430d1406448588391ab156be02d693,20211013,132431,18.0,
222,VOIX,SORTANT,1db2cf93818cc76424f502f31806a8d8,20210729,131325,20.0,
179,VOIX,SORTANT,315a79b04b78e77bdea30e22142e1bb6,20210728,111139,174.0,
983,VOIX,ENTRANT,706f2f83af35a570b3d2ff3e535c42e6,20211028,123007,2.0,
22,VOIX,SORTANT,73874a12b1847e1ec468224020c225f4,20210707,85353,90.0,
356,VOIX,ENTRANT,17ab2fb2d9659811a47b6e0ee44b9800,20210814,111015,94.0,
666,SMS,SORTANT,8afc5dc433779070b7ba5ef05343ed07,20210924,95147,1.0,
861,VOIX,ENTRANT,5989cf678d636ec12cccb1d88aff3bca,20211018,122207,13.0,
340,VOIX,ENTRANT,d1e248931539e28386dfb5326ad265dc,20210812,65725,83.0,
431,VOIX,SORTANT,c4ff127d487e615514c1d164d0c5e65c,20210816,93633,121.0,
551,VOIX,ENTRANT,58c974f2fea7b83d58c0a655d7ef55f7,20210902,163134,13.0,
833,VOIX,SORTANT,2678131db1db82151de4b476309c7c65,20211017,234206,5.0,
203,VOIX,SORTANT,27f2449d6e9fcf94aa51b4782017a03d,20210729,212746,37.0,
630,VOIX,SORTANT,ca659681aa80c2225a64d58ad1543fb7,20210923,211155,16.0,
93,VOIX,SORTANT,1791881b28ce6c4bf059f7a697114415,20210715,120510,56.0,
558,VOIX,SORTANT,b07d4a0e5e176cdae15aa4a0ea813d6c,20210902,234811,192.0,
68,VOIX,SORTANT,280da77d72729f3a13adf2de5cbeffd8,20210712,185607,76.0,
622,VOIX,ENTRANT,a3ed15218ced0c98aa33c5391699ec68,20210923,164240,24.0,
284,VOIX,SORTANT,49544741584ff135fce01ee17fda6ee3,20210812,132409,36.0,
844,VOIX,ENTRANT,58c974f2fea7b83d58c0a655d7ef55f7,20211017,134646,13.0,
434,VOIX,ENTRANT,ed4e16b6a02f92cb80760b2bab8e91ca,20210816,151505,24.0,
153,VOIX,SORTANT,a5429c48e90d0870e69118172f52f509,20210727,204705,27.0,
75,VOIX,ENTRANT,0dd9f22aefe82642aab4bbea5ece5e5c,20210712,201553,5.0,
730,VOIX,ENTRANT,0cc49bdedd884fa809761b2798178d8c,20210927,123610,15.0,
446,SMS,ENTRANT,c38e3d451231bdc00a9ee32975d5c479,20210830,212728,1.0,
188,VOIX,SORTANT,6619baec431f2118fc4d523cafe75411,20210728,185644,654.0,
271,VOIX,ENTRANT,ec4b5ab8b6cde3a4c387ae51a02e1381,20210729,161416,4.0,
236,VOIX,ENTRANT,5989cf678d636ec12cccb1d88aff3bca,20210729,200554,245.0,
487,VOIX,ENTRANT,9624278213fb85dfb3eda58ec164fcf3,20210830,175824,95.0,
117,VOIX,ENTRANT,4186dba44e1f86351728377f6b942fa6,20210727,104018,43.0,
943,VOIX,ENTRANT,60d6f334ed6db5b2c11a6563c2010035,20211025,160309,3.0,
512,SMS,ENTRANT,dac72f431d3749e10ea5346009a5bdca,20210831,140512,1.0,
825,VOIX,ENTRANT,c46c22a351143d9ef4c4a9b5d9f4bd12,20211017,184926,34.0,
591,VOIX,ENTRANT,e90612afa871b9f7a7759d84d766206c,20210902,122128,17.0,
126,VOIX,SORTANT,01ea01f8732c67d8d2f4bcf2526face7,20210727,170346,16.0,
116,VOIX,ENTRANT,4f4e8691480d74595ab4372f29074bae,20210727,150021,3.0,
473,SMS,SORTANT,1791881b28ce6c4bf059f7a697114415,20210830,211431,1.0,
693,VOIX,SORTANT,cfb433f46644f603f41e4b6a7f71891a,20210924,115455,26.0,
57,VOIX,SORTANT,9fe0dbb466d9f0d0f7fb0e22a4b3389d,20210712,131814,43.0,
863,VOIX,ENTRANT,01ea01f8732c67d8d2f4bcf2526face7,20211018,164254,26.0,
912,VOIX,ENTRANT,8377cb16fe40aa057281508152f2b0b3,20211025,105004,59.0,
369,VOIX,ENTRANT,d9a4a482d33c99f73f94a7b216c645b1,20210814,175430,19.0,
268,VOIX,ENTRANT,fc7ec9740a7342e84d4e88237c271208,20210729,91910,30.0,
46,VOIX,ENTRANT,ebedbc72b2967fb9f5e4b0adae0fc104,20210712,73331,179.0,
349,VOIX,ENTRANT,fc3d08d03a9947e2efaa10572f16c554,20210814,104956,119.0,
195,VOIX,SORTANT,d975468f33e78ed8c504418787e79aa2,20210728,74520,34.0,
999,VOIX,ENTRANT,01ea01f8732c67d8d2f4bcf2526face7,20211103,183024,29.0,
834,VOIX,SORTANT,2e0e2da85be9d758f42190c4f2eef47c,20211017,194225,20.0,
736,VOIX,ENTRANT,1ccafe39678a6b543bc819280e9f9df6,20210927,125429,3.0,
263,VOIX,SORTANT,bed633a1c0e8b076e7502e11e085ce99,20210729,122257,73.0,
443,VOIX,SORTANT,7eec00bff34785b628c24a5f254e1e0d,20210830,125531,42.0,
675,VOIX,ENTRANT,3d2d38b7c8f8e2fa6fb36da971102ec2,20210924,134724,67.0,
304,VOIX,ENTRANT,2ba34cb3fa9c4388768884b78c253181,20210812,172851,30.0,
341,VOIX,ENTRANT,5030d4a370ba7e2f15262a400bade1d8,20210812,114107,55.0,
966,VOIX,SORTANT,58c974f2fea7b83d58c0a655d7ef55f7,20211028,134333,27.0,
149,VOIX,ENTRANT,73874a12b1847e1ec468224020c225f4,20210727,202622,6.0,
124,VOIX,SORTANT,2e0e2da85be9d758f42190c4f2eef47c,20210727,104920,53.0,
786,VOIX,ENTRANT,e2b60145a2c611005338caef665591b0,20211013,223027,4.0,
50,VOIX,ENTRANT,8c334088ea8a9758f710b25bfef3a98e,20210712,121627,164.0,
353,VOIX,SORTANT,f207abad96f15c7a28da96f4ef704a3e,20210814,113348,8.0,
927,VOIX,SORTANT,ca61dad7003925b44d2b79f2e09254a7,20211025,120928,17.0,
142,VOIX,SORTANT,df33235b9a72616766e01e82b59785ce,20210727,131159,225.0,
470,VOIX,SORTANT,bd0862a9d1cf5d3209aa3fa1f9450740,20210830,131406,51.0,
399,SMS,SORTANT,56b77f2d7783c8ba033291e8e262121f,20210816,112927,1.0,
625,VOIX,ENTRANT,4bac2734027a4e00f18ca6091956198f,20210923,121017,16.0,
320,VOIX,ENTRANT,84b76ced84d93beee3fbf243cedf79ba,20210812,212851,15.0,
19,VOIX,SORTANT,8f6e8305f5e31d00fe36d7c36736d236,20210707,230229,130.0,
809,VOIX,SORTANT,68bde855893cf23a4bea4794b717e44c,20211017,121320,27.0,
790,VOIX,ENTRANT,b7bbc4af8e27549bef5369c9173e8398,20211013,95605,2.0,
808,VOIX,SORTANT,40664fa6973a02cd0891959ec8844d85,20211017,230937,12.0,
407,VOIX,ENTRANT,8a23734c76b39465bf40d7e36556b542,20210816,213819,6.0,
537,VOIX,SORTANT,71f00c148b8a2a45a331d952daae497c,20210831,70132,29.0,
620,VOIX,ENTRANT,52525adbe3f6530701c0f5cde857ad3a,20210923,154528,46.0,
38,VOIX,ENTRANT,c18ec9a730f862b0a4df51bedfcedc65,20210707,143542,27.0,
175,VOIX,SORTANT,3d6619845c9ad961c42388745dd21f51,20210728,185709,139.0,
245,VOIX,ENTRANT,37d3e1d192e51ed1f9ad88ab3ed7a03b,20210729,125926,77.0,
828,VOIX,ENTRANT,94b01eaa9d0e507f0830ef261e28aab2,20211017,135954,5.0,
667,VOIX,ENTRANT,90080a51f2839368efa0d1bb444af7ce,20210924,161714,32.0,
754,VOIX,ENTRANT,b917be04698e187a2efb96148430a9ae,20211013,161250,4.0,
858,VOIX,ENTRANT,280da77d72729f3a13adf2de5cbeffd8,20211018,172753,13.0,
154,VOIX,SORTANT,3517333cd9ccca7d9ba73b660eb09f15,20210727,223643,26.0,
287,VOIX,ENTRANT,8f1b838ab43c8eb722bea1f68caf3a9e,20210812,221457,13.0,
602,VOIX,SORTANT,3c645765b0b320478874a528635f3fc9,20210923,191315,250.0,
569,VOIX,SORTANT,1e949f878b8d36ba9dcadb0c490fb22a,20210902,123407,56.0,
743,VOIX,SORTANT,b7bbc4af8e27549bef5369c9173e8398,20210927,105000,34.0,
17,VOIX,ENTRANT,ef0575cb58e2587bff38f4e6194145cb,20210707,103855,54.0,
127,VOIX,ENTRANT,fb44c9048ef477158af167bafc33cf50,20210727,150840,118.0,
322,VOIX,SORTANT,7ce5790fe0d1e3ce6316932df08d7bbf,20210812,104036,10.0,
255,VOIX,ENTRANT,61385c2c32ddb3186fbfc952c242498b,20210729,220807,17.0,
657,VOIX,ENTRANT,ca659681aa80c2225a64d58ad1543fb7,20210924,91355,3.0,
964,VOIX,ENTRANT,e6bbb38a68e5d73d778a9b30c8c499ba,20211028,84806,96.0,
190,VOIX,ENTRANT,3d6619845c9ad961c42388745dd21f51,20210728,5836,4.0,
115,VOIX,SORTANT,ceef3801b5412ad2880e7509bcc9fd80,20210727,200236,27.0,
616,VOIX,ENTRANT,3d2d38b7c8f8e2fa6fb36da971102ec2,20210923,91434,37.0,
606,VOIX,SORTANT,5757c99a52d73d9b3e563a0046add2ee,20210923,145537,37.0,
180,VOIX,ENTRANT,3c7a4b5963a4a1dd6f46a5611fb8e48d,20210728,163004,3.0,
301,VOIX,ENTRANT,bc090192d6e6ee288065e2b9940e86ae,20210812,120835,4.0,
759,VOIX,SORTANT,62c8556a98a067bcbd1615caf3760646,20211013,221356,152.0,
712,VOIX,SORTANT,7eb55f061ee0a85527c5620aaab3c541,20210927,202651,221.0,
723,VOIX,ENTRANT,da2104adb8b93f79518d7e0897c09c5e,20210927,110351,31.0,
685,VOIX,SORTANT,a6f7a227364f46d5937be53dfb63f51f,20210924,44113,44.0,
979,VOIX,SORTANT,7f7c65dc8edf30307e24212fea626347,20211028,124545,8.0,
517,SMS,ENTRANT,e13fe01fb565d8abfb1c3baeb89a2d98,20210831,201418,1.0,
984,VOIX,SORTANT,5b185cfd4a84b121af6295fa7994127b,20211028,101354,152.0,
45,VOIX,ENTRANT,73874a12b1847e1ec468224020c225f4,20210712,142018,35.0,
909,VOIX,SORTANT,60d6f334ed6db5b2c11a6563c2010035,20211025,182416,7.0,
157,VOIX,ENTRANT,511e90dc6c1655529526a6f28b40168a,20210728,130843,30.0,
851,VOIX,ENTRANT,807dc79d09614385176df8a8d0d8d311,20211018,182603,118.0,
171,VOIX,ENTRANT,0ce2a125609bbcc68a5f0ca9d1343151,20210728,204612,107.0,
16,VOIX,ENTRANT,67ddc0431cee78bae41d5d9811d8f131,20210707,84941,4.0,
511,VOIX,ENTRANT,fba1988ecc780c88e470a581fb76421b,20210831,141204,1.0,
48,VOIX,ENTRANT,eb579619ca0980a8de579314ccc5bbbf,20210712,200329,7.0,
971,VOIX,SORTANT,1791881b28ce6c4bf059f7a697114415,20211028,170700,299.0,
940,VOIX,ENTRANT,94b01eaa9d0e507f0830ef261e28aab2,20211025,171321,120.0,
515,VOIX,SORTANT,266a4928aef3a5e1c05e2277d08f0d4b,20210831,173833,87.0,
952,VOIX,SORTANT,508ce3e0e0ce5bbb0b6ecbbec30be76e,20211025,210200,28.0,
480,VOIX,ENTRANT,2260c6c78e9cbddbff520692b163ad0d,20210830,163619,53.0,
283,SMS,SORTANT,706f2f83af35a570b3d2ff3e535c42e6,20210812,150100,1.0,
718,VOIX,SORTANT,655d843aa9f7ea3ec3515be4deef453b,20210927,103851,1.0,
877,VOIX,ENTRANT,b198c897a653c09cf8f0cbbddf73c744,20211018,175247,22.0,
225,VOIX,ENTRANT,4c4b2fdea8c8e17379f8629128d9746c,20210729,113252,118.0,
26,VOIX,SORTANT,03c33ba475b9f09acb4ec9bd61dcca1a,20210707,100743,13.0,
954,SMS,ENTRANT,dac72f431d3749e10ea5346009a5bdca,20211025,151300,1.0,
437,VOIX,SORTANT,8c62f2d88b83a5ca562f8c83b63ceaee,20210816,133041,48.0,
951,VOIX,ENTRANT,706f2f83af35a570b3d2ff3e535c42e6,20211025,225056,176.0,
364,VOIX,SORTANT,49544741584ff135fce01ee17fda6ee3,20210814,182959,151.0,
229,VOIX,ENTRANT,a6f7a227364f46d5937be53dfb63f51f,20210729,124738,290.0,
37,VOIX,SORTANT,8f6e8305f5e31d00fe36d7c36736d236,20210707,123556,65.0,
965,VOIX,ENTRANT,7122edf012582b33563f2bccb07053f5,20211028,100455,131.0,
374,VOIX,ENTRANT,47429fb64a727889d6d00ddd4b64bff5,20210814,220002,1306.0,
469,VOIX,SORTANT,60d6f334ed6db5b2c11a6563c2010035,20210830,233141,91.0,
967,VOIX,ENTRANT,fcb360b17401be2d03f89bae0729819a,20211028,131242,10.0,
850,VOIX,ENTRANT,923bccd8017b829f5926aff08e780441,20211017,5334,4.0,
704,VOIX,SORTANT,bf43888c0d0c6b8c7391aab121da5f25,20210924,93003,51.0,
841,VOIX,ENTRANT,754e21df703a3e06e2a312b155cdbf9f,20211017,225336,69.0,
194,VOIX,ENTRANT,2c62a5d560cc94979e54412eaf69e7fb,20210728,214727,30.0,
854,VOIX,ENTRANT,9964c77f1e5495ff4917372b79a1839f,20211018,80234,14.0,
864,VOIX,ENTRANT,1542c4cf8fb00f6eb06a9df9389402ae,20211018,205342,4.0,
503,VOIX,ENTRANT,686cc4c01cdef39a4cf683b96878aa13,20210831,185043,4.0,
969,VOIX,SORTANT,9fe0dbb466d9f0d0f7fb0e22a4b3389d,20211028,145909,13.0,
830,VOIX,ENTRANT,e4b45c395e0a2fdb0420e95e6681487d,20211017,84545,539.0,
579,SMS,SORTANT,b3221c868fcfd9792c1e1ed772129a4b,20210902,131014,1.0,
968,VOIX,ENTRANT,c510f2ab4fadff2bd314daec77dd77ad,20211028,90204,31.0,
162,VOIX,SORTANT,0e235c474eacc1ebdc6ebe4eb5034fcb,20210728,195556,54.0,
908,VOIX,ENTRANT,99e1df494c67c71d6190564cb678516d,20211025,110443,4.0,
152,VOIX,SORTANT,71f00c148b8a2a45a331d952daae497c,20210727,161131,23.0,
801,VOIX,SORTANT,1042cfa8530656766700ee14cd5167f3,20211017,120100,28.0,
993,VOIX,ENTRANT,48050e8b8dbfd59d3af1c8627975c3ed,20211028,221434,62.0,
755,VOIX,SORTANT,3139bc5ac55ea71576a8b7e8d690ae08,20211013,135858,280.0,
111,VOIX,SORTANT,90f88e3b54dba4973994cb3f586b0bc1,20210715,182058,98.0,
226,VOIX,SORTANT,ce3e3a8ab2a5390a8a37f871e1e3ce8f,20210729,81150,19.0,
688,VOIX,SORTANT,7eec00bff34785b628c24a5f254e1e0d,20210924,102746,13.0,
103,VOIX,ENTRANT,f3909dc4f984fe869328776543eff0fd,20210715,225740,73.0,
421,VOIX,SORTANT,8450264968fcaeb02c904827d14562ef,20210816,171639,37.0,
419,VOIX,ENTRANT,998ca66a75d06cb389d4a53c6acaed78,20210816,104759,4.0,
750,SMS,SORTANT,9fd9c242c35a1ecea64ba8cdf778fdaa,20211013,102947,1.0,
586,SMS,SORTANT,c3a30476fee57eadd27ca487c29735a5,20210902,103736,1.0,
780,VOIX,ENTRANT,b98ade566222f3c12f355430fadd8796,20211013,90712,41.0,
672,VOIX,ENTRANT,5beb1785736a6129741e885627775920,20210924,152637,39.0,
119,VOIX,ENTRANT,9c8958b30104c37476be41e5e45dd528,20210727,104550,7.0,
53,VOIX,ENTRANT,7eec00bff34785b628c24a5f254e1e0d,20210712,114423,39.0,
151,VOIX,SORTANT,dc78c1131c9f82e0a3360e52937971ec,20210727,183615,28.0,
403,VOIX,ENTRANT,9b0e38fbd92d3d7418d503f2701eebbb,20210816,155047,57.0,
945,VOIX,SORTANT,94b01eaa9d0e507f0830ef261e28aab2,20211025,183314,30.0,
207,VOIX,SORTANT,36de3701fec64a30cff3f6ed94d3c8cd,20210729,220600,60.0,
658,VOIX,SORTANT,d40af322c8b5f64f77ec87d93c2f0432,20210924,172344,95.0,
843,VOIX,ENTRANT,ecda77fc5f494ec228e852df243bd8b5,20211017,201253,108.0,
762,VOIX,SORTANT,214ca40e0304714a24a25124e0846822,20211013,215051,464.0,
8,VOIX,ENTRANT,d2c2577cbee40297a1d2c02f079d2f0b,20210707,121722,8.0,
807,VOIX,SORTANT,b07d4a0e5e176cdae15aa4a0ea813d6c,20211017,200413,38.0,
36,VOIX,ENTRANT,97b524293616722c970001a358602bcb,20210707,160934,192.0,
452,VOIX,ENTRANT,3d0e3a1fd0ffeeda4ded1144323cb2ce,20210830,155653,51.0,
651,VOIX,SORTANT,c5e9eb29b05fd1d10ca7b244fa52b6a7,20210924,142842,32.0,
253,VOIX,ENTRANT,9b0e38fbd92d3d7418d503f2701eebbb,20210729,220909,81.0,
303,VOIX,ENTRANT,f531b8ecc84e012ff647ac10976bde9f,20210812,180806,18.0,
746,VOIX,ENTRANT,706f2f83af35a570b3d2ff3e535c42e6,20210927,183508,94.0,
571,VOIX,SORTANT,e8eac2b00e9635ce1aa854b6a0f56be8,20210902,131613,12.0,
623,VOIX,ENTRANT,b4d2ff80c82236f174ff94f477d6e124,20210923,123242,73.0,
732,VOIX,ENTRANT,f9522f4a8aebf6613e039da9b79c473f,20210927,225459,2409.0,
891,SMS,SORTANT,aadae5c9c28a1b77584de3575ff6620d,20211018,174954,1.0,
262,VOIX,SORTANT,8f4ece455e938ae12d884a326606fcbf,20210729,180319,23.0,
610,VOIX,SORTANT,e086269a3ca12f9e6b45d05b6a135df4,20210923,155235,30.0,
297,VOIX,ENTRANT,3d6619845c9ad961c42388745dd21f51,20210812,210331,60.0,
414,VOIX,SORTANT,1791f8cf0c7199f1890538df0f36cf46,20210816,210407,28.0,
150,VOIX,SORTANT,d1cafed82dd558ebe6e10814e9611bbd,20210727,195134,10.0,
788,SMS,SORTANT,99d0aba96f1d1e7ac60781a78c4eceda,20211013,100336,1.0,
640,SMS,ENTRANT,280d3340307a46836a6bef7b779973fc,20210923,152317,1.0,
889,VOIX,ENTRANT,91bada69b94a7fbd2ea1fd1ff6a4475e,20211018,15349,36.0,
550,SMS,ENTRANT,c4ff127d487e615514c1d164d0c5e65c,20210902,161741,1.0,
886,VOIX,SORTANT,c429190142142c3e9ff63d9f550d150a,20211018,112301,46.0,
488,VOIX,ENTRANT,9a45432d1cef070e28a125045d7a7a47,20210830,193209,4.0,
147,SMS,SORTANT,eb014763daa75ed8b8d3698846e1abfd,20210727,125323,1.0,
146,VOIX,ENTRANT,78a23495a1dffbf68924600f6306fd5b,20210727,234230,4.0,
720,VOIX,ENTRANT,410d3c47dff5bd6abf21f0bcce38d882,20210927,172043,196.0,
931,VOIX,ENTRANT,da2104adb8b93f79518d7e0897c09c5e,20211025,121424,15.0,
739,VOIX,SORTANT,5cf2648a09e608f83ad671cbe1aade8f,20210927,220320,117.0,
659,VOIX,ENTRANT,17fbd4329a910b1c311a6e9c7dd715ed,20210924,165913,126.0,
348,VOIX,SORTANT,99d0aba96f1d1e7ac60781a78c4eceda,20210814,162529,6.0,
463,VOIX,ENTRANT,c2b4a9dd7a4c1c453c62f63a61b13e0e,20210830,133404,34.0,
325,VOIX,SORTANT,4f38d9701b26067f1f65d9b630813bbe,20210812,85349,17.0,
186,VOIX,ENTRANT,c62f14c122e8bf4dcfe84bdbfefacc46,20210728,231015,33.0,
123,VOIX,SORTANT,592558c25eca9ab0afb8c522f14bcb0e,20210727,184901,63.0,
853,VOIX,ENTRANT,550251b476b4e87505d01b9cf2f615da,20211018,123109,36.0,
608,VOIX,SORTANT,d40af322c8b5f64f77ec87d93c2f0432,20210923,71039,49.0,
143,VOIX,SORTANT,ecda77fc5f494ec228e852df243bd8b5,20210727,112746,13.0,
958,VOIX,SORTANT,86f648f977e7ee9bb30f6870b1972c2d,20211025,71058,34.0,
197,VOIX,ENTRANT,f64e64fb4ebbd8f04abba3a7674b5564,20210729,164332,16.0,
609,VOIX,SORTANT,6fe0664913f255cbeb4a589fd036ac98,20210923,153356,15.0,
279,VOIX,ENTRANT,fb7c378b0f6a13039b674bf38009d7c2,20210729,4547,16.0,
293,VOIX,SORTANT,8c62f2d88b83a5ca562f8c83b63ceaee,20210812,125523,3.0,
400,VOIX,ENTRANT,500b7fb7e491817734a4e40b46b53a07,20210816,91552,15.0,
122,VOIX,SORTANT,cc7d32cbc93d64a4580cceacf493e2f2,20210727,95907,39.0,
183,VOIX,ENTRANT,cd25318104e9656be7a3eaa86dc7b655,20210728,161406,440.0,
202,VOIX,SORTANT,266a4928aef3a5e1c05e2277d08f0d4b,20210729,125440,33.0,
438,VOIX,SORTANT,277180236bc5e0b51db2384ffaf1d6cf,20210830,214104,1082.0,
246,VOIX,ENTRANT,61385c2c32ddb3186fbfc952c242498b,20210729,84358,4.0,
415,VOIX,SORTANT,c4ff127d487e615514c1d164d0c5e65c,20210816,183251,225.0,
932,VOIX,SORTANT,ce3e3a8ab2a5390a8a37f871e1e3ce8f,20211025,210941,9.0,
765,VOIX,ENTRANT,3e6824e6c60292b85b39fe8646f0a485,20211013,121738,140.0,
906,VOIX,ENTRANT,d65862c2b2c34aefb070a708718426b3,20211025,161950,2.0,
835,VOIX,ENTRANT,68ac1759891784430027b3621dba109b,20211017,141516,15.0,
887,VOIX,SORTANT,b4dd9d273c84b4ceb6ad0932d12587a0,20211018,105708,127.0,
129,VOIX,SORTANT,15b4572a77f54fbe29a2ac2de3a8b022,20210727,160139,61.0,
637,VOIX,ENTRANT,6f414e2e6bd82c9b27ccf70ea901df35,20210923,152554,29.0,
402,VOIX,ENTRANT,28ef7676d99efdbbe76f110a81aeb64c,20210816,211154,36.0,
784,VOIX,SORTANT,a6d1fe6a80c5b601fd064a26a7cb5cd3,20211013,111552,26.0,
770,VOIX,ENTRANT,5421ff989b692c8a7a97b66b6ef8af3d,20211013,191114,44.0,
735,SMS,ENTRANT,b3221c868fcfd9792c1e1ed772129a4b,20210927,80104,1.0,
913,VOIX,ENTRANT,73794554e4bb5bc07a1989659e6f994e,20211025,181303,82.0,
219,VOIX,ENTRANT,a3aa4c9d8b6f29bbb67139f9acd3923d,20210729,165839,19.0,
641,VOIX,SORTANT,214ca40e0304714a24a25124e0846822,20210923,195249,40.0,
915,VOIX,SORTANT,923bccd8017b829f5926aff08e780441,20211025,161522,25.0,
752,VOIX,ENTRANT,01ea01f8732c67d8d2f4bcf2526face7,20211013,222956,266.0,
806,VOIX,ENTRANT,a3bf4e97be38215b61a573e356f18d35,20211017,3647,29.0,
919,VOIX,ENTRANT,400c7973f6f68ba4d43452672ecf5e92,20211025,170445,92.0,
624,VOIX,SORTANT,f3909dc4f984fe869328776543eff0fd,20210923,170027,55.0,
874,VOIX,SORTANT,2dc41492db5a596545f8d23d4ce00524,20211018,200324,35.0,
760,VOIX,ENTRANT,a54f4eabf8e83d498b5c6f458f3b8172,20211013,135944,133.0,
386,SMS,SORTANT,d1ea9f6b1e23f5dea5be3e92bd911dde,20210814,212322,1.0,
972,VOIX,SORTANT,62b4f38165bbd70dbacc5ad668f7ee3a,20211028,185704,1698.0,
509,VOIX,ENTRANT,f535d127fef37c8766aef4c8bca04d69,20210831,204802,40.0,
267,VOIX,ENTRANT,476973efd2f21b8e80f10a35e144bf1e,20210729,153903,207.0,
819,VOIX,SORTANT,84b76ced84d93beee3fbf243cedf79ba,20211017,152832,101.0,
441,VOIX,SORTANT,400c7973f6f68ba4d43452672ecf5e92,20210830,165005,20.0,
496,VOIX,ENTRANT,78c61c8e44db5bb4c6012ab7e2e322f9,20210831,155509,31.0,
112,VOIX,ENTRANT,56f1a840fb2104bd528e44a0859a9e07,20210715,172703,4.0,
691,VOIX,ENTRANT,527001403dd2929b768585a4772b2e02,20210924,110237,4.0,
232,VOIX,SORTANT,b98ade566222f3c12f355430fadd8796,20210729,110248,11.0,
869,VOIX,ENTRANT,706f2f83af35a570b3d2ff3e535c42e6,20211018,122905,3.0,
607,VOIX,ENTRANT,a7609996c05f8169b0d87e8f5ab1d688,20210923,123516,9.0,
671,VOIX,SORTANT,49544741584ff135fce01ee17fda6ee3,20210924,92405,15.0,
373,VOIX,ENTRANT,12291bd303c430be29adc54bee5a1d52,20210814,130903,4.0,
981,VOIX,SORTANT,bef5c236eabe3744a4888650077ad091,20211028,111612,131.0,
842,VOIX,ENTRANT,05e198f9c5aeb2a7d104242b758e71f8,20211017,5616,1239.0,
233,VOIX,ENTRANT,c4ff127d487e615514c1d164d0c5e65c,20210729,160736,111.0,
785,VOIX,SORTANT,1e65ea53ece4aa4b81d8c76cc5b809b3,20211013,222229,49.0,
676,VOIX,ENTRANT,a123d1c277489a2014ac0983ebf1a544,20210924,194907,26.0,
317,VOIX,ENTRANT,9dafdfc3aaac9f8fa69c2cfd3b9f11bf,20210812,121249,27.0,
648,VOIX,ENTRANT,f69c7d26d43becc53192bd7fcbbf0ea3,20210923,162842,19.0,
410,VOIX,ENTRANT,5f2391028decb2036d27b96318e0d711,20210816,214718,126.0,
898,VOIX,SORTANT,f3802303c02cffb6bd0b21025c1ebff7,20211025,95459,22.0,
709,VOIX,ENTRANT,3d4c25c5d3494784e5be741482ac379d,20210927,232009,56.0,
358,VOIX,SORTANT,d46a20eea78cc1be3ae878e742a7dd4c,20210814,141719,17.0,
258,VOIX,SORTANT,a7609996c05f8169b0d87e8f5ab1d688,20210729,181929,48.0,
744,VOIX,SORTANT,6619baec431f2118fc4d523cafe75411,20210927,193518,90.0,
627,VOIX,ENTRANT,675f23af460ffe44932bee08d22187a3,20210923,192743,43.0,
632,VOIX,ENTRANT,ca95b7c138c2be9835f83c8108f473dc,20210923,101410,4.0,
282,VOIX,SORTANT,ebd6f3e64f850d29b0cb84738b1c374e,20210812,92110,31.0,
376,VOIX,ENTRANT,2f78237333cd50015bf2cc69ebe52688,20210814,142135,42.0,
384,VOIX,ENTRANT,b4d2ff80c82236f174ff94f477d6e124,20210814,185627,4.0,
224,VOIX,ENTRANT,41a8b0a7cb43186a76a4c6a51390a367,20210729,212057,44.0,
953,VOIX,ENTRANT,b2bf9486e2c26922006accc9581315aa,20211025,80951,1.0,
814,VOIX,SORTANT,b07d4a0e5e176cdae15aa4a0ea813d6c,20211017,165928,31.0,
472,VOIX,ENTRANT,33625eb0f5345f152cd6a69a9984038b,20210830,131959,71.0,
347,VOIX,ENTRANT,d04b0ac7c01eb9ae116bd7a7d43f328e,20210814,202125,1.0,
505,VOIX,ENTRANT,79fd251aa08de226e78681df95369aab,20210831,102440,272.0,
639,VOIX,ENTRANT,280d3340307a46836a6bef7b779973fc,20210923,132026,159.0,
987,VOIX,ENTRANT,358f831ae442d0f71f38035d90028440,20211028,93141,3.0,
928,VOIX,SORTANT,266a4928aef3a5e1c05e2277d08f0d4b,20211025,102751,65.0,
905,VOIX,SORTANT,c5e9eb29b05fd1d10ca7b244fa52b6a7,20211025,180754,199.0,
619,VOIX,SORTANT,f5ce14f0d134ce4338b0d7d48a50c9bd,20210923,125004,41.0,
855,VOIX,ENTRANT,125a7df0e52d7a1ef0b6511ec6399996,20211018,103647,118.0,
803,VOIX,ENTRANT,550251b476b4e87505d01b9cf2f615da,20211017,184613,31.0,
645,VOIX,ENTRANT,f664e8a1a64c214f51a8e1e405d9959f,20210923,204622,23.0,
846,VOIX,ENTRANT,a460186007060959b3413220b922927f,20211017,192314,46.0,
556,VOIX,ENTRANT,c0451c368a734edff5612ab9b766abc9,20210902,100005,69.0,
957,VOIX,SORTANT,ff4ed5340a54d9d8afb3dd8980df3fe5,20211025,161153,71.0,
577,SMS,ENTRANT,280d3340307a46836a6bef7b779973fc,20210902,213236,1.0,
795,VOIX,ENTRANT,0ce2a125609bbcc68a5f0ca9d1343151,20211017,122850,116.0,
85,VOIX,ENTRANT,a3bf4e97be38215b61a573e356f18d35,20210715,201041,57.0,
242,VOIX,ENTRANT,a460186007060959b3413220b922927f,20210729,170120,46.0,
698,VOIX,ENTRANT,52350d62052817626d6c6135bbe23823,20210924,70203,20.0,
159,VOIX,ENTRANT,e90612afa871b9f7a7759d84d766206c,20210728,215522,4.0,
524,VOIX,SORTANT,e13fe01fb565d8abfb1c3baeb89a2d98,20210831,14551,48.0,
35,VOIX,SORTANT,b5f64a99f36c8900763f742cce16bec6,20210707,172629,424.0,
540,SMS,ENTRANT,2eee3964f0c25307c01a13e243d5dd4a,20210831,140609,1.0,
170,VOIX,SORTANT,cfb433f46644f603f41e4b6a7f71891a,20210728,160504,27.0,
654,VOIX,ENTRANT,096a036aaf61b8cc9d91879811fcb02a,20210924,192257,434.0,
890,VOIX,ENTRANT,69cbc99deb30e5c06981f2179d056625,20211018,154340,70.0,
857,VOIX,ENTRANT,20a232ac5f3f7bb48cd805ef62484b01,20211018,203808,12.0,
847,VOIX,ENTRANT,efa9f45a81e050fa97fff2fd3feb63c6,20211017,231646,79.0,
944,VOIX,SORTANT,0e235c474eacc1ebdc6ebe4eb5034fcb,20211025,231644,23.0,
733,VOIX,SORTANT,4aa133be7f22ead507d30dd145769b35,20210927,202629,27.0,
95,VOIX,SORTANT,78b0ef251d4e466599d8047e903d23b3,20210715,135328,82.0,
563,VOIX,ENTRANT,bbea8a8995f70ae6f28135bf75dfa2f3,20210902,121723,164.0,
240,VOIX,ENTRANT,cd25318104e9656be7a3eaa86dc7b655,20210729,183116,345.0,
742,VOIX,ENTRANT,8f7d06193360d75bf335a00468c56703,20210927,115647,5.0,
574,VOIX,ENTRANT,05e198f9c5aeb2a7d104242b758e71f8,20210902,194304,22.0,
690,VOIX,SORTANT,35f9879d3b65bf69ced1482813fcbd10,20210924,175741,171.0,
460,VOIX,ENTRANT,fba1988ecc780c88e470a581fb76421b,20210830,155416,52.0,
553,VOIX,SORTANT,c38e3d451231bdc00a9ee32975d5c479,20210902,184201,61.0,
888,VOIX,SORTANT,80ec0d419099593865afa4db642a7d7d,20211018,180605,1.0,
206,VOIX,SORTANT,4aa133be7f22ead507d30dd145769b35,20210729,223233,87.0,
392,VOIX,ENTRANT,9b0e38fbd92d3d7418d503f2701eebbb,20210816,114507,79.0,
794,VOIX,SORTANT,427cc4ce793a26550baedc81ed5eeeab,20211017,153845,27.0,
397,VOIX,SORTANT,0cc49bdedd884fa809761b2798178d8c,20210816,125859,24.0,
766,VOIX,ENTRANT,4f4e8691480d74595ab4372f29074bae,20211013,190728,374.0,
848,VOIX,SORTANT,70998210ad08a4dedd415b01d8214e5d,20211017,105021,15.0,
217,VOIX,SORTANT,918fe2a149dd2acf2cdf5da149177365,20210729,135406,178.0,
4,VOIX,SORTANT,7122edf012582b33563f2bccb07053f5,20210707,213458,117.0,
768,VOIX,SORTANT,c49b1214e406e79cde6a3a549d4cf175,20211013,124851,45.0,
642,VOIX,SORTANT,d6ddb89ae38aee389a84dd500f13517b,20210923,184106,81.0,
929,VOIX,ENTRANT,315a79b04b78e77bdea30e22142e1bb6,20211025,174731,110.0,
612,VOIX,ENTRANT,a1fb7e435f78938693cd0b5b272189de,20210923,192355,61.0,
738,VOIX,ENTRANT,aadae5c9c28a1b77584de3575ff6620d,20210927,100442,102.0,
546,VOIX,ENTRANT,9801b6d3294dabcb21d78d10d59e8f4f,20210831,220202,50.0,
725,VOIX,ENTRANT,ea36e0fefb4612382c3e3162f25f6d2a,20210927,111102,3.0,
683,VOIX,SORTANT,e6bbb38a68e5d73d778a9b30c8c499ba,20210924,191203,43.0,
98,VOIX,ENTRANT,0ad5cd75e483d8ad06f886bf24df2844,20210715,213650,135.0,
804,SMS,SORTANT,f3909dc4f984fe869328776543eff0fd,20211017,5603,1.0,
727,VOIX,ENTRANT,126be5169f7b7d523e6d835b8c19440e,20210927,162107,4.0,
573,VOIX,SORTANT,500b7fb7e491817734a4e40b46b53a07,20210902,170539,8.0,
406,VOIX,ENTRANT,d46a20eea78cc1be3ae878e742a7dd4c,20210816,205107,94.0,
502,VOIX,ENTRANT,501e3a15dbe1924e161d236470f61efd,20210831,101559,37.0,
47,VOIX,SORTANT,131cd5280ac83fc03e90a049c9b87945,20210712,102330,27.0,
32,VOIX,ENTRANT,8ad421cabccbb8eebcc6d56092073d94,20210707,105048,82.0,
779,VOIX,ENTRANT,8cd6b65032a14d389e13169137c72fef,20211013,210135,3.0,
839,VOIX,SORTANT,b4dd9d273c84b4ceb6ad0932d12587a0,20211017,110831,63.0,
200,VOIX,SORTANT,1a6b15af677fa18626e531426df5259a,20210729,210523,1.0,
134,VOIX,ENTRANT,3aea733b1d32bafcfd5aed4928950ec1,20210727,153924,41.0,
27,VOIX,ENTRANT,ba87e70b5b4228561d982df2418a2ded,20210707,93945,2.0,
880,SMS,ENTRANT,79fd251aa08de226e78681df95369aab,20211018,151948,1.0,
230,SMS,SORTANT,7122edf012582b33563f2bccb07053f5,20210729,171957,1.0,
489,VOIX,ENTRANT,9a45432d1cef070e28a125045d7a7a47,20210830,201853,48.0,
772,VOIX,ENTRANT,001c425376b338873829444e09dad192,20211013,2123,3.0,
378,VOIX,ENTRANT,9854216da8f1835ee11bced3d9c2f276,20210814,193804,37.0,
288,VOIX,ENTRANT,f47afa1aa299435f0e610220cec56e2c,20210812,82254,148.0,
418,VOIX,SORTANT,d01c1ebc4a980b50925fe1e41e5e46a8,20210816,113937,22.0,
674,VOIX,ENTRANT,d65862c2b2c34aefb070a708718426b3,20210924,92014,18.0,
391,VOIX,ENTRANT,a028e43b929fe55f638dcd40d1d77b88,20210816,101823,108.0,
592,VOIX,ENTRANT,0830aabc0bf5822c8e460695aa416784,20210902,214206,2.0,
498,VOIX,ENTRANT,eea048f42ccc3725ac85c5f365b0d02b,20210831,125119,75.0,
138,VOIX,ENTRANT,12291bd303c430be29adc54bee5a1d52,20210727,53859,7.0,
62,VOIX,ENTRANT,a460186007060959b3413220b922927f,20210712,225630,65.0,
471,VOIX,SORTANT,c49b1214e406e79cde6a3a549d4cf175,20210830,175205,36.0,
647,VOIX,ENTRANT,2a8c13d510eff6bd045ad3ce2b35499e,20210923,204357,783.0,
128,VOIX,ENTRANT,ba86304e1faed72411e78a72f4fe6a49,20210727,115243,14.0,
976,VOIX,ENTRANT,d40af322c8b5f64f77ec87d93c2f0432,20211028,102427,68.0,
520,VOIX,SORTANT,49544741584ff135fce01ee17fda6ee3,20210831,183631,22.0,
838,VOIX,ENTRANT,39c71e742161832f94aac70662102846,20211017,15341,73.0,
962,VOIX,ENTRANT,d83f73e92762b82727515786f558a8e7,20211028,113753,9.0,
64,VOIX,ENTRANT,a3ed15218ced0c98aa33c5391699ec68,20210712,121214,71.0,
812,VOIX,ENTRANT,37d3e1d192e51ed1f9ad88ab3ed7a03b,20211017,170057,73.0,
14,VOIX,ENTRANT,706f2f83af35a570b3d2ff3e535c42e6,20210707,135149,3.0,
156,VOIX,SORTANT,f47afa1aa299435f0e610220cec56e2c,20210727,165914,12.0,
40,VOIX,ENTRANT,a45b5c68b6b9db8c7d99657ce19bd986,20210707,215849,21.0,
492,VOIX,ENTRANT,5b72866d01501f02a5c92873fef3003e,20210830,84618,49.0,
379,VOIX,SORTANT,b2bf9486e2c26922006accc9581315aa,20210814,160946,16.0,
187,VOIX,ENTRANT,7bd76866ebd58547c69d2268c43ea60c,20210728,122821,3.0,
763,VOIX,SORTANT,d1ea9f6b1e23f5dea5be3e92bd911dde,20211013,185054,41.0,
216,VOIX,ENTRANT,b7a0dd0fe49f90f75bb047ec6d43253c,20210729,111953,104.0,
791,VOIX,ENTRANT,703753df3ca0292900282eb08d149794,20211013,195055,593.0,
52,VOIX,ENTRANT,f207abad96f15c7a28da96f4ef704a3e,20210712,100315,14.0,
878,VOIX,SORTANT,49544741584ff135fce01ee17fda6ee3,20211018,173840,88.0,
337,VOIX,SORTANT,8c62f2d88b83a5ca562f8c83b63ceaee,20210812,80245,29.0,
748,VOIX,SORTANT,ce3e3a8ab2a5390a8a37f871e1e3ce8f,20210927,223842,40.0,
719,VOIX,ENTRANT,c98e0cbf421636ae03ffb57512989923,20210927,132958,335.0,
724,VOIX,ENTRANT,ff50019058f0cf83903cdb3405c835b9,20210927,150510,58.0,
295,VOIX,ENTRANT,7ee39fee043d1c3a4f1cf1d80c47a324,20210812,151003,3.0,
701,VOIX,ENTRANT,f9522f4a8aebf6613e039da9b79c473f,20210924,180824,199.0,
251,VOIX,ENTRANT,b198c897a653c09cf8f0cbbddf73c744,20210729,141612,21.0,
726,VOIX,SORTANT,56b77f2d7783c8ba033291e8e262121f,20210927,103957,35.0,
461,VOIX,SORTANT,fc287d66ee5d20229975503224b22a3d,20210830,114150,34.0,
455,VOIX,ENTRANT,c97a07fcfd5f67e22201fc9eae166ff3,20210830,74520,1.0,
996,VOIX,SORTANT,83066c549149d7ee5768ea48e01a1131,20211103,215937,56.0,
815,VOIX,ENTRANT,99e1df494c67c71d6190564cb678516d,20211017,222343,13.0,
862,VOIX,ENTRANT,e9f38cb18a95e01a1ce97c5e8a66c057,20211018,125339,15.0,
269,VOIX,ENTRANT,9c8958b30104c37476be41e5e45dd528,20210729,220950,236.0,
201,VOIX,SORTANT,99d0aba96f1d1e7ac60781a78c4eceda,20210729,111015,19.0,
161,VOIX,ENTRANT,17fbd4329a910b1c311a6e9c7dd715ed,20210728,192519,2.0,
555,VOIX,ENTRANT,3ee92a198ae3330a9c5d7b9c62d143f8,20210902,214736,185.0,
729,VOIX,SORTANT,e65d2ac4f4b77dc166f48f20f06fa5a1,20210927,101719,127.0,
401,VOIX,SORTANT,bd0862a9d1cf5d3209aa3fa1f9450740,20210816,175430,31.0,
702,VOIX,SORTANT,91b1d31e15765c940094773a40bb688a,20210924,213000,27.0,
476,VOIX,ENTRANT,84d9cc5e0d9cc9d6e2a97ca2dc4c0cc9,20210830,214514,125.0,
821,VOIX,SORTANT,af5645dcb335a4822ce5716d8205c1da,20211017,150551,14.0,
771,VOIX,SORTANT,8afc5dc433779070b7ba5ef05343ed07,20211013,173348,20.0,
105,VOIX,SORTANT,65b9eb23ba829ccf47d7bb5df1fd249f,20210715,130458,114.0,
565,VOIX,ENTRANT,74a409f5808676b9df69cd2157ac0f2b,20210902,132830,47.0,
389,VOIX,ENTRANT,bbe7b62bcfabb6922dfc80dce4fd2d3a,20210816,194124,77.0,
1,VOIX,SORTANT,0583d6efcb6ae9f33fa5db25eca06316,20210707,165005,1.0,
937,SMS,SORTANT,115d5fe86996f5737423d32b7b2760f5,20211025,150350,1.0,
982,VOIX,ENTRANT,459a02c40cc48b230d0f4d4a4c64aaed,20211028,153704,18.0,
561,VOIX,ENTRANT,3d6619845c9ad961c42388745dd21f51,20210902,210341,23.0,
80,VOIX,ENTRANT,468b0c416fb25d96a95d701c81d6e668,20210715,180310,23.0,
205,VOIX,ENTRANT,3e3aaa75bdd6c109fab361de6877cb81,20210729,84723,416.0,
34,VOIX,ENTRANT,4e44c9e71d40be049dcd43997ff85893,20210707,82312,70.0,
775,VOIX,ENTRANT,cf2d4307d437bf607c67b156e34e9738,20211013,110215,103.0,
508,VOIX,SORTANT,7eec00bff34785b628c24a5f254e1e0d,20210831,123656,95.0,
427,VOIX,SORTANT,b7bbc4af8e27549bef5369c9173e8398,20210816,162703,14.0,
454,VOIX,ENTRANT,9964c77f1e5495ff4917372b79a1839f,20210830,93619,13.0,
366,VOIX,SORTANT,01ea01f8732c67d8d2f4bcf2526face7,20210814,185314,36.0,
91,VOIX,ENTRANT,239e50af607fe82b58b31ad43589c4be,20210715,234315,13.0,
339,SMS,SORTANT,4a171a725d78f2775a77acd03704a138,20210812,193337,1.0,
897,VOIX,ENTRANT,3d4c25c5d3494784e5be741482ac379d,20211018,113303,2.0,
564,VOIX,ENTRANT,b198c897a653c09cf8f0cbbddf73c744,20210902,214841,4.0,
345,VOIX,SORTANT,49544741584ff135fce01ee17fda6ee3,20210814,154809,19.0,
776,VOIX,ENTRANT,2c62a5d560cc94979e54412eaf69e7fb,20211013,83610,36.0,
241,VOIX,ENTRANT,1155d92b52b7f1a72cec7836b3ce007d,20210729,101915,88.0,
13,VOIX,SORTANT,ca659681aa80c2225a64d58ad1543fb7,20210707,124717,35.0,
315,VOIX,ENTRANT,2cffe37591c5fe8e04f5652dbd2b66b3,20210812,155114,4.0,
600,VOIX,SORTANT,97b524293616722c970001a358602bcb,20210923,130554,20.0,
387,VOIX,ENTRANT,68693f7bc8321906c0437beb722e09bc,20210814,110756,100.0,
273,VOIX,SORTANT,46fcec3edffb429a16a10c01e1a8dd9c,20210729,120110,28.0,
166,VOIX,ENTRANT,fb7c378b0f6a13039b674bf38009d7c2,20210728,220959,401.0,
840,VOIX,SORTANT,65fa3d5782fdf39512e4009d42d60ec5,20211017,74735,19.0,
992,VOIX,ENTRANT,7362c0fe10457c09d8b2805488540767,20211028,142957,14.0,
646,VOIX,SORTANT,fc1945b3384ccd6856bc84dd929ce89b,20210923,195519,43.0,
818,VOIX,ENTRANT,5bf7d507f847dcc3996b80849b092766,20211017,141010,8.0,
484,VOIX,SORTANT,bd0862a9d1cf5d3209aa3fa1f9450740,20210830,172321,126.0,
980,VOIX,ENTRANT,c3a30476fee57eadd27ca487c29735a5,20211028,121021,12.0,
504,VOIX,ENTRANT,42cf4525b6907800b016c5a67b1d1059,20210831,182653,56.0,
831,VOIX,ENTRANT,7c22de998b83fca6b349d90ea3d0db0c,20211017,95020,2.0,
243,VOIX,ENTRANT,cf804a6b265ce602b6c06c790595bfd1,20210729,171203,23.0,
566,VOIX,ENTRANT,32b7e14f37a871b8f61bb775647d605e,20210902,214338,31.0,
875,VOIX,ENTRANT,7d6914baccadd981908712de27d584fc,20211018,132336,18.0,
562,SMS,SORTANT,280d3340307a46836a6bef7b779973fc,20210902,213317,1.0,
686,VOIX,ENTRANT,60c5fb03e156fbe57b38dffb44ab7837,20210924,132230,217.0,
189,VOIX,ENTRANT,7cf23d14ae46a73b02c65f92c1a87ed7,20210728,195125,85.0,
782,VOIX,ENTRANT,807dc79d09614385176df8a8d0d8d311,20211013,110229,3.0,
699,VOIX,SORTANT,280d3340307a46836a6bef7b779973fc,20210924,130519,7.0,
475,VOIX,ENTRANT,1e664c3192790761292c904a05374a53,20210830,190502,16.0,
681,VOIX,SORTANT,f531b8ecc84e012ff647ac10976bde9f,20210924,235618,36.0,
510,VOIX,ENTRANT,7df111f3c88f0adb6451c485f0b139a7,20210831,5546,2.0,
58,VOIX,ENTRANT,fc7ec9740a7342e84d4e88237c271208,20210712,103720,4.0,
474,VOIX,ENTRANT,d9a4a482d33c99f73f94a7b216c645b1,20210830,134123,35.0,
560,VOIX,ENTRANT,33625eb0f5345f152cd6a69a9984038b,20210902,221552,45.0,
856,VOIX,SORTANT,dac72f431d3749e10ea5346009a5bdca,20211018,232814,156.0,
747,VOIX,ENTRANT,fcb360b17401be2d03f89bae0729819a,20210927,95721,4.0,
252,VOIX,SORTANT,54db92cf5d6d23763e8b82f3341fc892,20210729,194816,31.0,
21,VOIX,SORTANT,2fb7cacdf34f5ef75d816d2318eb154b,20210707,111411,30.0,
313,VOIX,SORTANT,59e16aecaf240e660d4db02e25c9f38b,20210812,201242,294.0,
459,VOIX,SORTANT,5757c99a52d73d9b3e563a0046add2ee,20210830,100733,38.0,
160,VOIX,ENTRANT,eca935d5905e07800a5f2a713e34068e,20210728,203443,41.0,
276,VOIX,ENTRANT,125a7df0e52d7a1ef0b6511ec6399996,20210729,202458,183.0,
955,VOIX,SORTANT,f535d127fef37c8766aef4c8bca04d69,20211025,213941,26.0,
191,VOIX,ENTRANT,42cf4525b6907800b016c5a67b1d1059,20210728,142808,59.0,
385,VOIX,SORTANT,99d0aba96f1d1e7ac60781a78c4eceda,20210814,125150,92.0,
805,VOIX,SORTANT,52350d62052817626d6c6135bbe23823,20211017,52047,1.0,
413,VOIX,SORTANT,2ba34cb3fa9c4388768884b78c253181,20210816,82537,84.0,
491,SMS,ENTRANT,41a8b0a7cb43186a76a4c6a51390a367,20210830,143431,1.0,
343,SMS,ENTRANT,4a171a725d78f2775a77acd03704a138,20210812,195158,1.0,
769,VOIX,ENTRANT,572aba0d67ce52e72aafac6720f4ccc7,20211013,91612,188.0,
308,VOIX,SORTANT,266a4928aef3a5e1c05e2277d08f0d4b,20210812,90723,57.0,
661,VOIX,SORTANT,f535d127fef37c8766aef4c8bca04d69,20210924,143622,54.0,
130,VOIX,ENTRANT,b473a3fdf8276ebe08ceb7e0f99cceb5,20210727,65829,7.0,
663,VOIX,SORTANT,fb44c9048ef477158af167bafc33cf50,20210924,124730,42.0,
871,VOIX,ENTRANT,fbe6d03f611ee00ce872252b01f2929c,20211018,95502,4.0,
99,VOIX,ENTRANT,d1e248931539e28386dfb5326ad265dc,20210715,90030,366.0,
372,VOIX,ENTRANT,444826daf2c0f60f29fe0c85b122374c,20210814,160754,50.0,
87,VOIX,ENTRANT,0f604480d49c8ca77c3aad01e761c7d2,20210715,225032,18.0,
458,VOIX,SORTANT,fb44c9048ef477158af167bafc33cf50,20210830,120615,21.0,
330,VOIX,SORTANT,a3aa4c9d8b6f29bbb67139f9acd3923d,20210812,151342,16.0,
214,VOIX,ENTRANT,1e65ea53ece4aa4b81d8c76cc5b809b3,20210729,201716,1.0,
466,VOIX,SORTANT,131cd5280ac83fc03e90a049c9b87945,20210830,131442,155.0,
121,VOIX,ENTRANT,efedfe0737327037a48d9030ce2b0ec9,20210727,213627,122.0,
614,VOIX,ENTRANT,b46519e941153afcd2a485fd0e24fc3b,20210923,83942,4.0,
20,VOIX,ENTRANT,bc090192d6e6ee288065e2b9940e86ae,20210707,200607,40.0,
700,SMS,SORTANT,22e0b3b779b5f11698caaf53670330e7,20210924,191616,1.0,
71,VOIX,ENTRANT,fcb0a6adc03fdacc0733f1b834df8e17,20210712,182857,198.0,
106,VOIX,SORTANT,99ccb84f1884549c2127053df9b7d803,20210715,225218,1.0,
270,VOIX,ENTRANT,476973efd2f21b8e80f10a35e144bf1e,20210729,161053,435.0,
860,VOIX,SORTANT,ebedbc72b2967fb9f5e4b0adae0fc104,20211018,121121,1.0,
435,VOIX,SORTANT,76df62158877f701408f1e780ba0be3d,20210816,114005,114.0,
102,VOIX,SORTANT,f3909dc4f984fe869328776543eff0fd,20210715,163031,21.0,
