,ms_location,latitude,longitude,localite
521,608-01-19082-00011,14.8486863,-15.84759998,NDAME/MBACKE/DIOURBEL
737,608-01-03012-30391,14.5153192,-16.9425973,SINDIA/MBOUR/THIES
740,608-01-03012-41877,14.4266918,-16.9946803,SALY PORTUDAL/MBOUR/THIES
660,608-01-00818-00001,16.028762,-16.508092,SAINT LOUIS/SAINT LOUIS/SAINT-LOUIS
411,608-01-09022-43213,13.1240783,-13.6807617,BONCONTO/VELINGARA/KOLDA
678,608-01-01036-00003,14.75674809,-17.4349775,PARCELLES ASSAINIES/DAKAR/DAKAR
626,608-01-00674-00006,15.04486432,-16.04869978,DAROU MOUSTY/KEBEMER/LOUGA
513,608-01-09042-63492,14.868639,-15.907008,NDAME/MBACKE/DIOURBEL
859,608-01-09000-00304,14.66986901,-17.439786,DAKAR PLATEAU/DAKAR/DAKAR
136,608-01-02013-29137,14.63863334,-16.23650834,DIOURBEL/DIOURBEL/DIOURBEL
811,608-01-04016-46628,14.4250922,-16.9460039,MBOUR/MBOUR/THIES
76,608-01-00712-33742,13.02563633,-11.416941928,SABODALA/SARAYA/KEDOUGOU
636,608-01-00711-11598,13.6239852,-13.5911285,MISSIRAH/TAMBACOUNDA/TAMBACOUNDA
973,608-01-09020-24973,14.13338524,-16.07309299,KAOLACK/KAOLACK/KAOLACK
938,608-01-09012-13165,15.62431278,-16.21721733,LOUGA/LOUGA/LOUGA
899,608-01-09005-12786,14.69465002,-16.4535059,BAMBEY/BAMBEY/DIOURBEL
280,608-01-04441-00011,14.9500632,-16.817763,TIVAOUANE/TIVAOUANE/THIES
883,608-01-09003-10513,14.74872812,-17.3940958,PIKINE DAGOUDANE/PIKINE/DAKAR
761,608-01-03460-00001,14.73971699,-17.32179835,THIAROYE/PIKINE/DAKAR
319,608-01-09004-10916,14.66135163,-16.85699227,NOTTO/THIES/THIES
549,608-01-00116-27639,14.73456322,-17.49570013,ALMADIES/DAKAR/DAKAR
174,608-01-03012-41598,14.46931,-16.94703,SINDIA/MBOUR/THIES
371,608-01-09013-46253,13.9186272,-16.61151262,NIODIOR/FOUNDIOUGNE/FATICK
527,608-01-30330-00011,14.45065633,-16.96796353,SINDIA/MBOUR/THIES
210,608-01-03974-00002,12.82828484,-14.87124422,DIOULACOLON/KOLDA/KOLDA
235,608-01-04011-57494,14.6613516,-16.8569923,NOTTO/THIES/THIES
101,608-01-00993-00006,14.69300815,-17.4541221,DAKAR PLATEAU/DAKAR/DAKAR
986,608-01-09023-46163,12.8044749,-16.24136054,BIGNONA/BIGNONA/ZIGUINCHOR
902,608-01-09005-12971,14.651421,-16.257632,DIOURBEL/DIOURBEL/DIOURBEL
947,608-01-09013-51914,14.420914,-16.702789,THIADIAYE/MBOUR/THIES
346,608-01-09009-01744,14.7856086,-17.38259581,GUEDIAWAYE/GUEDIAWAYE/DAKAR
139,608-01-02291-00003,14.91110075,-17.12350154,KAYAR/THIES/THIES
621,608-01-00628-00011,13.98012295,-16.26599109,PASSY/FOUNDIOUGNE/FATICK
499,608-01-09036-48175,15.9627358,-13.5943167,THILOGNE/MATAM/MATAM
370,608-01-09013-03754,14.43173093,-16.96712021,MBOUR/MBOUR/THIES
198,608-01-03464-00006,14.4421577,-16.995291,SALY PORTUDAL/MBOUR/THIES
687,608-01-01402-00003,14.71981537,-17.48688141,ALMADIES/DAKAR/DAKAR
584,608-01-00228-39611,15.4454025,-16.3038361,SAGATTA GUETH/KEBEMER/LOUGA
901,608-01-09005-12853,14.651947,-16.222336,DIOURBEL/DIOURBEL/DIOURBEL
59,608-01-00644-00005,12.80271703,-16.23257253,BIGNONA/BIGNONA/ZIGUINCHOR
328,608-01-09005-25725,14.78482578,-16.08469766,NDAME/MBACKE/DIOURBEL
96,608-01-00827-29856,15.14216206,-16.88888106,MBORO/TIVAOUANE/THIES
312,608-01-09003-16464,14.7389219,-17.4031698,PIKINE DAGOUDANE/PIKINE/DAKAR
974,608-01-09020-25006,14.1499211,-16.06682426,KAOLACK/KAOLACK/KAOLACK
299,608-01-09001-18012,14.7500837,-17.4364166,PARCELLES ASSAINIES/DAKAR/DAKAR
277,608-01-04115-00002,14.24139722,-15.7230744,KEUR MBOUCKI/BIRKELANE/KAFFRINE
924,608-01-09008-61933,14.71205342,-17.47692695,ALMADIES/DAKAR/DAKAR
601,608-01-00407-26758,15.32660959,-12.87846551,ORKADIERE/KANEL/MATAM
439,608-01-09026-49788,14.68976773,-12.77930083,ORKADIERE/KANEL/MATAM
837,608-01-04315-00004,14.77199,-17.37875,GUEDIAWAYE/GUEDIAWAYE/DAKAR
570,608-01-00201-28533,14.72741313,-16.96336793,KEUR MOUSSEU (KEUR MOUSSA)/THIES/THIES
879,608-01-09003-02166,14.754488,-17.375237,THIAROYE/PIKINE/DAKAR
261,608-01-04018-20379,14.4886885,-16.9931374,SINDIA/MBOUR/THIES
578,608-01-00227-29640,15.621902,-16.2321343,LOUGA/LOUGA/LOUGA
23,608-01-00164-19910,14.73269,-17.31087,THIAROYE/PIKINE/DAKAR
30,608-01-00206-34265,14.40851108,-16.95561402,MBOUR/MBOUR/THIES
617,608-01-00601-34668,14.171897,-16.074023,KAOLACK/KAOLACK/KAOLACK
10,608-01-00116-22641,14.7594889,-17.4712339,ALMADIES/DAKAR/DAKAR
221,608-01-04005-10123,14.7653648,-16.6894489,KHOMBOLE/THIES/THIES
820,608-01-04018-50006,14.6709167,-17.0673293,SINDIA/MBOUR/THIES
296,608-01-09001-04781,14.74069104,-17.4651176,PARCELLES ASSAINIES/DAKAR/DAKAR
54,608-01-00601-24992,14.16884057,-16.05712827,KAOLACK/KAOLACK/KAOLACK
542,608-01-87055-00001,13.6533616,-14.6883621,BAMBA NDIAYENE (BAMBA THIALENE)/KOUMPENTOUM/TAMBACOUNDA
209,608-01-03914-00001,14.79671119,-15.54962462,TAIF/MBACKE/DIOURBEL
604,608-01-00411-25248,16.04154493,-13.7299783,AGNAM CIVOL/MATAM/MATAM
692,608-01-01810-00002,14.72629302,-17.4615026,GRAND DAKAR/DAKAR/DAKAR
662,608-01-00821-20085,14.76817332,-17.3807066,PIKINE DAGOUDANE/PIKINE/DAKAR
866,608-01-09001-38372,14.75040182,-17.4490551,PARCELLES ASSAINIES/DAKAR/DAKAR
70,608-01-00710-33869,13.49474304,-14.39957116,MAKACOULIBANTANG/TAMBACOUNDA/TAMBACOUNDA
543,608-01-00018-00003,14.70016867,-17.4740085,DAKAR PLATEAU/DAKAR/DAKAR
107,608-01-01062-00008,14.46205062,-12.2121162,KIDIRA/BAKEL/TAMBACOUNDA
493,608-01-09036-15783,15.608,-13.325806,OUROSSOGUI/MATAM/MATAM
590,608-01-00305-29524,14.59980133,-15.4056428,DAROU MINAM II/MALEM HODDAR/KAFFRINE
741,608-01-03013-24285,14.6986593,-17.0682122,KEUR MOUSSEU (KEUR MOUSSA)/THIES/THIES
292,608-01-09000-18341,14.67115831,-17.4245063,DAKAR PLATEAU/DAKAR/DAKAR
289,608-01-09000-00209,14.67372253,-17.43931826,DAKAR PLATEAU/DAKAR/DAKAR
652,608-01-00720-04896,12.80557273,-16.2250874,BIGNONA/BIGNONA/ZIGUINCHOR
39,608-01-00306-28351,14.04954869,-14.51935155,BAMBA NDIAYENE (BAMBA THIALENE)/KOUMPENTOUM/TAMBACOUNDA
589,608-01-00296-00004,14.74100855,-17.40841,PIKINE DAGOUDANE/PIKINE/DAKAR
307,608-01-09002-19651,14.71974819,-17.4499656,GRAND DAKAR/DAKAR/DAKAR
679,608-01-01089-00005,13.14993807,-14.10830281,VELINGARA/VELINGARA/KOLDA
66,608-01-00710-09807,13.94296384,-14.30538605,MALEME NIANI/KOUMPENTOUM/TAMBACOUNDA
275,608-01-04019-00017,16.51117586,-14.64772818,NDIOUM/PODOR/SAINT LOUIS
67,608-01-00710-12571,13.98157581,-14.5588532,KOUMPENTOUM/KOUMPENTOUM/TAMBACOUNDA
318,608-01-09004-10226,14.90300539,-16.88050589,PAMBAL/TIVAOUANE/THIES
548,608-01-00116-00747,14.760103,-17.468361,ALMADIES/DAKAR/DAKAR
998,608-01-09025-19172,14.68211172,-17.4456758,DAKAR PLATEAU/DAKAR/DAKAR
714,608-01-02380-00005,14.79981667,-15.88048067,NDAME/MBACKE/DIOURBEL
753,608-01-03242-00003,12.56747622,-15.6810189,DIATTACOUNDA/GOUDOMP/SEDHIOU
327,608-01-09005-14342,14.6220021,-16.4753893,NGOYE/BAMBEY/DIOURBEL
382,608-01-09016-06784,14.78480854,-17.34073715,YEUMBEUL/KEUR MASSAR/DAKAR
451,608-01-09028-11571,14.71708471,-17.2900151,RUFISQUE/RUFISQUE/DAKAR
522,608-01-19097-00005,15.61235218,-16.24020285,LOUGA/LOUGA/LOUGA
218,608-01-04003-54754,14.8821382,-15.9551598,NDAME/MBACKE/DIOURBEL
787,608-01-04005-57994,14.7986471,-16.2982334,NDINDY/DIOURBEL/DIOURBEL
436,608-01-09026-05596,14.041502,-12.198694,KENIEBA/BAKEL/TAMBACOUNDA
764,608-01-03532-00011,14.170931,-16.081453,KAOLACK/KAOLACK/KAOLACK
88,608-01-00762-00004,12.89216111,-14.9413944,KOLDA/KOLDA/KOLDA
63,608-01-00707-01573,13.14478747,-14.1144382,VELINGARA/VELINGARA/KOLDA
826,608-01-04018-56939,14.5076558,-17.0027962,NGUEKOKH/MBOUR/THIES
716,608-01-02663-00006,14.76723368,-17.23612735,BAMBILOR/RUFISQUE/DAKAR
351,608-01-09010-05098,14.74528667,-17.32138391,THIAROYE/PIKINE/DAKAR
936,608-01-09012-08097,15.10138663,-16.86833522,MEOUANE/TIVAOUANE/THIES
256,608-01-04016-56065,14.4439382,-16.9564611,SINDIA/MBOUR/THIES
635,608-01-00711-10032,14.002561,-13.414135,KOULOR/GOUDIRY/TAMBACOUNDA
644,608-01-00714-04262,14.01871096,-16.0217885,KOUMBAL/KAOLACK/KAOLACK
554,608-01-00118-21169,14.690615881,-17.452637999,DAKAR PLATEAU/DAKAR/DAKAR
959,608-01-09016-51616,14.78035416,-17.29035207,JAXAAY/KEUR MASSAR/DAKAR
168,608-01-03008-43650,14.8748992,-15.8340194,NDAME/MBACKE/DIOURBEL
917,608-01-09008-04493,14.70785607,-17.4630407,ALMADIES/DAKAR/DAKAR
528,608-01-70372-00006,16.106637,-16.341463,RAO/SAINT LOUIS/SAINT LOUIS
823,608-01-04018-50607,14.568347,-17.127022,POPENGUINE/MBOUR/THIES
985,608-01-09023-14876,12.79554671,-16.22304917,TENGHORY/BIGNONA/ZIGUINCHOR
816,608-01-04016-59659,14.4107697,-16.9654898,MBOUR/MBOUR/THIES
86,608-01-00724-00030,14.69465,-16.4535059,BAMBEY/BAMBEY/DIOURBEL
432,608-01-09025-19182,14.69243115,-17.44545644,DAKAR PLATEAU/DAKAR/DAKAR
184,608-01-03016-42927,14.7729535,-16.9372149,THIES/THIES/THIES
978,608-01-09021-21423,15.99405589,-16.48714554,SAINT LOUIS/SAINT LOUIS/SAINT LOUIS
534,608-01-71563-00001,14.76758,-17.10337,KEUR MOUSSEU (KEUR MOUSSA)/THIES/THIES
294,608-01-09000-36431,14.668258,-17.433069,DAKAR PLATEAU/DAKAR/DAKAR
892,608-01-09004-07262,14.77421754,-16.95236447,THIES/THIES/THIES
425,608-01-09024-45192,14.44832177,-16.98555328,SALY PORTUDAL/MBOUR/THIES
713,608-01-02134-00001,13.38694243,-13.73318729,MISSIRAH/TAMBACOUNDA/TAMBACOUNDA
260,608-01-04018-02895,14.5960562,-17.1467614,DIAMNIADIO/RUFISQUE/DAKAR
237,608-01-04011-58326,14.7756624,-16.9342391,THIES/THIES/THIES
559,608-01-00121-00007,14.73589156,-17.45088867,PARCELLES ASSAINIES/DAKAR/DAKAR
583,608-01-00228-38647,14.980516,-16.767562,TIVAOUANE/TIVAOUANE/THIES
445,608-01-09027-45784,13.070155,-15.642338,MEDINA WANDIFA/BOUNKILING/SEDHIOU
867,608-01-09001-45533,14.73086888,-17.4225478,GRAND DAKAR/DAKAR/DAKAR
800,608-01-04011-58834,14.7811494,-16.9210713,THIES/THIES/THIES
599,608-01-00398-00002,12.57312651,-16.2944789,ZIGUINCHOR/ZIGUINCHOR/ZIGUINCHOR
849,608-01-05007-02921,13.396527,-13.386307,MISSIRAH/TAMBACOUNDA/TAMBACOUNDA
265,608-01-04018-51140,14.6827482,-17.1292708,SINDIA/MBOUR/THIES
995,608-01-09024-60625,14.47546341,-17.03790734,SINDIA/MBOUR/THIES
529,608-01-70531-00017,14.702704,-16.8774798,NOTTO/THIES/THIES
55,608-01-00601-25968,14.16384351,-16.06477677,KAOLACK/KAOLACK/KAOLACK
120,608-01-01425-00011,14.72511135,-17.12083514,DIAMNIADIO/RUFISQUE/DAKAR
215,608-01-04001-57967,14.8656572,-15.8830707,NDAME/MBACKE/DIOURBEL
25,608-01-00201-25819,14.77473,-16.91636,THIES/THIES/THIES
72,608-01-00711-09454,14.18199562,-12.7146149,GOUDIRY/GOUDIRY/TAMBACOUNDA
44,608-01-00393-00035,14.7383694,-17.4735668,ALMADIES/DAKAR/DAKAR
247,608-01-04012-57269,14.9686392,-16.9003941,PAMBAL/TIVAOUANE/THIES
721,608-01-02879-00011,13.76605758,-15.5868688,MEDINA SABAKH/NIORO DU RIP/KAOLACK
281,608-01-04523-00006,14.770283,-16.807445,THIENABA/THIES/THIES
893,608-01-09004-26526,14.78114939,-16.92107132,THIES/THIES/THIES
914,608-01-09007-51065,15.94237,-15.90747,KEUR MOMAR SARR/LOUGA/LOUGA
810,608-01-04016-45760,14.41276,-16.97706,MBOUR/MBOUR/THIES
244,608-01-04011-59064,14.807955,-16.904866,THIES/THIES/THIES
822,608-01-04018-50575,14.5902316,-17.0621664,SINDIA/MBOUR/THIES
321,608-01-09004-21541,14.7942216,-16.9291557,THIES/THIES/THIES
643,608-01-00713-34297,13.13414179,-13.761044,BONCONTO/VELINGARA/KOLDA
158,608-01-03000-00005,14.7421062,-17.2473182,BAMBILOR/RUFISQUE/DAKAR
977,608-01-09021-16824,16.03345937,-16.503896,SAINT LOUIS/SAINT LOUIS/SAINT LOUIS
429,608-01-09025-00832,14.69180321,-17.4338666,GRAND DAKAR/DAKAR/DAKAR
941,608-01-09012-45826,14.96863917,-16.90039411,PAMBAL/TIVAOUANE/THIES
462,608-01-09029-45146,13.763141,-15.905112,PAOSKOTO/NIORO DU RIP/KAOLACK
309,608-01-09002-37203,14.71183699,-17.4548245,GRAND DAKAR/DAKAR/DAKAR
697,608-01-02001-34733,14.825787,-15.912194,TOUBA MOSQUEE/MBACKE/DIOURBEL
60,608-01-00703-00003,15.965347873,-16.448726656,RAO/SAINT LOUIS/SAINT LOUIS
884,608-01-09003-16468,14.7389219,-17.4031698,PIKINE DAGOUDANE/PIKINE/DAKAR
595,608-01-00325-00033,14.77561214,-17.30292137,MALIKA/KEUR MASSAR/DAKAR
767,608-01-03775-00003,15.10138663,-16.86833522,MEOUANE/TIVAOUANE/THIES
649,608-01-00715-39302,12.561433,-16.292822,ZIGUINCHOR/ZIGUINCHOR/ZIGUINCHOR
650,608-01-00716-00040,14.989943,-17.006745,PAMBAL/TIVAOUANE/THIES
865,608-01-09001-38093,14.73873,-17.445638,PARCELLES ASSAINIES/DAKAR/DAKAR
668,608-01-00882-00003,14.953619,-16.810027,TIVAOUANE/TIVAOUANE/THIES
298,608-01-09001-13045,14.73669338,-17.4253879,GRAND DAKAR/DAKAR/DAKAR
689,608-01-01627-00000,14.52787695,-17.0346298,SINDIA/MBOUR/THIES
314,608-01-09003-40111,14.76155139,-17.3780348,THIAROYE/PIKINE/DAKAR
310,608-01-09003-03051,14.74298232,-17.39058873,THIAROYE/PIKINE/DAKAR
361,608-01-09012-22677,15.25973,-16.84194,MEOUANE/TIVAOUANE/THIES
479,608-01-09032-53831,14.509503,-16.234225,NDIOB/FATICK/FATICK
110,608-01-01183-00006,14.703005,-17.470156,ALMADIES/DAKAR/DAKAR
989,608-01-09024-20373,14.48868847,-16.99313743,SINDIA/MBOUR/THIES
486,608-01-09034-12002,14.85723425,-15.86812797,NDAME/MBACKE/DIOURBEL
363,608-01-09012-24668,15.47688131,-16.33863839,GUEOUL/KEBEMER/LOUGA
254,608-01-04016-55888,14.4414247,-16.9642194,MBOUR/MBOUR/THIES
259,608-01-04017-57608,14.952231,-16.805381,TIVAOUANE/TIVAOUANE/THIES
802,608-01-04011-58996,14.8017469,-16.9164504,THIES/THIES/THIES
677,608-01-01015-00010,14.75889232,-17.3879494,PIKINE DAGOUDANE/PIKINE/DAKAR
494,608-01-09036-20835,15.05106458,-12.59307685,MOUDERY/BAKEL/TAMBACOUNDA
670,608-01-00939-00003,14.917055,-15.88381,NDAME/MBACKE/DIOURBEL
377,608-01-09015-12194,14.824516,-15.90359028,NDAME/MBACKE/DIOURBEL
526,608-01-24240-00010,14.08198776,-16.69044437,FIMELA/FATICK/FATICK
845,608-01-04691-00002,12.69675204,-14.69056477,DIOULACOLON/KOLDA/KOLDA
137,608-01-02017-29380,14.83440812,-15.88917053,NDAME/MBACKE/DIOURBEL
355,608-01-09010-45354,14.741813,-17.284573,RUFISQUE/RUFISQUE/DAKAR
365,608-01-09012-47765,15.12923028,-16.88888736,MBORO/TIVAOUANE/THIES
942,608-01-09012-48568,15.521954,-16.392647,NDANDE/KEBEMER/LOUGA
749,608-01-03020-40437,14.9428213,-16.8215502,TIVAOUANE/TIVAOUANE/THIES
948,608-01-09013-59644,14.39416597,-16.95273546,MBOUR/MBOUR/THIES
829,608-01-04018-57903,14.4820677,-17.075251,SOMONE/MBOUR/THIES
656,608-01-00720-11580,12.84410685,-16.28159811,TENGHORY/BIGNONA/ZIGUINCHOR
199,608-01-03478-00003,14.81357375,-17.31497736,MALIKA/KEUR MASSAR/DAKAR
213,608-01-04000-60970,14.8421272,-15.8801312,NDAME/MBACKE/DIOURBEL
408,608-01-09022-16272,13.13783945,-13.74983586,BONCONTO/VELINGARA/KOLDA
332,608-01-09005-64071,14.71173922,-16.498037,LAMBAYE/BAMBEY/DIOURBEL
208,608-01-03913-00003,14.63296542,-16.43061441,NGOYE/BAMBEY/DIOURBEL
613,608-01-00469-00002,14.1595835,-16.0652109,KAOLACK/KAOLACK/KAOLACK
78,608-01-00716-09835,13.79565901,-16.1674479,WACK NGOUNA/NIORO DU RIP/KAOLACK
29,608-01-00206-32760,14.37739265,-16.94511756,SINDIA/MBOUR/THIES
535,608-01-71686-00004,15.0388057,-16.2574564,NIAKHENE/TIVAOUANE/THIES
695,608-01-01823-00003,14.69717094,-17.45089235,DAKAR PLATEAU/DAKAR/DAKAR
557,608-01-00118-21948,14.67603491,-17.43763629,DAKAR PLATEAU/DAKAR/DAKAR
836,608-01-04307-00001,14.741813,-17.284573,RUFISQUE/RUFISQUE/DAKAR
596,608-01-00340-00002,14.7786458,-17.3274393,MALIKA/KEUR MASSAR/DAKAR
165,608-01-03005-43349,14.910286,-15.87387,NDAME/MBACKE/DIOURBEL
918,608-01-09008-09075,14.70954687,-17.4671529,ALMADIES/DAKAR/DAKAR
495,608-01-09036-22485,14.90754351,-12.46075377,BAKEL/BAKEL/TAMBACOUNDA
824,608-01-04018-54224,14.4647599,-16.9994156,SINDIA/MBOUR/THIES
65,608-01-00707-28766,13.15179124,-14.11604614,VELINGARA/VELINGARA/KOLDA
141,608-01-02434-00006,14.51871862,-17.00681031,NGUEKOKH/MBOUR/THIES
925,608-01-09008-61943,14.71205342,-17.47692695,ALMADIES/DAKAR/DAKAR
827,608-01-04018-57686,14.4419866,-17.0143456,SALY PORTUDAL/MBOUR/THIES
655,608-01-00720-11576,12.95305619,-16.276189,SINDIAN/BIGNONA/ZIGUINCHOR
331,608-01-09005-46143,14.824363,-16.7477482,THIENABA/THIES/THIES
664,608-01-00821-33262,14.75934676,-17.38068472,THIAROYE/PIKINE/DAKAR
249,608-01-04013-51280,14.9436279,-16.8257863,TIVAOUANE/TIVAOUANE/THIES
907,608-01-09005-63687,14.655075,-16.236841,DIOURBEL/DIOURBEL/DIOURBEL
708,608-01-02018-32411,14.909423,-15.861529,NDAME/MBACKE/DIOURBEL
305,608-01-09001-45325,14.71747681,-17.43748354,GRAND DAKAR/DAKAR/DAKAR
734,608-01-03008-43552,14.8597629,-15.8495021,NDAME/MBACKE/DIOURBEL
975,608-01-09020-50436,14.136156,-16.077205,KAOLACK/KAOLACK/KAOLACK
49,608-01-00415-23441,16.06677572,-16.42442377,RAO/SAINT LOUIS/SAINT LOUIS
896,608-01-09004-45612,14.76758,-17.10337,KEUR MOUSSEU (KEUR MOUSSA)/THIES/THIES
2,608-01-00078-00006,14.68211005,-17.45865935,DAKAR PLATEAU/DAKAR/DAKAR
544,608-01-00037-00006,14.74510973,-17.4894707,ALMADIES/DAKAR/DAKAR
350,608-01-09009-52299,14.7856086,-17.38259581,GUEDIAWAYE/GUEDIAWAYE/DAKAR
904,608-01-09005-52480,14.7539684,-16.430947,LAMBAYE/BAMBEY/DIOURBEL
536,608-01-71709-00005,15.923736,-15.966662,KEUR MOMAR SARR/LOUGA/LOUGA
344,608-01-09008-61194,14.72081405,-17.46784582,GRAND DAKAR/DAKAR/DAKAR
994,608-01-09024-60604,14.51627372,-16.9999888,NGUEKOKH/MBOUR/THIES
481,608-01-09033-03557,14.09321729,-15.55353198,KAFFRINE/KAFFRINE/KAFFRINE
575,608-01-00206-28204,14.45535119,-16.98677491,SALY PORTUDAL/MBOUR/THIES
33,608-01-00228-26842,15.15719329,-16.31755652,NIAKHENE/TIVAOUANE/THIES
31,608-01-00207-28026,14.50765581,-17.00279621,NGUEKOKH/MBOUR/THIES
231,608-01-04008-51214,14.779233,-15.810405,KAEL/MBACKE/DIOURBEL
963,608-01-09017-02597,14.76034366,-17.4486558,PARCELLES ASSAINIES/DAKAR/DAKAR
192,608-01-03202-00001,15.76977273,-13.4661823,OGO/MATAM/MATAM
333,608-01-09007-22797,16.18950882,-15.9092375,NDIAYE MBERESS/DAGANA/SAINT LOUIS
3,608-01-00090-00002,14.71505004,-17.4813975,ALMADIES/DAKAR/DAKAR
204,608-01-03638-00004,14.84349025,-15.86400231,NDAME/MBACKE/DIOURBEL
514,608-01-09043-34301,12.53655568,-16.3604071,NYASSIA/ZIGUINCHOR/ZIGUINCHOR
799,608-01-04011-58629,14.7729535,-16.9372149,THIES/THIES/THIES
306,608-01-09002-07192,14.71757963,-17.46362322,ALMADIES/DAKAR/DAKAR
109,608-01-01102-00003,14.77137527,-17.4177226,PARCELLES ASSAINIES/DAKAR/DAKAR
430,608-01-09025-04628,14.67959385,-17.4548355,DAKAR PLATEAU/DAKAR/DAKAR
77,608-01-00716-00474,13.69078697,-15.8267941,PAOSKOTO/NIORO DU RIP/KAOLACK
84,608-01-00716-39319,13.786603,-16.005163,PAOSKOTO/NIORO DU RIP/KAOLACK
286,608-01-04963-00001,14.415557553,-14.339638401,KOUTHIABA OUOLOF/KOUMPENTOUM/TAMBACOUNDA
82,608-01-00716-33953,13.68895106,-15.77380271,PAOSKOTO/NIORO DU RIP/KAOLACK
991,608-01-09024-50601,14.570079,-17.129406,POPENGUINE/MBOUR/THIES
789,608-01-04006-52736,14.8593438,-15.8815393,NDAME/MBACKE/DIOURBEL
894,608-01-09004-29182,14.78957109,-16.92765634,THIES/THIES/THIES
398,608-01-09020-65485,14.14909971,-16.08068955,KAOLACK/KAOLACK/KAOLACK
323,608-01-09004-46891,14.77189584,-17.06040624,POUT/THIES/THIES
519,608-01-09047-47098,14.807131,-15.96606481,NDAME/MBACKE/DIOURBEL
916,608-01-09008-01128,14.72704456,-17.48164462,ALMADIES/DAKAR/DAKAR
922,608-01-09008-42867,14.69312433,-17.4627641,DAKAR PLATEAU/DAKAR/DAKAR
5,608-01-00101-21490,14.67573408,-17.45076475,DAKAR PLATEAU/DAKAR/DAKAR
731,608-01-03004-43616,14.8828349,-15.8565828,NDAME/MBACKE/DIOURBEL
465,608-01-09029-51152,13.9858578,-16.2566261,PASSY/FOUNDIOUGNE/FATICK
97,608-01-00827-30156,14.989943,-17.006745,PAMBAL/TIVAOUANE/THIES
266,608-01-04018-55477,14.43812,-16.9865199,SALY PORTUDAL/MBOUR/THIES
357,608-01-09012-10067,14.91110075,-17.12350154,KAYAR/THIES/THIES
868,608-01-09001-56271,14.73315653,-17.4232229,GRAND DAKAR/DAKAR/DAKAR
798,608-01-04011-58452,14.7955612,-16.9202414,THIES/THIES/THIES
380,608-01-09016-05781,14.781271,-17.332348,MALIKA/KEUR MASSAR/DAKAR
631,608-01-00707-11823,13.044284,-14.261334,SARE COLY SALLE/VELINGARA/KOLDA
381,608-01-09016-06345,14.79023854,-17.3156768,MALIKA/KEUR MASSAR/DAKAR
490,608-01-09034-63525,14.86779679,-15.85033292,NDAME/MBACKE/DIOURBEL
118,608-01-01396-00038,14.76723051,-17.29446713,JAXAAY/KEUR MASSAR/DAKAR
900,608-01-09005-12843,14.651995,-16.232742,DIOURBEL/DIOURBEL/DIOURBEL
250,608-01-04013-53194,14.9368316,-16.8133388,TIVAOUANE/TIVAOUANE/THIES
523,608-01-19157-00006,13.9363604,-16.76297439,FIMELA/FATICK/FATICK
9,608-01-00116-20826,14.73265494,-17.5092587,ALMADIES/DAKAR/DAKAR
196,608-01-03427-00006,12.79455592,-12.29381592,BANDAFASSI/KEDOUGOU/KEDOUGOU
603,608-01-00411-24683,16.0781471,-13.8575855,GALOYA TOUCOULEUR/PODOR/SAINT LOUIS
81,608-01-00716-22098,13.9543933,-15.99166945,KOUMBAL/KAOLACK/KAOLACK
783,608-01-04004-53068,14.826327,-15.949083,NDAME/MBACKE/DIOURBEL
587,608-01-00255-39829,14.765899,-16.813124,THIENABA/THIES/THIES
797,608-01-04011-58304,14.7798163,-16.9107503,THIES/THIES/THIES
239,608-01-04011-58466,14.779514,-16.927257,THIES/THIES/THIES
290,608-01-09000-14952,14.66264253,-17.4336647,DAKAR PLATEAU/DAKAR/DAKAR
211,608-01-04000-56356,14.82746,-15.89374,NDAME/MBACKE/DIOURBEL
717,608-01-02733-00001,14.77375124,-17.26638184,JAXAAY/KEUR MASSAR/DAKAR
359,608-01-09012-16064,15.71247554,-16.423977,SAKAL/LOUGA/LOUGA
449,608-01-09028-08670,14.71719375,-17.2004785,DIAMNIADIO/RUFISQUE/DAKAR
227,608-01-04005-56552,14.722659,-16.566661,NGOYE/BAMBEY/DIOURBEL
950,608-01-09013-64252,14.050872,-16.329836,DJILOR/FOUNDIOUGNE/FATICK
946,608-01-09013-16211,14.05538747,-16.64595485,FIMELA/FATICK/FATICK
796,608-01-04011-58200,14.7630245,-16.9476583,THIES/THIES/THIES
501,608-01-09040-25045,14.175669,-16.074759,KAOLACK/KAOLACK/KAOLACK
464,608-01-09029-48454,13.67573405,-15.9916288,WACK NGOUNA/NIORO DU RIP/KAOLACK
362,608-01-09012-23373,15.67557,-16.118031,MBEDIENE/LOUGA/LOUGA
468,608-01-09030-17191,13.10638889,-11.850999999,SABODALA/SARAYA/KEDOUGOU
935,608-01-09010-55972,14.76140183,-17.36179459,THIAROYE/PIKINE/DAKAR
428,608-01-09024-60153,14.641575,-17.170475,DIAMNIADIO/RUFISQUE/DAKAR
7,608-01-00101-22530,14.68918735,-17.4676853,DAKAR PLATEAU/DAKAR/DAKAR
155,608-01-02940-00005,14.74874582,-17.29890616,THIAROYE/PIKINE/DAKAR
541,608-01-87017-00011,15.71247554,-16.423977,SAKAL/LOUGA/LOUGA
440,608-01-09027-26413,12.773147,-15.464328,KARANTABA/GOUDOMP/SEDHIOU
482,608-01-09033-05494,14.084129,-15.29001,MALEM HODDAR/MALEM HODDAR/KAFFRINE
422,608-01-09024-20826,14.62304246,-17.04682571,SINDIA/MBOUR/THIES
778,608-01-04003-60347,14.910898,-15.900782,NDAME/MBACKE/DIOURBEL
949,608-01-09013-60401,14.40127,-16.95887,MBOUR/MBOUR/THIES
334,608-01-09007-45366,16.437502,-15.7431468,NDIAYE MBERESS/DAGANA/SAINT-LOUIS
576,608-01-00207-28156,14.49002039,-17.08334753,SOMONE/MBOUR/THIES
934,608-01-09010-17463,14.73570711,-17.3234362,THIAROYE/PIKINE/DAKAR
567,608-01-00164-38193,14.75104,-17.36232,THIAROYE/PIKINE/DAKAR
594,608-01-00319-00011,14.71008234,-17.4498948,GRAND DAKAR/DAKAR/DAKAR
530,608-01-70663-00003,16.0132019,-16.35262086,RAO/SAINT LOUIS/SAINT LOUIS
581,608-01-00228-25644,15.34879197,-16.3190866,SAGATTA GUETH/KEBEMER/LOUGA
707,608-01-02018-29706,14.89909419,-15.92963266,NDAME/MBACKE/DIOURBEL
448,608-01-09028-05428,14.70913581,-17.2594381,RUFISQUE/RUFISQUE/DAKAR
453,608-01-09028-25604,14.72746416,-17.20933635,DIAMNIADIO/RUFISQUE/DAKAR
228,608-01-04006-60858,14.8520397,-15.8790467,NDAME/MBACKE/DIOURBEL
352,608-01-09010-17432,14.74025542,-17.29864991,THIAROYE/PIKINE/DAKAR
728,608-01-03001-40904,14.8076625,-16.8539501,KEUR MOUSSEU (KEUR MOUSSA)/THIES/THIES
212,608-01-04000-56417,14.824516,-15.9035903,NDAME/MBACKE/DIOURBEL
79,608-01-00716-09936,13.93216667,-15.5381389,MABO/BIRKELANE/KAFFRINE
148,608-01-02663-00004,14.76723368,-17.23612735,BAMBILOR/RUFISQUE/DAKAR
302,608-01-09001-38673,14.73465818,-17.4247619,GRAND DAKAR/DAKAR/DAKAR
628,608-01-00706-28665,12.88914038,-14.93949634,KOLDA/KOLDA/KOLDA
777,608-01-04002-55279,14.7937595,-15.9107569,MBACKE/MBACKE/DIOURBEL
506,608-01-09041-51981,14.811055,-15.893861,MBACKE/MBACKE/DIOURBEL
342,608-01-09008-45507,14.69990966,-17.4677964,ALMADIES/DAKAR/DAKAR
485,608-01-09034-10614,14.87489918,-15.8340194,NDAME/MBACKE/DIOURBEL
711,608-01-02026-00004,12.85676,-12.35298,BANDAFASSI/KEDOUGOU/KEDOUGOU
133,608-01-02006-30596,14.8736667,-15.82734987,NDAME/MBACKE/DIOURBEL
703,608-01-02014-34652,14.87906331,-15.89261597,NDAME/MBACKE/DIOURBEL
311,608-01-09003-07632,14.75329993,-17.3923168,PIKINE DAGOUDANE/PIKINE/DAKAR
722,608-01-02889-00004,14.06966647,-15.93187079,KOUMBAL/KAOLACK/KAOLACK
629,608-01-00707-02001,13.07799374,-14.0524561,SARE COLY SALLE/VELINGARA/KOLDA
0,608-01-00017-00011,14.668258,-17.433069,DAKAR PLATEAU/DAKAR/DAKAR
316,608-01-09004-07183,14.77473,-16.91636,THIES/THIES/THIES
706,608-01-02018-28934,14.89363967,-15.90101457,NDAME/MBACKE/DIOURBEL
547,608-01-00101-21560,14.70347281,-17.4776098,ALMADIES/DAKAR/DAKAR
872,608-01-09002-04825,14.70160318,-17.45890529,DAKAR PLATEAU/DAKAR/DAKAR
532,608-01-70741-00014,14.9550916,-16.8150352,TIVAOUANE/TIVAOUANE/THIES
477,608-01-09032-47389,14.49571776,-16.06825514,GOSSAS/GOSSAS/FATICK
404,608-01-09021-50613,16.046423992,-16.44755429,RAO/SAINT LOUIS/SAINT LOUIS
172,608-01-03012-28696,14.4303697,-16.982909,MBOUR/MBOUR/THIES
125,608-01-01903-00002,14.7653785,-17.23082496,BAMBILOR/RUFISQUE/DAKAR
394,608-01-09017-38551,14.72372245,-17.4931912,ALMADIES/DAKAR/DAKAR
420,608-01-09024-08113,14.62304246,-17.04682571,SINDIA/MBOUR/THIES
552,608-01-00116-38745,14.749771,-17.5038,ALMADIES/DAKAR/DAKAR
903,608-01-09005-52075,14.759366,-16.06174,NDAME/MBACKE/DIOURBEL
90,608-01-00821-19627,14.79112138,-17.3640009,GUEDIAWAYE/GUEDIAWAYE/DAKAR
939,608-01-09012-23127,15.28111034,-16.4078776,NIAKHENE/TIVAOUANE/THIES
181,608-01-03013-42575,14.4744911,-17.0633932,NGAPAROU/MBOUR/THIES
274,608-01-04019-00016,16.51117586,-14.64772818,NDIOUM/PODOR/SAINT LOUIS
895,608-01-09004-29212,14.8041587,-16.92092089,THIES/THIES/THIES
69,608-01-00710-28424,13.52719572,-14.25229176,MAKACOULIBANTANG/TAMBACOUNDA/TAMBACOUNDA
291,608-01-09000-14957,14.66264253,-17.4336647,DAKAR PLATEAU/DAKAR/DAKAR
131,608-01-02004-40028,14.954086,-16.828076,TIVAOUANE/TIVAOUANE/THIES
300,608-01-09001-31793,14.75596695,-17.44734421,PARCELLES ASSAINIES/DAKAR/DAKAR
424,608-01-09024-45032,14.69865932,-17.06821215,KEUR MOUSSEU (KEUR MOUSSA)/THIES/THIES
326,608-01-09004-51968,14.76901571,-16.95623714,THIES/THIES/THIES
144,608-01-02553-00009,14.7876072,-16.9106327,THIES/THIES/THIES
423,608-01-09024-22909,14.46475993,-16.99941562,SINDIA/MBOUR/THIES
580,608-01-00228-25119,15.28111034,-16.4078776,NIAKHENE/TIVAOUANE/THIES
135,608-01-02013-29087,14.657662,-16.219439,DIOURBEL/DIOURBEL/DIOURBEL
450,608-01-09028-08686,14.7338335,-17.2636289,RUFISQUE/RUFISQUE/DAKAR
164,608-01-03002-43668,14.8598633,-15.9151509,NDAME/MBACKE/DIOURBEL
28,608-01-00206-27842,14.4707038,-16.99010178,SINDIA/MBOUR/THIES
773,608-01-04001-57962,14.8656572,-15.8830707,NDAME/MBACKE/DIOURBEL
193,608-01-03248-00006,12.56478759,-16.1713264,NIAGUIS/ZIGUINCHOR/ZIGUINCHOR
388,608-01-09016-46498,14.775251,-17.357249,YEUMBEUL/KEUR MASSAR/DAKAR
852,608-01-05007-47113,13.7835519,-13.6700987,TAMBACOUNDA/TAMBACOUNDA/TAMBACOUNDA
169,608-01-03009-41659,14.8036022,-15.9067466,MBACKE/MBACKE/DIOURBEL
705,608-01-02017-29967,14.824516,-15.90359028,NDAME/MBACKE/DIOURBEL
140,608-01-02431-00002,14.64565,-16.591914,NGOYE/BAMBEY/DIOURBEL
173,608-01-03012-31359,14.4886885,-16.9931374,SINDIA/MBOUR/THIES
6,608-01-00101-22468,14.67608201,-17.4537476,DAKAR PLATEAU/DAKAR/DAKAR
745,608-01-03013-43935,14.6209373,-17.1589786,DIAMNIADIO/RUFISQUE/DAKAR
478,608-01-09032-51664,14.2108262,-16.021394,MBADAKHOUNE/GUINGUINEO/KAOLACK
73,608-01-00711-09739,14.72087521,-12.4120004,MOUDERY/BAKEL/TAMBACOUNDA
910,608-01-09007-22781,16.18950882,-15.9092375,NDIAYE MBERESS/DAGANA/SAINT LOUIS
813,608-01-04016-55495,14.4138916,-16.9497268,MBOUR/MBOUR/THIES
238,608-01-04011-58337,14.7756624,-16.9342391,THIES/THIES/THIES
145,608-01-02591-00000,14.88283494,-15.8565828,NDAME/MBACKE/DIOURBEL
792,608-01-04007-61830,14.8748992,-15.8340194,NDAME/MBACKE/DIOURBEL
234,608-01-04011-54568,14.8511421,-16.8870617,KEUR MOUSSEU (KEUR MOUSSA)/THIES/THIES
220,608-01-04003-62043,14.8618561,-15.9073146,NDAME/MBACKE/DIOURBEL
923,608-01-09008-42869,14.69312433,-17.4627641,DAKAR PLATEAU/DAKAR/DAKAR
500,608-01-09038-25208,14.95102414,-16.80942372,TIVAOUANE/TIVAOUANE/THIES
132,608-01-02005-31636,14.8619861,-15.8761591,TOUBA MOSQUEE/MBACKE/DIOURBEL
990,608-01-09024-46661,14.44832177,-16.98555328,SALY PORTUDAL/MBOUR/THIES
774,608-01-04001-62230,14.8564222,-15.905182,NDAME/MBACKE/DIOURBEL
185,608-01-03017-42499,14.9323591,-16.7868112,TIVAOUANE/TIVAOUANE/THIES
41,608-01-00317-00002,14.7427426,-17.4240252,GRAND DAKAR/DAKAR/DAKAR
696,608-01-01948-00001,14.78000975,-17.31670119,MALIKA/KEUR MASSAR/DAKAR
108,608-01-01096-00039,14.7135165,-17.25030214,RUFISQUE/RUFISQUE/DAKAR
588,608-01-00287-00041,14.7599015,-17.4224023,GUEDIAWAYE/GUEDIAWAYE/DAKAR
56,608-01-00604-30316,14.08486563,-16.48389601,SOUM/FOUNDIOUGNE/FATICK
405,608-01-09021-51372,16.0502037,-16.1913559,NDIAYE MBERESS/DAGANA/SAINT-LOUIS
442,608-01-09027-35337,12.9316973,-15.5934028,DIAROUME/BOUNKILING/SEDHIOU
757,608-01-03342-00004,14.63558403,-12.9244822,ORKADIERE/KANEL/MATAM
997,608-01-09025-00655,14.71001747,-17.4423479,GRAND DAKAR/DAKAR/DAKAR
24,608-01-00164-24215,14.73891505,-17.28529475,RUFISQUE/RUFISQUE/DAKAR
467,608-01-09030-03112,13.04632641,-12.6740958,BANDAFASSI/KEDOUGOU/KEDOUGOU
539,608-01-71891-00003,15.6149748,-13.1747355,OGO/MATAM/MATAM
531,608-01-70679-00002,14.888335,-15.930512,NDAME/MBACKE/DIOURBEL
618,608-01-00604-28392,14.30076971,-16.23325305,NGOTHIE/KAOLACK/KAOLACK
694,608-01-01823-00002,14.69717094,-17.45089235,DAKAR PLATEAU/DAKAR/DAKAR
926,608-01-09008-61953,14.71981537,-17.48688141,ALMADIES/DAKAR/DAKAR
338,608-01-09008-17218,14.72412669,-17.4723479,ALMADIES/DAKAR/DAKAR
51,608-01-00418-00006,16.02320345,-16.49615488,SAINT LOUIS/SAINT LOUIS/SAINT LOUIS
507,608-01-09041-62976,14.81045631,-15.89014143,MBACKE/MBACKE/DIOURBEL
516,608-01-09045-11363,14.779233,-15.810405,KAEL/MBACKE/DIOURBEL
920,608-01-09008-20013,14.711005,-17.474092,ALMADIES/DAKAR/DAKAR
781,608-01-04004-53007,14.819199,-15.9311309,NDAME/MBACKE/DIOURBEL
264,608-01-04018-50047,14.67443,-17.0614308,SINDIA/MBOUR/THIES
817,608-01-04016-60396,14.4216266,-16.9585472,MBOUR/MBOUR/THIES
710,608-01-02025-00005,12.93252827,-14.07647706,KOUNKANE/VELINGARA/KOLDA
682,608-01-01137-00003,14.7708879,-17.42370575,PARCELLES ASSAINIES/DAKAR/DAKAR
832,608-01-04059-00002,12.66720943,-15.24883882,SIMBANDI BRASSOU/GOUDOMP/SEDHIOU
518,608-01-09047-06109,14.840684,-15.940264,NDAME/MBACKE/DIOURBEL
447,608-01-09028-02004,14.72946,-17.28558,RUFISQUE/RUFISQUE/DAKAR
18,608-01-00141-20681,14.7543566,-17.4407254,PARCELLES ASSAINIES/DAKAR/DAKAR
715,608-01-02651-00004,12.49338,-16.54789,OUSSOUYE/OUSSOUYE/ZIGUINCHOR
483,608-01-09033-31762,13.866437,-14.657022,BAMBA NDIAYENE (BAMBA THIALENE)/KOUMPENTOUM/TAMBACOUNDA
568,608-01-00166-19280,14.69494103,-17.2267758,BARGNY/RUFISQUE/DAKAR
433,608-01-09025-36072,14.68380437,-17.4556342,DAKAR PLATEAU/DAKAR/DAKAR
367,608-01-09012-51122,15.673967,-16.2613325,MBEDIENE/LOUGA/LOUGA
83,608-01-00716-38488,13.983732,-15.665273,MABO/BIRKELANE/KAFFRINE
61,608-01-00706-26651,12.87406898,-14.9539429,KOLDA/KOLDA/KOLDA
638,608-01-00711-33888,14.14207823,-13.02449558,BOYNGUEL BAMBA/GOUDIRY/TAMBACOUNDA
272,608-01-04018-60129,14.608265,-17.1505545,DIAMNIADIO/RUFISQUE/DAKAR
285,608-01-04658-00005,14.295908,-16.9302351,SINDIA/MBOUR/THIES
360,608-01-09012-16072,15.31280264,-16.62584416,NDANDE/KEBEMER/LOUGA
354,608-01-09010-43845,14.74025542,-17.29864991,THIAROYE/PIKINE/DAKAR
456,608-01-09028-45286,14.86316,-17.14043,KEUR MOUSSEU (KEUR MOUSSA)/THIES/THIES
278,608-01-04189-00002,15.43772907,-15.7816866,COKI/LOUGA/LOUGA
12,608-01-00118-21007,14.72719051,-17.44928759,GRAND DAKAR/DAKAR/DAKAR
182,608-01-03014-40934,14.9582931,-16.8136027,TIVAOUANE/TIVAOUANE/THIES
368,608-01-09012-53922,15.722278,-16.200389,MBEDIENE/LOUGA/LOUGA
881,608-01-09003-02771,14.7713604,-17.3703793,YEUMBEUL/KEUR MASSAR/DAKAR
615,608-01-00511-00012,14.8932316,-15.8803941,NDAME/MBACKE/DIOURBEL
223,608-01-04005-52250,14.6940325,-16.4754352,NGOYE/BAMBEY/DIOURBEL
572,608-01-00205-24541,15.02924121,-16.03139685,DAROU MOUSTY/KEBEMER/LOUGA
970,608-01-09017-62471,14.72579591,-17.49694622,ALMADIES/DAKAR/DAKAR
653,608-01-00720-04897,12.80557273,-16.2250874,BIGNONA/BIGNONA/ZIGUINCHOR
545,608-01-00075-00033,14.68075536,-17.46372994,DAKAR PLATEAU/DAKAR/DAKAR
582,608-01-00228-28484,15.38563889,-16.34994445,SAGATTA GUETH/KEBEMER/LOUGA
633,608-01-00710-33850,14.00940806,-15.52218904,KATAKEL/KAFFRINE/KAFFRINE
176,608-01-03012-42437,14.446184,-17.018934,SALY PORTUDAL/MBOUR/THIES
665,608-01-00823-00038,12.7147434,-15.55567415,SEDHIOU/SEDHIOU/SEDHIOU
673,608-01-01003-28281,14.15069445,-15.92230556,MBADAKHOUNE/GUINGUINEO/KAOLACK
585,608-01-00236-28742,14.80174691,-16.9164504,THIES/THIES/THIES
873,608-01-09002-19771,14.69717094,-17.45089235,DAKAR PLATEAU/DAKAR/DAKAR
393,608-01-09017-31491,14.74632267,-17.46480044,PARCELLES ASSAINIES/DAKAR/DAKAR
163,608-01-03002-42059,14.8230607,-15.9195311,NDAME/MBACKE/DIOURBEL
248,608-01-04012-58178,14.8867919,-17.080393,KEUR MOUSSEU (KEUR MOUSSA)/THIES/THIES
634,608-01-00710-33868,13.49474304,-14.39957116,MAKACOULIBANTANG/TAMBACOUNDA/TAMBACOUNDA
885,608-01-09003-17823,14.76192878,-17.38524364,PIKINE DAGOUDANE/PIKINE/DAKAR
669,608-01-00892-00002,14.88109473,-15.88864582,NDAME/MBACKE/DIOURBEL
375,608-01-09014-62624,14.85934383,-15.88153933,NDAME/MBACKE/DIOURBEL
412,608-01-09022-61532,13.14567226,-13.76366142,BONCONTO/VELINGARA/KOLDA
74,608-01-00711-31825,14.67444184,-12.37402891,MOUDERY/BAKEL/TAMBACOUNDA
113,608-01-01244-00001,15.84174928,-13.3105309,OGO/MATAM/MATAM
598,608-01-00388-00040,14.70442817,-17.45489945,GRAND DAKAR/DAKAR/DAKAR
961,608-01-09016-61879,14.79343848,-17.35387652,YEUMBEUL/KEUR MASSAR/DAKAR
390,608-01-09017-00913,14.754722,-17.471944,ALMADIES/DAKAR/DAKAR
104,608-01-01019-00003,14.67954608,-17.4508072,DAKAR PLATEAU/DAKAR/DAKAR
114,608-01-01267-00009,14.732,-17.4693,PARCELLES ASSAINIES/DAKAR/DAKAR
417,608-01-09023-51826,12.738329,-16.332167,TENGHORY/BIGNONA/ZIGUINCHOR
525,608-01-22590-00010,14.12773057,-16.66201473,FIMELA/FATICK/FATICK
457,608-01-09028-48319,14.72976699,-17.2245575,DIAMNIADIO/RUFISQUE/DAKAR
409,608-01-09022-34173,12.77663051,-14.8356515,DIOULACOLON/KOLDA/KOLDA
92,608-01-00821-38420,14.768355,-17.35087,YEUMBEUL/KEUR MASSAR/DAKAR
930,608-01-09009-60992,14.763131,-17.416676,GUEDIAWAYE/GUEDIAWAYE/DAKAR
89,608-01-00770-00003,12.88021587,-14.9426876,KOLDA/KOLDA/KOLDA
336,608-01-09008-00773,14.72346345,-17.48198465,ALMADIES/DAKAR/DAKAR
988,608-01-09024-09250,14.558002,-17.115651,POPENGUINE/MBOUR/THIES
921,608-01-09008-37421,14.72704456,-17.48164462,ALMADIES/DAKAR/DAKAR
933,608-01-09010-17442,14.73238676,-17.30219727,THIAROYE/PIKINE/DAKAR
605,608-01-00411-26936,16.05217341,-13.80041614,SALDE/PODOR/SAINT LOUIS
593,608-01-00306-29574,14.176876483,-14.451326137,KOUTHIABA OUOLOF/KOUMPENTOUM/TAMBACOUNDA
611,608-01-00446-00001,14.94374187,-16.80805206,TIVAOUANE/TIVAOUANE/THIES
94,608-01-00825-39189,14.814328,-17.249116,BAMBILOR/RUFISQUE/DAKAR
11,608-01-00116-22654,14.755867,-17.491042,ALMADIES/DAKAR/DAKAR
396,608-01-09020-07666,14.1360632,-16.0767,KAOLACK/KAOLACK/KAOLACK
533,608-01-71560-00002,15.887067,-13.489521,OGO/MATAM/MATAM
43,608-01-00375-00001,14.77883238,-17.22331987,SANGALKAM/RUFISQUE/DAKAR
42,608-01-00361-00004,14.76192878,-17.38524364,PIKINE DAGOUDANE/PIKINE/DAKAR
329,608-01-09005-45845,14.784861,-16.614099,LAMBAYE/BAMBEY/DIOURBEL
167,608-01-03007-43581,14.8618642,-15.8725708,NDAME/MBACKE/DIOURBEL
497,608-01-09036-27563,15.65497444,-13.34818935,OGO/MATAM/MATAM
876,608-01-09002-48771,14.703898,-17.461825,DAKAR PLATEAU/DAKAR/DAKAR
597,608-01-00344-00012,14.7840579,-17.3514725,YEUMBEUL/KEUR MASSAR/DAKAR
756,608-01-03294-00006,14.488861,-16.158553,OUADIOUR/GOSSAS/FATICK
100,608-01-00983-00011,14.7608459,-17.3702003,THIAROYE/PIKINE/DAKAR
426,608-01-09024-59867,14.51871862,-17.00681031,NGUEKOKH/MBOUR/THIES
178,608-01-03013-28081,14.5542989,-17.1132378,POPENGUINE/MBOUR/THIES
444,608-01-09027-43362,12.71181546,-15.56761401,SEDHIOU/SEDHIOU/SEDHIOU
416,608-01-09023-49802,12.79554671,-16.22304917,TENGHORY/BIGNONA/ZIGUINCHOR
870,608-01-09001-56962,14.75345131,-17.44773384,PARCELLES ASSAINIES/DAKAR/DAKAR
882,608-01-09003-03971,14.74199023,-17.37815646,THIAROYE/PIKINE/DAKAR
680,608-01-01108-00002,14.63863334,-16.23650834,DIOURBEL/DIOURBEL/DIOURBEL
177,608-01-03013-00001,14.7285278,-17.2758007,RUFISQUE/RUFISQUE/DAKAR
395,608-01-09018-65003,14.9354,-16.8172,TIVAOUANE/TIVAOUANE/THIES
911,608-01-09007-23824,16.523045,-14.850478,GAMADJI SARE/PODOR/SAINT LOUIS
793,608-01-04008-56343,14.841523,-15.851056,NDAME/MBACKE/DIOURBEL
960,608-01-09016-55741,14.79112138,-17.3640009,GUEDIAWAYE/GUEDIAWAYE/DAKAR
684,608-01-01216-00038,14.72809916,-17.4911153,ALMADIES/DAKAR/DAKAR
383,608-01-09016-07582,14.77101448,-17.35563109,YEUMBEUL/KEUR MASSAR/DAKAR
956,608-01-09016-03610,14.809203,-17.276127,BAMBILOR/RUFISQUE/DAKAR
751,608-01-03163-00005,16.4855984,-14.4288998,DODEL/PODOR/SAINT-LOUIS
257,608-01-04016-60433,14.4138916,-16.9497268,MBOUR/MBOUR/THIES
538,608-01-71815-00012,14.953561,-16.812048,TIVAOUANE/TIVAOUANE/THIES
335,608-01-09008-00031,14.70420537,-17.4800683,ALMADIES/DAKAR/DAKAR
15,608-01-00121-00033,14.73589156,-17.45088867,PARCELLES ASSAINIES/DAKAR/DAKAR
324,608-01-09004-48200,14.77566242,-16.93423912,THIES/THIES/THIES
758,608-01-03378-00005,12.53106097,-15.5243333,DJIBANAR/GOUDOMP/SEDHIOU
222,608-01-04005-50681,14.942478,-16.494963,BABA GARAGE/BAMBEY/DIOURBEL
179,608-01-03013-28144,14.5822634,-17.0351562,SINDIA/MBOUR/THIES
983,608-01-09022-52553,12.878235,-14.472517,DABO/KOLDA/KOLDA
22,608-01-00164-19412,14.72795522,-17.31260387,THIAROYE/PIKINE/DAKAR
356,608-01-09012-10047,15.056869,-16.821413,MEOUANE/TIVAOUANE/THIES
666,608-01-00825-30778,14.82882811,-17.14306687,KEUR MOUSSEU (KEUR MOUSSA)/THIES/THIES
861,608-01-09001-01235,14.75668132,-17.4275868,GUEDIAWAYE/GUEDIAWAYE/DAKAR
340,608-01-09008-20203,14.7383694,-17.4735668,ALMADIES/DAKAR/DAKAR
431,608-01-09025-07980,14.68295784,-17.44082207,DAKAR PLATEAU/DAKAR/DAKAR
551,608-01-00116-32898,14.76295432,-17.48168034,ALMADIES/DAKAR/DAKAR
833,608-01-04159-00001,15.38786532,-16.12517847,SAGATTA GUETH/KEBEMER/LOUGA
203,608-01-03619-00006,13.025955,-11.869872999,SABODALA/SARAYA/KEDOUGOU
630,608-01-00707-09566,13.08838536,-14.22390723,SARE COLY SALLE/VELINGARA/KOLDA
93,608-01-00825-38189,14.8494173,-17.1722992,BAMBILOR/RUFISQUE/DAKAR
558,608-01-00118-22511,14.70442817,-17.45489945,GRAND DAKAR/DAKAR/DAKAR
68,608-01-00710-12861,13.94616312,-15.40775183,KATAKEL/KAFFRINE/KAFFRINE
622,608-01-00642-00003,12.80557273,-16.2250874,BIGNONA/BIGNONA/ZIGUINCHOR
284,608-01-04643-00004,14.733111,-17.258766,RUFISQUE/RUFISQUE/DAKAR
844,608-01-04619-00003,14.758766,-17.265804,BAMBILOR/RUFISQUE/DAKAR
434,608-01-09025-44304,14.67954608,-17.4508072,DAKAR PLATEAU/DAKAR/DAKAR
153,608-01-02899-00003,13.79565901,-16.1674479,WACK NGOUNA/NIORO DU RIP/KAOLACK
75,608-01-00712-32799,12.926241,-11.498118998,BEMBOU/SARAYA/KEDOUGOU
730,608-01-03002-40800,14.8363781,-15.9260371,NDAME/MBACKE/DIOURBEL
446,608-01-09027-47051,12.70093532,-15.56003745,SEDHIOU/SEDHIOU/SEDHIOU
188,608-01-03090-00002,14.82964557,-15.93658424,NDAME/MBACKE/DIOURBEL
271,608-01-04018-60085,14.5822634,-17.0351562,SINDIA/MBOUR/THIES
236,608-01-04011-58309,14.7756624,-16.9342391,THIES/THIES/THIES
487,608-01-09034-48209,14.8736667,-15.82734987,NDAME/MBACKE/DIOURBEL
117,608-01-01387-00001,14.75079454,-17.28729422,RUFISQUE/RUFISQUE/DAKAR
943,608-01-09012-64005,15.63409344,-16.23009166,LOUGA/LOUGA/LOUGA
512,608-01-09042-62714,14.85581155,-15.92459558,NDAME/MBACKE/DIOURBEL
825,608-01-04018-54810,14.46931,-16.94703,SINDIA/MBOUR/THIES
591,608-01-00305-29689,14.227669,-14.739819,LOUR ESCALE/KOUNGHEUL/KAFFRINE
126,608-01-01929-00005,14.74378886,-17.35336048,THIAROYE/PIKINE/DAKAR
116,608-01-01371-00007,14.4640365,-17.0550708,NGAPAROU/MBOUR/THIES
473,608-01-09031-22568,15.53586496,-14.9528326,DODJI/LINGUERE/LOUGA
693,608-01-01812-00001,14.49002039,-17.08334753,SOMONE/MBOUR/THIES
57,608-01-00628-00005,13.98012295,-16.26599109,PASSY/FOUNDIOUGNE/FATICK
863,608-01-09001-13043,14.73669338,-17.4253879,GRAND DAKAR/DAKAR/DAKAR
912,608-01-09007-24527,16.20633218,-16.41466512,NDIAYE MBERESS/DAGANA/SAINT LOUIS
369,608-01-09012-63914,15.61680985,-16.23190989,LOUGA/LOUGA/LOUGA
268,608-01-04018-57714,14.4514952,-17.0403594,NGAPAROU/MBOUR/THIES
46,608-01-00410-27016,16.19488841,-15.5403383,MBANE/DAGANA/SAINT LOUIS
349,608-01-09009-43945,14.7813306,-17.37428522,GUEDIAWAYE/GUEDIAWAYE/DAKAR
195,608-01-03383-00003,14.01607774,-15.5904618,KATAKEL/KAFFRINE/KAFFRINE
999,608-01-09025-36712,14.71213349,-17.44558303,GRAND DAKAR/DAKAR/DAKAR
834,608-01-04203-00002,14.51126102,-15.9294591,OUADIOUR/GOSSAS/FATICK
736,608-01-03009-41687,14.8037432,-15.900763,MBACKE/MBACKE/DIOURBEL
263,608-01-04018-46662,14.4483218,-16.9855533,SALY PORTUDAL/MBOUR/THIES
443,608-01-09027-38221,13.4365814,-14.9489786,PATA/MEDINA YORO FOULAH/KOLDA
675,608-01-01003-32663,14.26915473,-15.94265956,GUINGUINEO/GUINGUINEO/KAOLACK
304,608-01-09001-44862,14.74134376,-17.4427712,PARCELLES ASSAINIES/DAKAR/DAKAR
341,608-01-09008-44683,14.68588168,-17.4650588,DAKAR PLATEAU/DAKAR/DAKAR
966,608-01-09017-35913,14.74774661,-17.4710456,ALMADIES/DAKAR/DAKAR
149,608-01-02727-00005,14.79933421,-17.33650983,MALIKA/KEUR MASSAR/DAKAR
124,608-01-01881-00009,14.76557268,-17.41451098,GUEDIAWAYE/GUEDIAWAYE/DAKAR
786,608-01-04005-57580,14.784861,-16.614099,LAMBAYE/BAMBEY/DIOURBEL
50,608-01-00416-24747,16.46878554,-15.6366661,MBANE/DAGANA/SAINT LOUIS
353,608-01-09010-17533,14.75643188,-17.345029,THIAROYE/PIKINE/DAKAR
927,608-01-09009-01747,14.7856086,-17.38259581,GUEDIAWAYE/GUEDIAWAYE/DAKAR
142,608-01-02457-00039,15.0140688,-16.7344282,PAMBAL/TIVAOUANE/THIES
470,608-01-09030-51560,13.170869,-11.784880999,SABODALA/SARAYA/KEDOUGOU
399,608-01-09021-16555,15.96126703,-16.17903789,RAO/SAINT LOUIS/SAINT LOUIS
625,608-01-00666-00006,16.51117586,-14.64772818,NDIOUM/PODOR/SAINT LOUIS
320,608-01-09004-15512,14.76481014,-16.88493085,KEUR MOUSSEU (KEUR MOUSSA)/THIES/THIES
19,608-01-00144-00004,14.67115831,-17.4245063,DAKAR PLATEAU/DAKAR/DAKAR
809,608-01-04016-07383,14.4355849,-16.936043,SINDIA/MBOUR/THIES
790,608-01-04006-54886,14.851905,-15.870193,NDAME/MBACKE/DIOURBEL
808,608-01-04016-03731,14.4414247,-16.9642194,MBOUR/MBOUR/THIES
407,608-01-09022-15299,12.89499846,-14.93274757,KOLDA/KOLDA/KOLDA
537,608-01-71815-00005,14.953561,-16.812048,TIVAOUANE/TIVAOUANE/THIES
620,608-01-00604-30700,14.5334204,-16.4739925,NIAKHAR/FATICK/FATICK
38,608-01-00305-38453,15.21466,-15.55297,SAGATTA DJOLOF/LINGUERE/LOUGA
175,608-01-03012-41908,14.4368855,-16.9764292,MBOUR/MBOUR/THIES
245,608-01-04011-59130,14.7691167,-16.9161733,THIES/THIES/THIES
828,608-01-04018-57743,14.4421577,-16.995291,SALY PORTUDAL/MBOUR/THIES
667,608-01-00828-00012,13.76466038,-13.67551414,TAMBACOUNDA/TAMBACOUNDA/TAMBACOUNDA
754,608-01-03266-00002,13.9186272,-16.61151262,NIODIOR/FOUNDIOUGNE/FATICK
858,608-01-08450-00005,14.77566242,-16.93423912,THIES/THIES/THIES
154,608-01-02923-00011,14.71164605,-17.4659977,ALMADIES/DAKAR/DAKAR
287,608-01-05007-45210,13.82035891,-13.923823,KOUSSANAR/TAMBACOUNDA/TAMBACOUNDA
602,608-01-00408-25243,15.54977593,-13.3015609,OGO/MATAM/MATAM
569,608-01-00166-39211,14.7312911,-17.279679,RUFISQUE/RUFISQUE/DAKAR
743,608-01-03013-28132,14.6626204,-17.1955051,SENDOU/RUFISQUE/DAKAR
17,608-01-00141-19287,14.75668132,-17.4275868,GUEDIAWAYE/GUEDIAWAYE/DAKAR
127,608-01-01985-00012,14.75369426,-17.468207,ALMADIES/DAKAR/DAKAR
322,608-01-09004-26393,14.80677782,-16.9286815,THIES/THIES/THIES
255,608-01-04016-56053,14.4439382,-16.9564611,SINDIA/MBOUR/THIES
657,608-01-00720-26053,12.82372119,-16.3692475,TENDOUCK/BIGNONA/ZIGUINCHOR
964,608-01-09017-05404,14.75850396,-17.4517546,PARCELLES ASSAINIES/DAKAR/DAKAR
190,608-01-03150-00012,14.75004342,-17.50691431,ALMADIES/DAKAR/DAKAR
115,608-01-01280-00003,14.70160318,-17.45890529,DAKAR PLATEAU/DAKAR/DAKAR
616,608-01-00542-00009,14.74212271,-17.1369143,DIAMNIADIO/RUFISQUE/DAKAR
606,608-01-00415-23236,16.02494378,-16.50576512,SAINT LOUIS/SAINT LOUIS/SAINT LOUIS
180,608-01-03013-42119,14.6503346,-17.0639805,SINDIA/MBOUR/THIES
301,608-01-09001-38151,14.74030135,-17.4524883,PARCELLES ASSAINIES/DAKAR/DAKAR
759,608-01-03396-00001,14.060602,-15.67615,MABO/BIRKELANE/KAFFRINE
712,608-01-02091-00012,14.72852785,-17.2758007,RUFISQUE/RUFISQUE/DAKAR
723,608-01-02935-00005,12.56403498,-12.19051433,KEDOUGOU/KEDOUGOU/KEDOUGOU
685,608-01-01273-00003,14.77906021,-17.36222684,YEUMBEUL/KEUR MASSAR/DAKAR
979,608-01-09021-46721,16.024478,-16.48337991,SAINT LOUIS/SAINT LOUIS/SAINT LOUIS
517,608-01-09046-63226,14.900496,-15.88153,NDAME/MBACKE/DIOURBEL
984,608-01-09022-61125,13.13783945,-13.74983586,BONCONTO/VELINGARA/KOLDA
45,608-01-00407-25264,15.2713783,-12.86456639,WAOUNDE/KANEL/MATAM
909,608-01-09007-17286,16.46520079,-15.67580327,RICHARD-TOLL/DAGANA/SAINT LOUIS
157,608-01-02992-00002,14.73238676,-17.30219727,THIAROYE/PIKINE/DAKAR
851,608-01-05007-13171,13.77814921,-13.65406374,TAMBACOUNDA/TAMBACOUNDA/TAMBACOUNDA
171,608-01-03012-28100,14.4475244,-17.019811,SALY PORTUDAL/MBOUR/THIES
16,608-01-00130-00002,14.73717492,-17.4627481,PARCELLES ASSAINIES/DAKAR/DAKAR
511,608-01-09042-62332,14.87918673,-15.89805434,NDAME/MBACKE/DIOURBEL
48,608-01-00415-23293,16.01369499,-16.4949627,SAINT LOUIS/SAINT LOUIS/SAINT LOUIS
971,608-01-09018-25449,14.91810769,-16.8279221,PAMBAL/TIVAOUANE/THIES
940,608-01-09012-45675,15.61842,-16.24346,LOUGA/LOUGA/LOUGA
515,608-01-09045-06095,14.83846072,-15.83046872,NDAME/MBACKE/DIOURBEL
952,608-01-09014-12474,14.86743287,-15.87263034,NDAME/MBACKE/DIOURBEL
480,608-01-09032-64317,14.34877171,-16.0347571,FASS/GUINGUINEO/KAOLACK
283,608-01-04625-00002,15.923736,-15.966662,KEUR MOMAR SARR/LOUGA/LOUGA
718,608-01-02842-00002,14.76125552,-17.39878217,GUEDIAWAYE/GUEDIAWAYE/DAKAR
877,608-01-09002-48773,14.703898,-17.461825,DAKAR PLATEAU/DAKAR/DAKAR
225,608-01-04005-54207,14.894564,-16.596673,BABA GARAGE/BAMBEY/DIOURBEL
26,608-01-00204-29240,13.98076111,-16.608375,NIODIOR/FOUNDIOUGNE/FATICK
954,608-01-09014-12483,14.8618642,-15.87257079,NDAME/MBACKE/DIOURBEL
437,608-01-09026-09029,13.9315393,-12.2149226,KENIEBA/BAKEL/TAMBACOUNDA
951,608-01-09014-12466,14.8659398,-15.8777459,TOUBA MOSQUEE/MBACKE/DIOURBEL
364,608-01-09012-45824,14.96863917,-16.90039411,PAMBAL/TIVAOUANE/THIES
229,608-01-04007-62325,14.8665605,-15.8618539,NDAME/MBACKE/DIOURBEL
37,608-01-00255-40098,14.826455,-14.894472,BARKEDJI/LINGUERE/LOUGA
965,608-01-09017-23197,14.75369426,-17.468207,ALMADIES/DAKAR/DAKAR
374,608-01-09013-59631,14.22872663,-16.8675621,SESSENE/MBOUR/THIES
469,608-01-09030-51396,12.706084,-12.1553052,BANDAFASSI/KEDOUGOU/KEDOUGOU
967,608-01-09017-36085,14.72766255,-17.50144154,ALMADIES/DAKAR/DAKAR
850,608-01-05007-13145,13.77895277,-13.67721873,TAMBACOUNDA/TAMBACOUNDA/TAMBACOUNDA
704,608-01-02014-34653,14.87906331,-15.89261597,NDAME/MBACKE/DIOURBEL
841,608-01-04564-00001,14.765255,-12.251035,MOUDERY/BAKEL/TAMBACOUNDA
194,608-01-03314-00005,12.58325538,-15.5379628,DJIBANAR/GOUDOMP/SEDHIOU
854,608-01-05007-61392,13.801337,-13.282742,BALA/GOUDIRY/TAMBACOUNDA
864,608-01-09001-14501,14.73041362,-17.44264933,PARCELLES ASSAINIES/DAKAR/DAKAR
503,608-01-09040-30321,14.16651992,-16.06671643,KAOLACK/KAOLACK/KAOLACK
969,608-01-09017-52642,14.75696292,-17.44884077,PARCELLES ASSAINIES/DAKAR/DAKAR
830,608-01-04018-58043,14.5153192,-16.9425973,SINDIA/MBOUR/THIES
579,608-01-00227-29656,15.62738834,-16.23781217,LOUGA/LOUGA/LOUGA
968,608-01-09017-45703,14.73769338,-17.49529022,ALMADIES/DAKAR/DAKAR
162,608-01-03002-40697,14.8438391,-15.9208643,NDAME/MBACKE/DIOURBEL
908,608-01-09007-03781,16.45103153,-15.69374872,RICHARD-TOLL/DAGANA/SAINT LOUIS
152,608-01-02863-00005,12.97064698,-15.9538937,BONA/BOUNKILING/SEDHIOU
801,608-01-04011-58870,14.801064,-16.926267,THIES/THIES/THIES
993,608-01-09024-59886,14.51627372,-16.9999888,NGUEKOKH/MBOUR/THIES
755,608-01-03275-00002,14.4080104,-16.4077738,NIAKHAR/FATICK/FATICK
111,608-01-01211-00005,14.70813,-17.47534,ALMADIES/DAKAR/DAKAR
226,608-01-04005-54216,14.894564,-16.596673,BABA GARAGE/BAMBEY/DIOURBEL
688,608-01-01429-00014,14.67909752,-17.4581988,DAKAR PLATEAU/DAKAR/DAKAR
103,608-01-01010-00012,14.68979554,-17.4495108,DAKAR PLATEAU/DAKAR/DAKAR
421,608-01-09024-20719,14.70862087,-17.08997448,KEUR MOUSSEU (KEUR MOUSSA)/THIES/THIES
419,608-01-09024-06988,14.55016612,-17.04235784,SINDIA/MBOUR/THIES
750,608-01-03052-00004,14.10309727,-15.55064696,KAFFRINE/KAFFRINE/KAFFRINE
586,608-01-00255-30292,14.55978715,-16.7567067,FISSEL/MBOUR/THIES
780,608-01-04003-62029,14.8618561,-15.9073146,NDAME/MBACKE/DIOURBEL
672,608-01-00991-00005,14.7813306,-17.37428522,GUEDIAWAYE/GUEDIAWAYE/DAKAR
119,608-01-01415-00006,12.88914038,-14.93949634,KOLDA/KOLDA/KOLDA
53,608-01-00550-00002,14.75345131,-17.44773384,PARCELLES ASSAINIES/DAKAR/DAKAR
151,608-01-02754-00006,14.850568,-15.929923,NDAME/MBACKE/DIOURBEL
403,608-01-09021-46190,16.0132019,-16.35262086,RAO/SAINT LOUIS/SAINT LOUIS
945,608-01-09013-13646,14.12773057,-16.66201473,FIMELA/FATICK/FATICK
207,608-01-03822-00005,12.608706,-15.657291,DJIREDJI/SEDHIOU/SEDHIOU
658,608-01-00720-26249,12.96919401,-16.5538401,KATABA I/BIGNONA/ZIGUINCHOR
843,608-01-04619-00002,14.758766,-17.265804,BAMBILOR/RUFISQUE/DAKAR
762,608-01-03480-00005,12.58197111,-16.25210965,ZIGUINCHOR/ZIGUINCHOR/ZIGUINCHOR
8,608-01-00116-00740,14.7606382,-17.4702071,ALMADIES/DAKAR/DAKAR
807,608-01-04015-54418,14.9503674,-16.8147352,TIVAOUANE/TIVAOUANE/THIES
36,608-01-00236-25782,14.79867821,-16.93437801,THIES/THIES/THIES
452,608-01-09028-18081,14.71505255,-17.278028,RUFISQUE/RUFISQUE/DAKAR
651,608-01-00716-24034,13.60040922,-15.79901717,PAOSKOTO/NIORO DU RIP/KAOLACK
253,608-01-04016-50529,14.426287,-16.960905,MBOUR/MBOUR/THIES
303,608-01-09001-43827,14.760332,-17.426361,GUEDIAWAYE/GUEDIAWAYE/DAKAR
746,608-01-03016-42961,14.7893441,-16.9342581,THIES/THIES/THIES
571,608-01-00204-33988,14.34706463,-16.47078189,TATTAGUINE/FATICK/FATICK
623,608-01-00645-00006,12.79707078,-16.2316423,BIGNONA/BIGNONA/ZIGUINCHOR
732,608-01-03006-40818,14.8489572,-15.8976784,NDAME/MBACKE/DIOURBEL
891,608-01-09003-56251,14.74872812,-17.3940958,PIKINE DAGOUDANE/PIKINE/DAKAR
262,608-01-04018-26745,14.6986593,-17.0682122,KEUR MOUSSEU (KEUR MOUSSA)/THIES/THIES
610,608-01-00424-00005,14.87918673,-15.89805434,NDAME/MBACKE/DIOURBEL
297,608-01-09001-12088,14.74241691,-17.45404371,PARCELLES ASSAINIES/DAKAR/DAKAR
414,608-01-09023-07671,13.00232429,-16.72563434,KATABA I/BIGNONA/ZIGUINCHOR
150,608-01-02747-00003,14.76943783,-17.23617775,BAMBILOR/RUFISQUE/DAKAR
788,608-01-04005-58115,14.7665907,-16.7999473,THIENABA/THIES/THIES
640,608-01-00712-09628,12.63658795,-12.8197279,SALEMATA/SALEMATA/KEDOUGOU
889,608-01-09003-49951,14.7427426,-17.4240252,GRAND DAKAR/DAKAR/DAKAR
550,608-01-00116-32437,14.74384276,-17.4601402,PARCELLES ASSAINIES/DAKAR/DAKAR
886,608-01-09003-17872,14.74925452,-17.4051771,PIKINE DAGOUDANE/PIKINE/DAKAR
488,608-01-09034-52253,14.873311,-15.857078,NDAME/MBACKE/DIOURBEL
147,608-01-02618-00011,14.79866266,-17.18675456,BAMBILOR/RUFISQUE/DAKAR
146,608-01-02611-00006,14.641575,-17.170475,DIAMNIADIO/RUFISQUE/DAKAR
720,608-01-02866-00005,12.7892078,-15.55595636,DIENDE/SEDHIOU/SEDHIOU
931,608-01-09010-06288,14.73999743,-17.36014323,THIAROYE/PIKINE/DAKAR
739,608-01-03012-41849,14.4049488,-16.9459681,MBOUR/MBOUR/THIES
659,608-01-00720-32928,13.11652402,-16.63253512,KATABA I/BIGNONA/ZIGUINCHOR
348,608-01-09009-32822,14.77285676,-17.3925958,GUEDIAWAYE/GUEDIAWAYE/DAKAR
463,608-01-09029-45258,13.74802362,-15.76942711,NIORO DU RIP/NIORO DU RIP/KAOLACK
325,608-01-09004-49676,14.77473,-16.91636,THIES/THIES/THIES
186,608-01-03018-42947,14.8095725,-16.9149335,THIES/THIES/THIES
123,608-01-01771-00002,14.73669338,-17.4253879,GRAND DAKAR/DAKAR/DAKAR
853,608-01-05007-55002,13.89136601,-13.4599488,KOTHIARY/GOUDIRY/TAMBACOUNDA
608,608-01-00415-23373,16.032705,-16.459798,SAINT LOUIS/SAINT LOUIS/SAINT LOUIS
143,608-01-02535-00010,14.805725,-16.91233,THIES/THIES/THIES
958,608-01-09016-23048,14.78987867,-17.34057794,MALIKA/KEUR MASSAR/DAKAR
197,608-01-03431-00002,13.28434345,-15.14331126,NDORNA/MEDINA YORO FOULAH/KOLDA
609,608-01-00416-25401,16.50190423,-15.8074144,ROSSO SENEGAL/DAGANA/SAINT LOUIS
279,608-01-04230-00003,16.19488841,-15.5403383,MBANE/DAGANA/SAINT LOUIS
293,608-01-09000-36403,14.65974337,-17.4378921,DAKAR PLATEAU/DAKAR/DAKAR
400,608-01-09021-21592,16.06222892,-16.42588692,RAO/SAINT LOUIS/SAINT LOUIS
122,608-01-01642-00021,14.7448543,-17.30409229,THIAROYE/PIKINE/DAKAR
183,608-01-03014-41127,14.9511858,-16.8209143,TIVAOUANE/TIVAOUANE/THIES
202,608-01-03570-00003,14.76997563,-17.335165,MALIKA/KEUR MASSAR/DAKAR
438,608-01-09026-26263,14.18815562,-12.7181742,GOUDIRY/GOUDIRY/TAMBACOUNDA
246,608-01-04012-57121,14.989943,-17.006745,PAMBAL/TIVAOUANE/THIES
415,608-01-09023-42733,12.65500016,-16.3563456,TENDOUCK/BIGNONA/ZIGUINCHOR
932,608-01-09010-16478,14.73891505,-17.28529475,RUFISQUE/RUFISQUE/DAKAR
765,608-01-03609-00003,14.8112421,-16.9243552,THIES/THIES/THIES
906,608-01-09005-63675,14.648131,-16.230344,DIOURBEL/DIOURBEL/DIOURBEL
835,608-01-04259-00001,14.55211492,-16.07718527,NDOULO/DIOURBEL/DIOURBEL
887,608-01-09003-39561,14.76192878,-17.38524364,PIKINE DAGOUDANE/PIKINE/DAKAR
129,608-01-02001-29024,14.84383907,-15.92086428,NDAME/MBACKE/DIOURBEL
637,608-01-00711-11777,14.35446713,-12.2538391,BELE/BAKEL/TAMBACOUNDA
402,608-01-09021-45272,15.98870733,-16.4907966,SAINT LOUIS/SAINT LOUIS/SAINT LOUIS
784,608-01-04004-56838,14.7718459,-15.9791666,NDAME/MBACKE/DIOURBEL
770,608-01-04000-62393,14.8196977,-15.8989145,NDAME/MBACKE/DIOURBEL
735,608-01-03008-43790,14.873311,-15.857078,NDAME/MBACKE/DIOURBEL
913,608-01-09007-45690,16.215498,-16.382909,NDIAYE MBERESS/DAGANA/SAINT LOUIS
219,608-01-04003-54786,14.873215,-15.912332,NDAME/MBACKE/DIOURBEL
641,608-01-00712-09951,12.60447211,-12.1357019,BANDAFASSI/KEDOUGOU/KEDOUGOU
915,608-01-09007-54351,16.324111,-15.765081,MBANE/DAGANA/SAINT LOUIS
752,608-01-03194-00003,15.34879197,-16.3190866,SAGATTA GUETH/KEBEMER/LOUGA
806,608-01-04015-53164,14.9426394,-16.8126068,TIVAOUANE/TIVAOUANE/THIES
919,608-01-09008-19612,14.7084,-17.4722,ALMADIES/DAKAR/DAKAR
624,608-01-00658-00004,15.608,-13.325806,OUROSSOGUI/MATAM/MATAM
874,608-01-09002-19943,14.730535,-17.460742,PARCELLES ASSAINIES/DAKAR/DAKAR
760,608-01-03413-00004,12.62779461,-15.5128082,SIMBANDI BRASSOU/GOUDOMP/SEDHIOU
386,608-01-09016-35197,14.77336008,-17.2931758,JAXAAY/KEUR MASSAR/DAKAR
972,608-01-09020-07665,14.1360632,-16.0767,KAOLACK/KAOLACK/KAOLACK
509,608-01-09042-09465,14.87906331,-15.89261597,NDAME/MBACKE/DIOURBEL
267,608-01-04018-57691,14.4371624,-17.0003836,SALY PORTUDAL/MBOUR/THIES
819,608-01-04018-14923,14.5153192,-16.9425973,SINDIA/MBOUR/THIES
441,608-01-09027-35205,12.7892078,-15.55595636,DIENDE/SEDHIOU/SEDHIOU
496,608-01-09036-22629,15.07616708,-12.90074,ORKADIERE/KANEL/MATAM
112,608-01-01242-00004,14.71716254,-17.4527028,GRAND DAKAR/DAKAR/DAKAR
691,608-01-01794-00002,14.72319579,-17.446022,GRAND DAKAR/DAKAR/DAKAR
232,608-01-04009-60537,14.909423,-15.861529,NDAME/MBACKE/DIOURBEL
869,608-01-09001-56288,14.73315653,-17.4232229,GRAND DAKAR/DAKAR/DAKAR
607,608-01-00415-23261,16.01810319,-16.4861741,SAINT LOUIS/SAINT LOUIS/SAINT LOUIS
671,608-01-00966-00003,12.56237876,-16.25606439,ZIGUINCHOR/ZIGUINCHOR/ZIGUINCHOR
373,608-01-09013-53421,14.33893078,-16.81865681,SESSENE/MBOUR/THIES
981,608-01-09022-45621,12.912288,-14.941795,KOLDA/KOLDA/KOLDA
842,608-01-04569-00002,12.688171,-15.514699,SIMBANDI BRASSOU/GOUDOMP/SEDHIOU
233,608-01-04009-60568,14.897484,-15.86913,NDAME/MBACKE/DIOURBEL
785,608-01-04004-56843,14.7718459,-15.9791666,NDAME/MBACKE/DIOURBEL
676,608-01-01003-33195,14.15838838,-15.84015141,KEUR MBOUCKI/BIRKELANE/KAFFRINE
317,608-01-09004-10209,14.85114212,-16.88706174,KEUR MOUSSEU (KEUR MOUSSA)/THIES/THIES
648,608-01-00715-31960,12.38129022,-16.48631955,CABROUSSE/OUSSOUYE/ZIGUINCHOR
410,608-01-09022-35425,12.89627653,-14.945818,KOLDA/KOLDA/KOLDA
898,608-01-09004-62095,14.824612,-16.926696,THIES/THIES/THIES
709,608-01-02018-34708,14.873215,-15.912332,NDAME/MBACKE/DIOURBEL
358,608-01-09012-13124,15.61680985,-16.23190989,LOUGA/LOUGA/LOUGA
258,608-01-04016-60442,14.4339822,-16.960482,MBOUR/MBOUR/THIES
744,608-01-03013-42581,14.4900204,-17.0833475,SOMONE/MBOUR/THIES
627,608-01-00706-09829,12.9316973,-15.5934028,DIAROUME/BOUNKILING/SEDHIOU
632,608-01-00707-12420,12.91214276,-14.1578306,DIAOBE KABENDOU/VELINGARA/KOLDA
282,608-01-04549-00001,13.787773,-13.472197,MISSIRAH/TAMBACOUNDA/TAMBACOUNDA
376,608-01-09014-63439,14.85745507,-15.87900354,NDAME/MBACKE/DIOURBEL
384,608-01-09016-08861,14.76770049,-17.28625464,JAXAAY/KEUR MASSAR/DAKAR
224,608-01-04005-53938,14.6899722,-16.726811,THIENABA/THIES/THIES
953,608-01-09014-12482,14.8618642,-15.87257079,NDAME/MBACKE/DIOURBEL
814,608-01-04016-55579,14.4149967,-16.970098,MBOUR/MBOUR/THIES
472,608-01-09031-14002,14.176876483,-14.451326137,KOUTHIABA OUOLOF/KOUMPENTOUM/TAMBACOUNDA
347,608-01-09009-06354,14.769725,-17.414018,GUEDIAWAYE/GUEDIAWAYE/DAKAR
505,608-01-09041-11894,14.81045631,-15.89014143,MBACKE/MBACKE/DIOURBEL
639,608-01-00711-39492,13.5143341,-13.039187,DIANKE MAKHA/GOUDIRY/TAMBACOUNDA
987,608-01-09023-49159,15.889633,-16.498806,RAO/SAINT LOUIS/SAINT-LOUIS
928,608-01-09009-56206,14.76767351,-17.4105883,GUEDIAWAYE/GUEDIAWAYE/DAKAR
905,608-01-09005-63641,14.70114405,-16.45285234,BAMBEY/BAMBEY/DIOURBEL
619,608-01-00604-29212,14.25498933,-16.19278771,NGOTHIE/KAOLACK/KAOLACK
855,608-01-05158-00021,14.733033,-17.2013465,DIAMNIADIO/RUFISQUE/DAKAR
803,608-01-04011-59188,14.7717088,-16.8966554,KEUR MOUSSEU (KEUR MOUSSA)/THIES/THIES
645,608-01-00714-04340,13.98012295,-16.26599109,PASSY/FOUNDIOUGNE/FATICK
846,608-01-04835-00001,13.829829006,-15.608074955,MABO/BIRKELANE/KAFFRINE
556,608-01-00118-21653,14.71161424,-17.4511185,GRAND DAKAR/DAKAR/DAKAR
957,608-01-09016-17642,14.77139786,-17.32853207,MALIKA/KEUR MASSAR/DAKAR
577,608-01-00226-25059,15.39332083,-15.1138493,LINGUERE/LINGUERE/LOUGA
795,608-01-04009-60740,14.886321,-15.872009,NDAME/MBACKE/DIOURBEL
85,608-01-00720-09065,12.65500016,-16.3563456,TENDOUCK/BIGNONA/ZIGUINCHOR
242,608-01-04011-58564,14.7716831,-16.9270434,THIES/THIES/THIES
698,608-01-02004-39786,14.948749,-16.815722,TIVAOUANE/TIVAOUANE/THIES
159,608-01-03001-30160,14.702704,-16.8774798,NOTTO/THIES/THIES
524,608-01-19363-00005,14.94580602,-16.8132933,TIVAOUANE/TIVAOUANE/THIES
35,608-01-00236-25661,14.805725,-16.91233,THIES/THIES/THIES
540,608-01-87002-00004,14.62304246,-17.04682571,SINDIA/MBOUR/THIES
170,608-01-03012-27907,14.4239866,-16.9832697,MBOUR/MBOUR/THIES
654,608-01-00720-09757,12.86141,-15.86726,DJIBABOUYA/SEDHIOU/SEDHIOU
890,608-01-09003-50671,14.766546,-17.39222,PIKINE DAGOUDANE/PIKINE/DAKAR
857,608-01-06760-00006,14.779233,-15.810405,KAEL/MBACKE/DIOURBEL
847,608-01-04902-00002,15.568441103,-14.647956207,VELINGARA/RANEROU/MATAM
944,608-01-09013-07859,14.40851108,-16.95561402,MBOUR/MBOUR/THIES
733,608-01-03006-43708,14.858536,-15.893597,NDAME/MBACKE/DIOURBEL
95,608-01-00826-41370,14.76758,-17.10337,KEUR MOUSSEU (KEUR MOUSSA)/THIES/THIES
563,608-01-00143-00000,14.6933,-17.4752,DAKAR PLATEAU/DAKAR/DAKAR
240,608-01-04011-58515,14.796733,-16.940808,THIES/THIES/THIES
742,608-01-03013-28011,14.4640365,-17.0550708,NGAPAROU/MBOUR/THIES
574,608-01-00206-27982,14.43916486,-16.97078349,MBOUR/MBOUR/THIES
690,608-01-01789-00005,14.7370547,-17.45365873,PARCELLES ASSAINIES/DAKAR/DAKAR
460,608-01-09028-55831,14.70247733,-17.23327587,BARGNY/RUFISQUE/DAKAR
553,608-01-00118-20913,14.71213349,-17.44558303,GRAND DAKAR/DAKAR/DAKAR
888,608-01-09003-41072,14.75347853,-17.40470362,PIKINE DAGOUDANE/PIKINE/DAKAR
206,608-01-03776-00003,13.69166,-15.828941,PAOSKOTO/NIORO DU RIP/KAOLACK
392,608-01-09017-31433,14.76062358,-17.4808369,ALMADIES/DAKAR/DAKAR
794,608-01-04009-60539,14.909423,-15.861529,NDAME/MBACKE/DIOURBEL
397,608-01-09020-49035,14.18524404,-16.1598343,SIBASSOR/KAOLACK/KAOLACK
766,608-01-03730-00002,13.0247476,-15.5543283,DIAROUME/BOUNKILING/SEDHIOU
848,608-01-05000-24722,15.6324535,-13.3315361,OGO/MATAM/MATAM
217,608-01-04002-55179,14.7937595,-15.9107569,MBACKE/MBACKE/DIOURBEL
4,608-01-00101-21261,14.67959385,-17.4548355,DAKAR PLATEAU/DAKAR/DAKAR
768,608-01-04000-56160,14.8390751,-15.8744589,NDAME/MBACKE/DIOURBEL
642,608-01-00713-19081,13.2192461,-14.6371164,NIAMING/MEDINA YORO FOULAH/KOLDA
929,608-01-09009-56391,14.78368702,-17.37619578,GUEDIAWAYE/GUEDIAWAYE/DAKAR
612,608-01-00453-00006,14.15587385,-16.0740138,KAOLACK/KAOLACK/KAOLACK
738,608-01-03012-32764,14.4368855,-16.9764292,MBOUR/MBOUR/THIES
546,608-01-00091-00006,14.72372245,-17.4931912,ALMADIES/DAKAR/DAKAR
725,608-01-02984-00002,13.76038457,-15.8998415,PAOSKOTO/NIORO DU RIP/KAOLACK
683,608-01-01166-00040,14.77663953,-17.3771219,GUEDIAWAYE/GUEDIAWAYE/DAKAR
98,608-01-00839-00005,13.77514384,-13.6665947,TAMBACOUNDA/TAMBACOUNDA/TAMBACOUNDA
804,608-01-04012-57330,15.0140688,-16.7344282,PAMBAL/TIVAOUANE/THIES
727,608-01-03000-42665,14.7882151,-16.1501514,NDOULO/DIOURBEL/DIOURBEL
573,608-01-00205-34542,15.0438459,-16.0460716,DAROU MOUSTY/KEBEMER/LOUGA
406,608-01-09022-04132,12.89216111,-14.9413944,KOLDA/KOLDA/KOLDA
502,608-01-09040-25098,14.16196441,-16.06039485,KAOLACK/KAOLACK/KAOLACK
47,608-01-00411-25165,16.10428471,-13.62686877,AGNAM CIVOL/MATAM/MATAM
32,608-01-00227-25144,15.91922299,-16.2675408,MPAL/SAINT LOUIS/SAINT LOUIS
779,608-01-04003-62020,14.8618561,-15.9073146,NDAME/MBACKE/DIOURBEL
839,608-01-04347-00004,12.55317,-15.777928,DJIBANAR/GOUDOMP/SEDHIOU
200,608-01-03485-00002,12.51107778,-12.2388788,BANDAFASSI/KEDOUGOU/KEDOUGOU
134,608-01-02013-29080,14.651947,-16.222336,DIOURBEL/DIOURBEL/DIOURBEL
27,608-01-00205-30385,14.78821511,-16.1501514,NDOULO/DIOURBEL/DIOURBEL
880,608-01-09003-02392,14.74330566,-17.3986226,PIKINE DAGOUDANE/PIKINE/DAKAR
230,608-01-04007-62330,14.8665605,-15.8618539,NDAME/MBACKE/DIOURBEL
489,608-01-09034-63036,14.85723425,-15.86812797,NDAME/MBACKE/DIOURBEL
772,608-01-04001-57077,14.8600491,-15.8862081,NDAME/MBACKE/DIOURBEL
378,608-01-09015-63207,14.81993035,-15.87608267,NDAME/MBACKE/DIOURBEL
288,608-01-05112-00005,14.93235914,-16.7868112,TIVAOUANE/TIVAOUANE/THIES
418,608-01-09024-03833,14.4421577,-16.995291,SALY PORTUDAL/MBOUR/THIES
674,608-01-01003-29183,14.32483116,-15.53036605,GNIBY/KAFFRINE/KAFFRINE
391,608-01-09017-02426,14.7522031,-17.46063336,ALMADIES/DAKAR/DAKAR
592,608-01-00305-29879,14.686305279,-15.272874648,BARKEDJI/LINGUERE/LOUGA
498,608-01-09036-38345,16.54553083,-14.7505453,GUEDE CHANTIER/PODOR/SAINT LOUIS
138,608-01-02138-00013,14.79724514,-17.28808696,BAMBILOR/RUFISQUE/DAKAR
62,608-01-00706-38828,12.872403,-15.603208,DIENDE/SEDHIOU/SEDHIOU
471,608-01-09031-08794,15.0406,-16.0496899,DAROU MOUSTY/KEBEMER/LOUGA
647,608-01-00715-26078,12.60208829,-16.0526428,NIAGUIS/ZIGUINCHOR/ZIGUINCHOR
128,608-01-01989-00001,14.73909853,-17.46450561,PARCELLES ASSAINIES/DAKAR/DAKAR
976,608-01-09020-52095,14.160228,-16.094209,KAOLACK/KAOLACK/KAOLACK
520,608-01-17509-00006,14.42135786,-16.98637122,MBOUR/MBOUR/THIES
838,608-01-04328-00006,15.60510001,-16.2262347,LOUGA/LOUGA/LOUGA
962,608-01-09017-00929,14.75386779,-17.4899231,ALMADIES/DAKAR/DAKAR
64,608-01-00707-11822,13.044284,-14.261334,SARE COLY SALLE/VELINGARA/KOLDA
812,608-01-04016-51756,14.4368855,-16.9764292,MBOUR/MBOUR/THIES
14,608-01-00118-21116,14.67494119,-17.4342461,DAKAR PLATEAU/DAKAR/DAKAR
156,608-01-02983-00005,13.6969016,-15.8259925,PAOSKOTO/NIORO DU RIP/KAOLACK
40,608-01-00310-00012,14.78449095,-17.36918472,GUEDIAWAYE/GUEDIAWAYE/DAKAR
492,608-01-09036-15474,16.0562451,-14.00020772,SALDE/PODOR/SAINT LOUIS
379,608-01-09016-02763,14.77864582,-17.3274393,MALIKA/KEUR MASSAR/DAKAR
187,608-01-03047-00006,14.175669,-16.074759,KAOLACK/KAOLACK/KAOLACK
763,608-01-03527-00002,14.840684,-15.940264,NDAME/MBACKE/DIOURBEL
216,608-01-04001-62222,14.8564222,-15.905182,NDAME/MBACKE/DIOURBEL
791,608-01-04007-57239,14.8471203,-15.8723071,NDAME/MBACKE/DIOURBEL
52,608-01-00511-00003,14.89323162,-15.88039412,NDAME/MBACKE/DIOURBEL
878,608-01-09003-01255,14.74883486,-17.4228672,GUEDIAWAYE/GUEDIAWAYE/DAKAR
337,608-01-09008-04702,14.71326478,-17.4726246,ALMADIES/DAKAR/DAKAR
748,608-01-03018-42912,14.8067778,-16.9286815,THIES/THIES/THIES
719,608-01-02843-00004,14.76125552,-17.39878217,GUEDIAWAYE/GUEDIAWAYE/DAKAR
724,608-01-02966-00001,14.75263281,-17.37905194,PIKINE DAGOUDANE/PIKINE/DAKAR
295,608-01-09001-00606,14.72425708,-17.4413369,GRAND DAKAR/DAKAR/DAKAR
701,608-01-02007-00004,16.46520079,-15.67580327,RICHARD-TOLL/DAGANA/SAINT LOUIS
251,608-01-04014-60100,14.9550916,-16.8150352,TIVAOUANE/TIVAOUANE/THIES
726,608-01-02995-00002,14.78255929,-17.31112895,MALIKA/KEUR MASSAR/DAKAR
461,608-01-09029-26977,13.77764,-16.33889,TOUBACOUTA/FOUNDIOUGNE/FATICK
455,608-01-09028-36323,14.71957974,-17.26784489,RUFISQUE/RUFISQUE/DAKAR
996,608-01-09024-60936,14.55213665,-17.06289758,SINDIA/MBOUR/THIES
815,608-01-04016-55825,14.41276,-16.97706,MBOUR/MBOUR/THIES
862,608-01-09001-02241,14.75040182,-17.4490551,PARCELLES ASSAINIES/DAKAR/DAKAR
269,608-01-04018-59522,14.6843547,-17.1321376,SINDIA/MBOUR/THIES
201,608-01-03505-00004,13.62348582,-15.64553362,MEDINA SABAKH/NIORO DU RIP/KAOLACK
161,608-01-03002-40687,14.8438391,-15.9208643,NDAME/MBACKE/DIOURBEL
555,608-01-00118-21171,14.690615881,-17.452637999,DAKAR PLATEAU/DAKAR/DAKAR
729,608-01-03001-43699,14.8169836,-16.6667155,THIENABA/THIES/THIES
401,608-01-09021-27161,16.00345929,-16.49307379,SAINT LOUIS/SAINT LOUIS/SAINT LOUIS
702,608-01-02014-30610,14.88283494,-15.8565828,NDAME/MBACKE/DIOURBEL
476,608-01-09032-16533,14.41378423,-16.25082667,NDIOB/FATICK/FATICK
821,608-01-04018-50557,14.7086209,-17.0899745,KEUR MOUSSEU (KEUR MOUSSA)/THIES/THIES
771,608-01-04001-53135,14.8489572,-15.8976784,NDAME/MBACKE/DIOURBEL
105,608-01-01031-00011,14.75050774,-17.3836244,PIKINE DAGOUDANE/PIKINE/DAKAR
565,608-01-00161-32694,14.7658286,-17.31182478,MALIKA/KEUR MASSAR/DAKAR
389,608-01-09016-62362,14.814229,-17.27803,BAMBILOR/RUFISQUE/DAKAR
1,608-01-00043-00000,14.66986901,-17.439786,DAKAR PLATEAU/DAKAR/DAKAR
937,608-01-09012-10062,14.91110075,-17.12350154,KAYAR/THIES/THIES
982,608-01-09022-49261,12.89349157,-14.9468786,KOLDA/KOLDA/KOLDA
561,608-01-00141-19527,14.76013188,-17.4558392,ALMADIES/DAKAR/DAKAR
80,608-01-00716-11819,13.98232078,-15.75532067,MABO/BIRKELANE/KAFFRINE
205,608-01-03658-00002,14.8652247,-16.8455857,PAMBAL/TIVAOUANE/THIES
34,608-01-00228-28586,15.5858745,-16.62379707,NDANDE/KEBEMER/LOUGA
775,608-01-04002-55077,14.8036022,-15.9067466,MBACKE/MBACKE/DIOURBEL
508,608-01-09042-06310,14.86185612,-15.90731457,NDAME/MBACKE/DIOURBEL
427,608-01-09024-60069,14.66262044,-17.1955051,SENDOU/RUFISQUE/DAKAR
454,608-01-09028-36321,14.71957974,-17.26784489,RUFISQUE/RUFISQUE/DAKAR
366,608-01-09012-50861,15.72421347,-16.51953538,SAKAL/LOUGA/LOUGA
91,608-01-00821-20497,14.77101448,-17.35563109,YEUMBEUL/KEUR MASSAR/DAKAR
339,608-01-09008-19851,14.69312433,-17.4627641,DAKAR PLATEAU/DAKAR/DAKAR
897,608-01-09004-48187,14.77981629,-16.91075026,THIES/THIES/THIES
564,608-01-00145-00001,14.66264253,-17.4336647,DAKAR PLATEAU/DAKAR/DAKAR
345,608-01-09009-01606,14.7769024,-17.3726493,GUEDIAWAYE/GUEDIAWAYE/DAKAR
776,608-01-04002-55248,14.7998167,-15.8804807,NDAME/MBACKE/DIOURBEL
241,608-01-04011-58548,14.7716831,-16.9270434,THIES/THIES/THIES
13,608-01-00118-21064,14.69723622,-17.44556561,DAKAR PLATEAU/DAKAR/DAKAR
315,608-01-09003-65284,14.74513744,-17.41705196,PIKINE DAGOUDANE/PIKINE/DAKAR
600,608-01-00401-00005,12.57383068,-16.2720431,ZIGUINCHOR/ZIGUINCHOR/ZIGUINCHOR
387,608-01-09016-36124,14.75925538,-17.29690892,JAXAAY/KEUR MASSAR/DAKAR
273,608-01-04018-63320,14.6416032,-17.1704532,DIAMNIADIO/RUFISQUE/DAKAR
166,608-01-03005-43394,14.909423,-15.861529,NDAME/MBACKE/DIOURBEL
840,608-01-04352-00006,13.76965,-13.64617,TAMBACOUNDA/TAMBACOUNDA/TAMBACOUNDA
992,608-01-09024-59872,14.50765581,-17.00279621,NGUEKOKH/MBOUR/THIES
646,608-01-00714-09569,13.6523228,-16.3205008,TOUBACOUTA/FOUNDIOUGNE/FATICK
818,608-01-04017-59760,14.9646,-16.812021,TIVAOUANE/TIVAOUANE/THIES
484,608-01-09033-62202,14.10753384,-15.3729258,SAGNA/MALEM HODDAR/KAFFRINE
980,608-01-09022-03668,12.89694101,-14.9265988,KOLDA/KOLDA/KOLDA
504,608-01-09040-48924,14.18423945,-16.07274805,MBADAKHOUNE/GUINGUINEO/KAOLACK
831,608-01-04038-00003,12.47322,-15.74781,DJIBANAR/GOUDOMP/SEDHIOU
243,608-01-04011-58879,14.808152,-16.9339976,THIES/THIES/THIES
566,608-01-00164-38161,14.741813,-17.284573,RUFISQUE/RUFISQUE/DAKAR
875,608-01-09002-37342,14.700455,-17.453899,GRAND DAKAR/DAKAR/DAKAR
562,608-01-00141-23093,14.76555579,-17.42216113,GUEDIAWAYE/GUEDIAWAYE/DAKAR
686,608-01-01305-00004,16.579206,-15.449798,GAE/DAGANA/SAINT LOUIS
189,608-01-03096-00005,14.93534,-16.82995,TIVAOUANE/TIVAOUANE/THIES
782,608-01-04004-53020,14.840684,-15.940264,NDAME/MBACKE/DIOURBEL
699,608-01-02004-40025,14.954086,-16.828076,TIVAOUANE/TIVAOUANE/THIES
475,608-01-09032-02340,14.47763036,-15.25340484,DAROU MINAM II/MALEM HODDAR/KAFFRINE
681,608-01-01133-00004,14.70785607,-17.4630407,ALMADIES/DAKAR/DAKAR
510,608-01-09042-12425,14.88802229,-15.89725429,NDAME/MBACKE/DIOURBEL
58,608-01-00632-00003,16.28096854,-16.14049313,ROSS BETHIO/DAGANA/SAINT LOUIS
474,608-01-09031-48667,14.9392181,-15.0551713,BARKEDJI/LINGUERE/LOUGA
560,608-01-00131-21404,14.72119666,-17.45820589,GRAND DAKAR/DAKAR/DAKAR
856,608-01-05175-00002,14.43688547,-16.97642922,MBOUR/MBOUR/THIES
747,608-01-03017-40308,14.942478,-16.494963,BABA GARAGE/BAMBEY/DIOURBEL
252,608-01-04015-54425,14.9503674,-16.8147352,TIVAOUANE/TIVAOUANE/THIES
21,608-01-00161-20486,14.77400291,-17.31566253,MALIKA/KEUR MASSAR/DAKAR
313,608-01-09003-33002,14.75050774,-17.3836244,PIKINE DAGOUDANE/PIKINE/DAKAR
459,608-01-09028-52440,14.2691547,-15.9426596,GUINGUINEO/GUINGUINEO/DAKAR
160,608-01-03002-40646,14.8517572,-15.9166503,NDAME/MBACKE/DIOURBEL
276,608-01-04108-00001,16.245814,-14.318544,CAS CAS/PODOR/SAINT LOUIS
955,608-01-09016-02121,14.76686958,-17.36162154,YEUMBEUL/KEUR MASSAR/DAKAR
191,608-01-03183-00002,15.65330419,-15.3536842,MBEULEUKHE/LINGUERE/LOUGA
385,608-01-09016-33501,14.77615187,-17.3506446,YEUMBEUL/KEUR MASSAR/DAKAR
805,608-01-04014-59998,14.9550916,-16.8150352,TIVAOUANE/TIVAOUANE/THIES
413,608-01-09022-62115,13.15697742,-14.10453146,VELINGARA/VELINGARA/KOLDA
491,608-01-09035-62679,14.850568,-15.929923,NDAME/MBACKE/DIOURBEL
343,608-01-09008-49461,14.74190794,-17.47129531,ALMADIES/DAKAR/DAKAR
769,608-01-04000-56439,14.824516,-15.9035903,NDAME/MBACKE/DIOURBEL
308,608-01-09002-36192,14.71973644,-17.4604451,GRAND DAKAR/DAKAR/DAKAR
661,608-01-00821-19692,14.77062513,-17.3759887,PIKINE DAGOUDANE/PIKINE/DAKAR
130,608-01-02003-00012,12.89625871,-16.347229,SINDIAN/BIGNONA/ZIGUINCHOR
663,608-01-00821-20764,14.78856088,-17.36788247,GUEDIAWAYE/GUEDIAWAYE/DAKAR
871,608-01-09001-61257,14.7543566,-17.4407254,PARCELLES ASSAINIES/DAKAR/DAKAR
99,608-01-00946-00005,14.8659893,-15.86948284,NDAME/MBACKE/DIOURBEL
372,608-01-09013-49659,14.431219,-16.904931,SINDIA/MBOUR/THIES
87,608-01-00737-00001,14.6645167,-16.2365736,DIOURBEL/DIOURBEL/DIOURBEL
458,608-01-09028-50225,14.758766,-17.265804,BAMBILOR/RUFISQUE/DAKAR
330,608-01-09005-45849,14.784861,-16.614099,LAMBAYE/BAMBEY/DIOURBEL
214,608-01-04000-62386,14.8196977,-15.8989145,NDAME/MBACKE/DIOURBEL
466,608-01-09029-61415,14.01871096,-16.0217885,KOUMBAL/KAOLACK/KAOLACK
121,608-01-01642-00010,14.7448543,-17.30409229,THIAROYE/PIKINE/DAKAR
614,608-01-00479-00011,14.8597629,-15.8495021,NDAME/MBACKE/DIOURBEL
20,608-01-00152-19388,14.74450289,-17.40599755,PIKINE DAGOUDANE/PIKINE/DAKAR
700,608-01-02006-34077,14.875976,-15.838227,NDAME/MBACKE/DIOURBEL
71,608-01-00711-09318,14.79022922,-12.4694126,MOUDERY/BAKEL/TAMBACOUNDA
106,608-01-01040-00011,14.75040182,-17.4490551,PARCELLES ASSAINIES/DAKAR/DAKAR
270,608-01-04018-59887,14.5162737,-16.9999888,NGUEKOKH/MBOUR/THIES
860,608-01-09001-00609,14.72425708,-17.4413369,GRAND DAKAR/DAKAR/DAKAR
435,608-01-09025-55532,14.71001747,-17.4423479,GRAND DAKAR/DAKAR/DAKAR
102,608-01-01003-33916,14.52846298,-15.68915735,COLOBANE/GOSSAS/FATICK
