,direction,msisdn,transfer_date,transfer_time,transaction_amount,localite
521,OUT,698af5af25e435f0b0b129397d2d9b58,20220321,224508,5000.0,BANDAFASSI/KEDOUGOU/KEDOUGOU
737,IN,7629afa5c8148d6ab12998041bfa46de,20220403,153342,500.0,KAOLACK/KAOLACK/KAOLACK
740,IN,683f8b2f9b3f00f44709fa4a43287db4,20210804,92520,10100.0,
660,OUT,c44f01179a6816b7ee5acba21f0e2880,20220309,104632,10000.0,THIAROYE/PIKINE/DAKAR
411,OUT,d18f615efcf8fa7ccd192d812f76f9b2,20220102,142126,4500.0,THIAROYE/PIKINE/DAKAR
678,IN,267f1c4feb9ac8798f8bfae14e73faea,20210710,210530,2020.0,
626,OUT,9b068ee89d6b01715bd22b26ba06f636,20220519,214531,1500.0,NIAGUIS/ZIGUINCHOR/ZIGUINCHOR
513,OUT,48f2f8a09711f5c259c19bb7005b19b6,20220517,114154,9920.0,
859,OUT,15f4737426b1635110b67886e35afe25,20220116,200747,5000.0,DAKAR PLATEAU/DAKAR/DAKAR
136,IN,9d70029deda008a25a95f42a88ae1574,20220130,153134,5250.0,FONGOLEMBI/KEDOUGOU/KEDOUGOU
811,OUT,bb6b0fd1de2437f771bcc2be1030d969,20211006,220937,38202.0,
76,OUT,973991a198189bed07774e3dcbb6a13c,20220501,926,500.0,NIAGUIS/ZIGUINCHOR/ZIGUINCHOR
636,IN,6487fabadb2802ad2256190bcb39ca73,20210824,125432,7000.0,
973,OUT,0cd259105dbbc322d69fa621f79be4b0,20211110,215723,2000.0,DAKAR PLATEAU/DAKAR/DAKAR
938,OUT,8ba6e095dfee4889dafee94053dddb41,20220207,202309,500.0,OUROSSOGUI/MATAM/MATAM
899,IN,ce787721d00e378e6e1660bb0eba14b7,20210820,142148,1.0,
280,OUT,9d541238dc3cbd44a75c742d6d5ee4ed,20220330,221742,50.0,THIAROYE/PIKINE/DAKAR
883,OUT,a401668ea5842716eab5230e078019a6,20220126,101836,50000.0,OUROSSOGUI/MATAM/MATAM
761,OUT,07d7e6ebd4c4cf641e4461bd4bb1549a,20211224,164233,16200.0,KAOLACK/KAOLACK/KAOLACK
319,OUT,40a4e913e3fc7ba038663f12fd010732,20211127,73359,100.0,OUROSSOGUI/MATAM/MATAM
549,OUT,646dd1fa140540788477ae9c68fcd21e,20220407,111803,2000.0,KAOLACK/KAOLACK/KAOLACK
174,IN,ee35ec8cea548b98513dc7ec449a9608,20211021,162548,1000.0,
371,OUT,2ad55671f0b829569792dff18e7fd010,20220121,183808,1500.0,OUROSSOGUI/MATAM/MATAM
527,IN,f4b1b40820fdf9fd67b65c1e4236b810,20210727,164829,3500.0,
210,IN,cbfd72d86feca2848d6acb33d93325a0,20220219,113835,500.0,FONGOLEMBI/KEDOUGOU/KEDOUGOU
235,OUT,3ef494c52f2a5862dd53ca15d37aee46,20220331,192121,3000.0,KAOLACK/KAOLACK/KAOLACK
101,OUT,be8d1525fabc2ea23b295c0f74cfd3b6,20211030,131626,15000.0,
986,OUT,9d0c3e827df287326921834699fb7653,20211231,115958,9000.0,GUEDIAWAYE/GUEDIAWAYE/DAKAR
902,OUT,ce787721d00e378e6e1660bb0eba14b7,20210902,122657,5000.0,
947,IN,8ba6e095dfee4889dafee94053dddb41,20220718,185428,6000.0,
346,IN,32c36c2f61e08cd4acce9dadca859ff7,20220331,145921,1500.0,NDOFFANE/KAOLACK/KAOLACK
139,OUT,9d70029deda008a25a95f42a88ae1574,20220130,202551,500.0,FONGOLEMBI/KEDOUGOU/KEDOUGOU
621,OUT,54f6fa1cbbcdeb35888270679508b88e,20220510,114044,3000.0,MISSIRAH/TAMBACOUNDA/TAMBACOUNDA
499,OUT,a49d738cbd86b46307fae11ae77d2988,20210918,124122,2500.0,
370,OUT,2ad55671f0b829569792dff18e7fd010,20220121,201906,1000.0,OUROSSOGUI/MATAM/MATAM
198,IN,dc1d48f65a73a23f6f235e8d758d2be1,20211209,100421,20000.0,DAKAR PLATEAU/DAKAR/DAKAR
687,IN,88c73912a5bcc25a8d8a5dfa9a595ec0,20211027,123542,30300.0,
584,IN,af8a802436786b3138bac39c23b3bb3f,20210819,155306,800.0,
901,IN,ce787721d00e378e6e1660bb0eba14b7,20210829,175749,50000.0,
59,OUT,b24fac7a8909359fb25d8fb3aa6c961c,20210712,165931,20200.0,
328,OUT,40a4e913e3fc7ba038663f12fd010732,20211201,151308,500.0,OUROSSOGUI/MATAM/MATAM
96,OUT,8c2c00021b6cf7b851152c2602b698b8,20210921,225031,3000.0,
312,IN,95b70559d074b28e05d41a7a3ffe2bdc,20211211,185108,2000.0,KEDOUGOU/KEDOUGOU/KEDOUGOU
974,OUT,a1d66c0dac76c52edc250a70c2480981,20211026,153258,3000.0,
299,OUT,9306cec3aa0b8b43207beeb236e10a39,20220609,102534,2000.0,THIAROYE/PIKINE/DAKAR
277,IN,97797cf3d846c98cad4ab624268b0455,20211018,202903,6100.0,
924,IN,8ba6e095dfee4889dafee94053dddb41,20210801,162750,100000.0,
601,OUT,572c814ef489a78ff2ea27b5915d76e5,20220604,221113,500.0,DAKAR PLATEAU/DAKAR/DAKAR
439,OUT,08713e900b728419733e8d89a5025ffc,20220602,112707,2000.0,BANDAFASSI/KEDOUGOU/KEDOUGOU
837,IN,203049540ea164d625d6173e668c3e13,20220508,122644,1800.0,KAOLACK/KAOLACK/KAOLACK
570,IN,8c88ceb44a261430990b5c7077f8cb05,20211114,30057,15000.0,OUROSSOGUI/MATAM/MATAM
879,IN,bf8034baf34b2753ed674340f75d8afc,20220214,151252,2000.0,DAKAR PLATEAU/DAKAR/DAKAR
261,OUT,b612c12c1a2fa9091b1e890e2c0cc78b,20220628,123541,2000.0,DAKAR PLATEAU/DAKAR/DAKAR
578,IN,8c88ceb44a261430990b5c7077f8cb05,20220605,191524,1000.0,OUROSSOGUI/MATAM/MATAM
23,OUT,aad94c4b27b74ed5b5cbe37580d56dde,20210710,200838,100.0,
30,IN,b8c770927e1b838fd25704a4d3d36c96,20210817,112236,10000.0,
617,OUT,24fcef83ba13fcbb0ae4d7b43f68c0d9,20220618,213004,2200.0,OUROSSOGUI/MATAM/MATAM
10,OUT,5fc34be6a59a7c05c1d81b22a70895ad,20220702,233302,500.0,NIAGUIS/ZIGUINCHOR/ZIGUINCHOR
221,IN,9601de7e2ceb2d72e5dec6c805e50dba,20220605,84714,600.0,KAOLACK/KAOLACK/KAOLACK
820,IN,fc19e9a07fca9ee95b82e18dbac0f8d7,20220406,173306,20000.0,DAKAR PLATEAU/DAKAR/DAKAR
296,OUT,5d367acc24a95b12121a95f36a7b0d39,20220103,102500,50.0,THIAROYE/PIKINE/DAKAR
54,IN,ebd8a25f41ac9f21760a47a37483f385,20220603,161804,2000.0,DAKAR PLATEAU/DAKAR/DAKAR
542,OUT,7133431e5571fa4ac066d4779daa426c,20220503,211440,95000.0,NIAGUIS/ZIGUINCHOR/ZIGUINCHOR
209,IN,cbfd72d86feca2848d6acb33d93325a0,20211222,175535,1300.0,FONGOLEMBI/KEDOUGOU/KEDOUGOU
604,IN,49035713f999acb1614ff4e66680afac,20220317,193524,45000.0,THIAROYE/PIKINE/DAKAR
692,IN,e80cba90d46b9d85face2d5be5ee4896,20210801,5221,500.0,
662,OUT,c44f01179a6816b7ee5acba21f0e2880,20220705,113231,30000.0,LAMBAYE/BAMBEY/DIOURBEL
866,IN,87344f194cc855ea59e74ac8d692efd6,20211117,123228,3100.0,NIAGUIS/ZIGUINCHOR/ZIGUINCHOR
70,OUT,ded7c6284ab2b00dfda6be5ceb15a297,20210908,183419,500.0,
543,IN,7133431e5571fa4ac066d4779daa426c,20220503,154900,100000.0,NIAGUIS/ZIGUINCHOR/ZIGUINCHOR
107,OUT,128e54ff6532b9730107a413fd545971,20211003,195958,3000.0,
493,IN,a72a12c8924f62fd7872d9de53c800dd,20220530,152355,2000.0,DAKAR PLATEAU/DAKAR/DAKAR
590,OUT,bdab0fe5bff7a4db4e53d807fa1f1b8b,20210926,133321,2500.0,
741,OUT,783f2743e99a0d5a2ef936667fec3e40,20211022,113007,900.0,
292,IN,2cd1475d9d8df9b161fda0db03290083,20220211,180010,23000.0,PAMBAL/TIVAOUANE/THIES
289,IN,0a86a4046688c98c30e9374a7b310561,20220619,150650,1600.0,NDAME/MBACKE/DIOURBEL
652,OUT,bf31376f4def43b5c923180731f7c559,20220322,200848,5000.0,THIAROYE/PIKINE/DAKAR
39,OUT,e835db4678bef86df92b8c90fdfa679f,20220408,205735,10000.0,KAOLACK/KAOLACK/KAOLACK
589,OUT,bdab0fe5bff7a4db4e53d807fa1f1b8b,20210926,123459,2500.0,
307,IN,4bb8afc3ab4e84149fe8cdc19368d2d1,20220219,183827,1500.0,OUROSSOGUI/MATAM/MATAM
679,IN,267f1c4feb9ac8798f8bfae14e73faea,20210710,115125,30000.0,
66,OUT,6d32161a99797bd8c2cdbc64e3fe4d77,20211211,181641,500.0,NIAGUIS/ZIGUINCHOR/ZIGUINCHOR
275,OUT,5f150dee290707a1c1d7ccf31192d54c,20220602,122532,2000.0,KAOLACK/KAOLACK/KAOLACK
67,IN,ff0d05325a1650db8a0b58efa5b331f7,20220616,194544,50000.0,DAKAR PLATEAU/DAKAR/DAKAR
318,OUT,40a4e913e3fc7ba038663f12fd010732,20211127,115059,550.0,OUROSSOGUI/MATAM/MATAM
548,OUT,646dd1fa140540788477ae9c68fcd21e,20220407,111738,5000.0,KAOLACK/KAOLACK/KAOLACK
998,OUT,63941db4afdc8ee7c609f7e66685c67e,20210808,110358,10500.0,
714,IN,7629afa5c8148d6ab12998041bfa46de,20210904,143715,550.0,
753,IN,c373900b3917d0659d1da3039e936c3d,20211122,94918,5050.0,KAOLACK/KAOLACK/KAOLACK
327,IN,40a4e913e3fc7ba038663f12fd010732,20211201,102205,5000.0,OUROSSOGUI/MATAM/MATAM
382,IN,2e0178e03538d5c58b7afff1247c87d7,20220308,210058,2500.0,KAOLACK/KAOLACK/KAOLACK
451,OUT,cc48f3186dbcdfa98c13a8c35e04507a,20210901,141743,3149.0,
522,OUT,698af5af25e435f0b0b129397d2d9b58,20220321,184938,5000.0,BANDAFASSI/KEDOUGOU/KEDOUGOU
218,IN,7cb741a0c202315c997ad8caf92a7d75,20220510,100025,8000.0,FONGOLEMBI/KEDOUGOU/KEDOUGOU
787,OUT,6a6f5d19e68f606274b6a4ed1cd39608,20220303,134007,500.0,DAKAR PLATEAU/DAKAR/DAKAR
436,OUT,c37fdce3be0abd118088436c5312e4d5,20211226,143601,1000.0,OUROSSOGUI/MATAM/MATAM
764,OUT,0930af6baa004e2547ecb5c309338922,20210829,121541,19500.0,
88,IN,c6769dc085151b9e7e873f39561fc4cf,20211118,124521,2500.0,OUROSSOGUI/MATAM/MATAM
63,IN,6d32161a99797bd8c2cdbc64e3fe4d77,20211123,155946,500.0,NIAGUIS/ZIGUINCHOR/ZIGUINCHOR
826,IN,203049540ea164d625d6173e668c3e13,20210726,212414,3030.0,
716,OUT,7629afa5c8148d6ab12998041bfa46de,20210904,144140,600.0,
351,IN,88e8fb20a33a9db22908c25de4a56bbe,20220330,130211,5000.0,OUROSSOGUI/MATAM/MATAM
936,IN,8ba6e095dfee4889dafee94053dddb41,20220207,91721,10900.0,OUROSSOGUI/MATAM/MATAM
256,OUT,fdf5bc6c28b69648e78a8144af62cab8,20210727,10526,1000.0,
635,IN,6487fabadb2802ad2256190bcb39ca73,20210824,124803,6000.0,
644,IN,6487fabadb2802ad2256190bcb39ca73,20220314,123058,7000.0,OUSSOUYE/OUSSOUYE/ZIGUINCHOR
554,IN,befbdc42011686b385d2159bde612d70,20210706,193439,1500.0,
959,OUT,2009574c9633d4cd3432f682494d9811,20211222,121631,15000.0,
168,OUT,be811de5b2177862501f7e0cc405a982,20220103,112642,500.0,KAOLACK/KAOLACK/KAOLACK
917,OUT,996830aef8cde2e34086dc78f6b9bafc,20210820,125313,25000.0,
528,IN,554a24d30d0901673a9db3e1e91d579e,20210706,202736,9590.0,
823,OUT,4f6dc4b51afbcd5245ac71f341464acf,20220105,184008,2000.0,OUROSSOGUI/MATAM/MATAM
985,OUT,08d34c22ffa4c62f1f293888037d0ab9,20220308,133955,2000.0,DAKAR PLATEAU/DAKAR/DAKAR
816,IN,5662b4e99b0db3b51b99493a09e09d5c,20210923,184649,70000.0,
86,IN,c6769dc085151b9e7e873f39561fc4cf,20210912,153108,2000.0,
432,OUT,2cab24e65f5adf5261a95b95c8e7c0ff,20220408,112525,2000.0,BABA GARAGE/BAMBEY/DIOURBEL
184,OUT,ee35ec8cea548b98513dc7ec449a9608,20220131,851,1500.0,DAKAR PLATEAU/DAKAR/DAKAR
978,IN,5b44d63e2330b04895987e6e069155be,20220630,111347,25000.0,DAKAR PLATEAU/DAKAR/DAKAR
534,OUT,8563676fc05de5efe509cf94d308cbb8,20211105,181602,1000.0,DAKAR PLATEAU/DAKAR/DAKAR
294,IN,5d367acc24a95b12121a95f36a7b0d39,20211128,74637,2000.0,THIAROYE/PIKINE/DAKAR
892,OUT,addb8bed5f143cf53f5df183ecb098e2,20220707,133711,200.0,KAOLACK/KAOLACK/KAOLACK
425,OUT,5b6d97962f8954652062b1f4349a5ffa,20211230,122119,660.0,KAOLACK/KAOLACK/KAOLACK
713,OUT,b7d766ca91a05fe6aefa1bcdfc5d0f8e,20220325,131648,2000.0,DAKAR PLATEAU/DAKAR/DAKAR
260,OUT,b612c12c1a2fa9091b1e890e2c0cc78b,20220426,215845,500.0,DAKAR PLATEAU/DAKAR/DAKAR
237,OUT,8e65c1a0d5f3dc5b158a4ad486f4fb9c,20211207,163924,500.0,NIAGUIS/ZIGUINCHOR/ZIGUINCHOR
559,IN,64ff0c0fda20ba6f5d0ab3a77cf59e10,20211014,102519,500.0,
583,OUT,af8a802436786b3138bac39c23b3bb3f,20210819,160226,800.0,
445,OUT,c887b322aeacc4e968b52a1421737b2e,20210914,142957,100.0,
867,OUT,87344f194cc855ea59e74ac8d692efd6,20211117,204814,200.0,NIAGUIS/ZIGUINCHOR/ZIGUINCHOR
800,OUT,892bb596c89260b74f5eea4cd550fb94,20211209,191347,2000.0,KAOLACK/KAOLACK/KAOLACK
599,IN,572c814ef489a78ff2ea27b5915d76e5,20211228,130655,38300.0,PIKINE DAGOUDANE/PIKINE/DAKAR
849,IN,171877c06f5354d5aaa023063d73dfc7,20210901,173834,10090.0,
265,OUT,7e487aedaa39287722e7e0c8fdae83c2,20210706,172554,5050.0,
995,OUT,402f40fc8911688fdcdb83b4b7b1b934,20211001,120522,103721.0,
529,OUT,554a24d30d0901673a9db3e1e91d579e,20210706,154442,40450.0,
55,OUT,331f360e4f7ffb037af0921bb50b86ef,20220413,143401,3000.0,DAKAR PLATEAU/DAKAR/DAKAR
120,IN,acf01b9a160d4ef1ae7cb0cf2d6149e9,20210909,94226,1000.0,
215,OUT,a3973eeadd758496dc088136788602e0,20210731,114725,500.0,
25,OUT,71c4bd385b78cb88fe601a9ca5ed9279,20220614,185629,68500.0,OUROSSOGUI/MATAM/MATAM
72,OUT,ded7c6284ab2b00dfda6be5ceb15a297,20220223,200454,1500.0,THIAROYE/PIKINE/DAKAR
44,OUT,cb43fc26bbeacc320ba0af56daa6c723,20210710,81949,12500.0,
247,OUT,412c378d792ed6e72e043eb68e684fca,20211105,175721,49500.0,KAOLACK/KAOLACK/KAOLACK
721,IN,7629afa5c8148d6ab12998041bfa46de,20211222,180738,700.0,KAOLACK/KAOLACK/KAOLACK
281,OUT,9d541238dc3cbd44a75c742d6d5ee4ed,20220330,221553,500.0,THIAROYE/PIKINE/DAKAR
893,IN,addb8bed5f143cf53f5df183ecb098e2,20220707,133456,200.0,KAOLACK/KAOLACK/KAOLACK
914,IN,5b64b974142b703618ce38ff4c77e4f1,20220617,152352,1000.0,DAKAR PLATEAU/DAKAR/DAKAR
810,OUT,f9975364f1a5a79c59b80e7317758cc3,20220723,173943,1000.0,SENDOU/RUFISQUE/DAKAR
244,OUT,412c378d792ed6e72e043eb68e684fca,20211105,180246,49500.0,KAOLACK/KAOLACK/KAOLACK
822,IN,4f6dc4b51afbcd5245ac71f341464acf,20220105,183810,2000.0,OUROSSOGUI/MATAM/MATAM
321,OUT,40a4e913e3fc7ba038663f12fd010732,20211127,111150,10100.0,OUROSSOGUI/MATAM/MATAM
643,IN,6487fabadb2802ad2256190bcb39ca73,20220314,170345,3000.0,OUSSOUYE/OUSSOUYE/ZIGUINCHOR
158,IN,27c8661576d887fafda56e2c0053a595,20220629,94157,2000.0,NIAGUIS/ZIGUINCHOR/ZIGUINCHOR
977,IN,06273ebd3ea74c383a1e07a05fceb88e,20220619,170718,5000.0,DAKAR PLATEAU/DAKAR/DAKAR
429,IN,5b6d97962f8954652062b1f4349a5ffa,20220617,223326,1000.0,KAOLACK/KAOLACK/KAOLACK
941,IN,8ba6e095dfee4889dafee94053dddb41,20220207,101259,165664.0,OUROSSOGUI/MATAM/MATAM
462,IN,cb807adae9ec8c9bee474af69ad10459,20220620,171340,1000.0,OGO/MATAM/MATAM
309,OUT,72a1a37779b747a1bbb63ae0c9979be0,20210927,205905,1000.0,
697,OUT,e80cba90d46b9d85face2d5be5ee4896,20220704,210255,2000.0,KAOLACK/KAOLACK/KAOLACK
60,IN,b24fac7a8909359fb25d8fb3aa6c961c,20210712,164743,25000.0,
884,OUT,ffda7e2f2a06386399f1224fc368d856,20220708,192503,10000.0,DAKAR PLATEAU/DAKAR/DAKAR
595,OUT,d166783287500055bd2ef7bbfb962be3,20220529,174454,25906.0,KAOLACK/KAOLACK/KAOLACK
767,OUT,bfdab1c01d3fd6d6cd1c48707d6f9bd4,20220616,214456,4000.0,GRAND DAKAR/DAKAR/DAKAR
649,OUT,6487fabadb2802ad2256190bcb39ca73,20220623,51303,2000.0,DAKAR PLATEAU/DAKAR/DAKAR
650,OUT,e1d813927c2ade1c1fdbb2a9639b4675,20210730,73438,5050.0,
865,IN,4c738a30fa6ea43d08abe3f888c3d5ef,20210923,110325,1300.0,
668,IN,7f306a0772fc49618b86edd3754fc143,20220316,194403,2000.0,NIAGUIS/ZIGUINCHOR/ZIGUINCHOR
298,OUT,4a80a47af5a2953543fc0efb2a2ab28d,20211021,212752,1000.0,
689,IN,7cb01663504329624b38b72180586d1e,20220512,225840,4000.0,KAOLACK/KAOLACK/KAOLACK
314,OUT,95b70559d074b28e05d41a7a3ffe2bdc,20211211,133841,1000.0,KEDOUGOU/KEDOUGOU/KEDOUGOU
310,OUT,95b70559d074b28e05d41a7a3ffe2bdc,20211028,121508,2000.0,
361,OUT,b58b587be09e5c1963bf4deba19597cc,20220419,220258,10000.0,DAKAR PLATEAU/DAKAR/DAKAR
479,OUT,be138358d654c79101ec7e817a70e4bf,20220218,161539,3500.0,DAKAR PLATEAU/DAKAR/DAKAR
110,IN,99af31a92a70a4ef8e01f6d26352fabe,20211020,130333,500.0,
989,IN,94b6e26b522f067d3b2db57a3c072e93,20220604,153227,5000.0,THIAROYE/PIKINE/DAKAR
486,OUT,6d30507999d54714fa6e788de0feea09,20210716,145413,1000.0,
363,IN,b58b587be09e5c1963bf4deba19597cc,20220605,15336,11000.0,DAKAR PLATEAU/DAKAR/DAKAR
254,OUT,fdf5bc6c28b69648e78a8144af62cab8,20210727,123852,1100.0,
259,IN,b612c12c1a2fa9091b1e890e2c0cc78b,20220426,190224,5000.0,DAKAR PLATEAU/DAKAR/DAKAR
802,IN,892bb596c89260b74f5eea4cd550fb94,20211209,191019,2000.0,KAOLACK/KAOLACK/KAOLACK
677,OUT,267f1c4feb9ac8798f8bfae14e73faea,20210710,115520,30000.0,
494,OUT,a72a12c8924f62fd7872d9de53c800dd,20220530,160541,2000.0,DAKAR PLATEAU/DAKAR/DAKAR
670,OUT,cb866e9228f5679260625700532d651e,20211021,152354,200.0,
377,OUT,2ad55671f0b829569792dff18e7fd010,20220522,182931,690.0,OUROSSOGUI/MATAM/MATAM
526,OUT,f4b1b40820fdf9fd67b65c1e4236b810,20210727,170200,3500.0,
845,IN,dce5cd0df45c125c3479dc49cd09006a,20220604,221144,2000.0,DAKAR PLATEAU/DAKAR/DAKAR
137,IN,9d70029deda008a25a95f42a88ae1574,20220130,123906,5250.0,FONGOLEMBI/KEDOUGOU/KEDOUGOU
355,OUT,d2c2b8446aefda434c1c6797d3cd4f66,20220715,130642,5000.0,THIAROYE/PIKINE/DAKAR
365,OUT,ba818863c3ccaa67032187372dbfdc20,20210728,121926,1300.0,
942,IN,8ba6e095dfee4889dafee94053dddb41,20220207,125320,133929.0,OUROSSOGUI/MATAM/MATAM
749,OUT,5f57e6fdb3e378c373f3c99cc4b40a10,20210709,150253,20000.0,
948,IN,8ba6e095dfee4889dafee94053dddb41,20220718,192652,90000.0,
829,IN,203049540ea164d625d6173e668c3e13,20210726,222408,2100.0,
656,OUT,dc9c8b256477a4778b343e3339dca04b,20211006,224140,5050.0,
199,OUT,631ed249c89e4bab455e1e00b9bd16f9,20220417,120359,6000.0,DAKAR PLATEAU/DAKAR/DAKAR
213,IN,cfc46e8c9ec271f6df283fb88265993f,20211109,103123,6000.0,THIAROYE/PIKINE/DAKAR
408,OUT,a612ffac19b790268ed7ccb758fe7a92,20211206,175010,22000.0,OUROSSOGUI/MATAM/MATAM
332,OUT,40a4e913e3fc7ba038663f12fd010732,20220413,222851,3000.0,OUROSSOGUI/MATAM/MATAM
208,OUT,cbfd72d86feca2848d6acb33d93325a0,20211222,185754,1300.0,FONGOLEMBI/KEDOUGOU/KEDOUGOU
613,OUT,2507309c03839d2a5a1b2ede3244cbd0,20210814,132824,25500.0,
78,OUT,973991a198189bed07774e3dcbb6a13c,20220501,13503,500.0,NIAGUIS/ZIGUINCHOR/ZIGUINCHOR
29,IN,3949091629d43d04d18f586466b126d3,20211229,222633,7000.0,OUROSSOGUI/MATAM/MATAM
535,OUT,8563676fc05de5efe509cf94d308cbb8,20211105,224706,2000.0,DAKAR PLATEAU/DAKAR/DAKAR
695,OUT,e80cba90d46b9d85face2d5be5ee4896,20220704,210534,14500.0,KAOLACK/KAOLACK/KAOLACK
557,OUT,728c469502a03b4941f36f7389264e46,20220514,151049,25500.0,DAKAR PLATEAU/DAKAR/DAKAR
836,IN,203049540ea164d625d6173e668c3e13,20220508,153840,3000.0,KAOLACK/KAOLACK/KAOLACK
596,IN,572c814ef489a78ff2ea27b5915d76e5,20211228,145216,32100.0,PIKINE DAGOUDANE/PIKINE/DAKAR
165,OUT,2871d253f854de1ba940279da50ae770,20210830,135617,14650.0,
918,OUT,996830aef8cde2e34086dc78f6b9bafc,20211005,221801,5050.0,
495,OUT,a72a12c8924f62fd7872d9de53c800dd,20220530,152531,2000.0,DAKAR PLATEAU/DAKAR/DAKAR
824,OUT,4f6dc4b51afbcd5245ac71f341464acf,20220105,181635,1000.0,OUROSSOGUI/MATAM/MATAM
65,IN,6d32161a99797bd8c2cdbc64e3fe4d77,20211211,181223,500.0,NIAGUIS/ZIGUINCHOR/ZIGUINCHOR
141,OUT,9d70029deda008a25a95f42a88ae1574,20220130,193717,500.0,FONGOLEMBI/KEDOUGOU/KEDOUGOU
925,IN,8ba6e095dfee4889dafee94053dddb41,20210801,92021,16000.0,
827,IN,203049540ea164d625d6173e668c3e13,20210726,171159,8690.0,
655,OUT,dc9c8b256477a4778b343e3339dca04b,20210709,224755,500.0,
331,IN,40a4e913e3fc7ba038663f12fd010732,20211201,204613,49500.0,OUROSSOGUI/MATAM/MATAM
664,OUT,60b85a399415cf48048d69dc3c776769,20211009,211644,12150.0,
249,IN,2bb43172895d450bfcfeacb87b168632,20220302,85253,20000.0,DAKAR PLATEAU/DAKAR/DAKAR
907,IN,ce787721d00e378e6e1660bb0eba14b7,20220701,233343,40000.0,DAKAR PLATEAU/DAKAR/DAKAR
708,OUT,3cb47980b03fd2ffb28607d83e22bced,20220729,230607,250.0,THIAROYE/PIKINE/DAKAR
305,OUT,4bb8afc3ab4e84149fe8cdc19368d2d1,20211109,175810,5000.0,OUROSSOGUI/MATAM/MATAM
734,OUT,7629afa5c8148d6ab12998041bfa46de,20220403,155036,500.0,KAOLACK/KAOLACK/KAOLACK
975,IN,a1d66c0dac76c52edc250a70c2480981,20211026,124154,3000.0,
49,OUT,697e27c7532c817a352ca9883cea4b9a,20210903,153850,1100.0,
896,OUT,ce787721d00e378e6e1660bb0eba14b7,20210820,191532,5000.0,
2,OUT,5fc34be6a59a7c05c1d81b22a70895ad,20220130,225928,400.0,NIAGUIS/ZIGUINCHOR/ZIGUINCHOR
544,OUT,7133431e5571fa4ac066d4779daa426c,20220503,202006,5000.0,NIAGUIS/ZIGUINCHOR/ZIGUINCHOR
350,OUT,88e8fb20a33a9db22908c25de4a56bbe,20220330,192434,3400.0,OUROSSOGUI/MATAM/MATAM
904,OUT,ce787721d00e378e6e1660bb0eba14b7,20220701,233459,40000.0,DAKAR PLATEAU/DAKAR/DAKAR
536,OUT,8563676fc05de5efe509cf94d308cbb8,20220608,184233,2000.0,DAKAR PLATEAU/DAKAR/DAKAR
344,OUT,32c36c2f61e08cd4acce9dadca859ff7,20220331,221951,2000.0,NDOFFANE/KAOLACK/KAOLACK
994,IN,ffb1055fa14d47150eb1209552721111,20220202,172350,20000.0,ALMADIES/DAKAR/DAKAR
481,IN,ab4351d5e60ac521942185ba4e0a770d,20211021,31450,7060.0,
575,OUT,8c88ceb44a261430990b5c7077f8cb05,20220202,132908,1000.0,OUROSSOGUI/MATAM/MATAM
33,IN,1a143177fbb624857af94b8941a1c2aa,20220511,134742,500.0,OUROSSOGUI/MATAM/MATAM
31,IN,b8c770927e1b838fd25704a4d3d36c96,20210817,131122,5050.0,
231,OUT,7fa26c515cd0fffff5c05891fc16e416,20220509,92611,100000.0,DAKAR PLATEAU/DAKAR/DAKAR
963,OUT,143ba0d61b0ca395517f51c5158b6ea4,20220315,173319,4950.0,SAINT LOUIS/SAINT LOUIS/SAINT-LOUIS
192,IN,ee35ec8cea548b98513dc7ec449a9608,20220731,212602,1000.0,DAKAR PLATEAU/DAKAR/DAKAR
333,OUT,40a4e913e3fc7ba038663f12fd010732,20220413,225216,550.0,OUROSSOGUI/MATAM/MATAM
3,OUT,5fc34be6a59a7c05c1d81b22a70895ad,20220130,215503,500.0,NIAGUIS/ZIGUINCHOR/ZIGUINCHOR
204,IN,3a5ac76f6c2ff34157af4683608d2f26,20220120,174825,20000.0,KAOLACK/KAOLACK/KAOLACK
514,OUT,48f2f8a09711f5c259c19bb7005b19b6,20220517,122419,1500.0,
799,OUT,892bb596c89260b74f5eea4cd550fb94,20211209,122023,1000.0,KAOLACK/KAOLACK/KAOLACK
306,IN,4bb8afc3ab4e84149fe8cdc19368d2d1,20211109,180157,5100.0,OUROSSOGUI/MATAM/MATAM
109,OUT,99af31a92a70a4ef8e01f6d26352fabe,20210723,211703,100.0,
430,OUT,3a12721c28318a0bdfc34ad2f3b1e9a8,20210814,160856,500.0,
77,OUT,973991a198189bed07774e3dcbb6a13c,20220501,233406,500.0,NIAGUIS/ZIGUINCHOR/ZIGUINCHOR
84,IN,882f84cc18bb4e2f50019343834ecc75,20220412,184758,10000.0,BANDAFASSI/KEDOUGOU/KEDOUGOU
286,IN,0a86a4046688c98c30e9374a7b310561,20211011,125134,2000.0,
82,IN,86250e14ac7ce5041c4fa11c13db3fe6,20220208,123625,5000.0,NIAGUIS/ZIGUINCHOR/ZIGUINCHOR
991,OUT,ffb1055fa14d47150eb1209552721111,20211122,203905,1000.0,THIAROYE/PIKINE/DAKAR
789,IN,e165a94e20a9ce59a78c1727efb2284f,20211124,235354,20000.0,THIAROYE/PIKINE/DAKAR
894,OUT,e652681db08c7ab964dde00b8930d2f2,20220502,93707,3009.0,OUROSSOGUI/MATAM/MATAM
398,OUT,5bb403747dca223b753621f9c2957e5b,20220112,144248,1000.0,OUROSSOGUI/MATAM/MATAM
323,OUT,40a4e913e3fc7ba038663f12fd010732,20211127,104517,200.0,OUROSSOGUI/MATAM/MATAM
519,OUT,5c4944a94e2466b0fa55cfaa90b43b79,20220322,184245,500.0,THIAROYE/PIKINE/DAKAR
916,OUT,996830aef8cde2e34086dc78f6b9bafc,20210820,125137,20000.0,
922,IN,8ba6e095dfee4889dafee94053dddb41,20210801,135557,13500.0,
5,OUT,5fc34be6a59a7c05c1d81b22a70895ad,20220702,142350,500.0,NIAGUIS/ZIGUINCHOR/ZIGUINCHOR
731,OUT,7629afa5c8148d6ab12998041bfa46de,20220320,134848,2400.0,KAOLACK/KAOLACK/KAOLACK
465,IN,61a77edab43843916696abf7358af6f0,20220124,192903,3000.0,THIAROYE/PIKINE/DAKAR
97,OUT,8c2c00021b6cf7b851152c2602b698b8,20210921,224909,3500.0,
266,IN,43fe10970ea16b02e99496e7bb83d1b7,20211007,134014,1020.0,
357,OUT,90cb8fe22ac5c267e4ba106f964ddefa,20211014,184305,2000.0,
868,OUT,87344f194cc855ea59e74ac8d692efd6,20211117,174243,300.0,NIAGUIS/ZIGUINCHOR/ZIGUINCHOR
798,OUT,892bb596c89260b74f5eea4cd550fb94,20211209,121002,2000.0,KAOLACK/KAOLACK/KAOLACK
380,IN,2ad55671f0b829569792dff18e7fd010,20220522,113653,4000.0,OUROSSOGUI/MATAM/MATAM
631,OUT,0e5a8feb27739feaba1012f058662ad1,20220331,173634,5933.0,TOUBACOUTA/FOUNDIOUGNE/FATICK
381,IN,2ad55671f0b829569792dff18e7fd010,20220522,180847,2000.0,OUROSSOGUI/MATAM/MATAM
490,IN,df0c97d1e2b033ed7a7d268fa8510f93,20211202,144803,7000.0,SALDE/PODOR/SAINT-LOUIS
118,OUT,acf01b9a160d4ef1ae7cb0cf2d6149e9,20210727,160733,5000.0,
900,IN,ce787721d00e378e6e1660bb0eba14b7,20210820,142205,300000.0,
250,OUT,2bb43172895d450bfcfeacb87b168632,20220302,134131,10000.0,DAKAR PLATEAU/DAKAR/DAKAR
523,OUT,698af5af25e435f0b0b129397d2d9b58,20220321,134354,5000.0,BANDAFASSI/KEDOUGOU/KEDOUGOU
9,OUT,5fc34be6a59a7c05c1d81b22a70895ad,20220702,111122,2000.0,NIAGUIS/ZIGUINCHOR/ZIGUINCHOR
196,IN,dc1d48f65a73a23f6f235e8d758d2be1,20211209,100304,20000.0,DAKAR PLATEAU/DAKAR/DAKAR
603,IN,572c814ef489a78ff2ea27b5915d76e5,20220604,220852,2000.0,DAKAR PLATEAU/DAKAR/DAKAR
81,IN,0e165674dac3504b848f428f3dcc0c85,20211225,113527,4000.0,THIAROYE/PIKINE/DAKAR
783,IN,5662f3a39088edc6fc9900775b3b3370,20220621,124348,300.0,OUROSSOGUI/MATAM/MATAM
587,IN,bdab0fe5bff7a4db4e53d807fa1f1b8b,20210729,190833,1520.0,
797,IN,892bb596c89260b74f5eea4cd550fb94,20210902,221107,500.0,
239,OUT,b79033fc5e74db5eb74c1a993861bc18,20211019,230051,1000.0,
290,OUT,0a86a4046688c98c30e9374a7b310561,20220619,150730,1300.0,NDAME/MBACKE/DIOURBEL
211,OUT,cbfd72d86feca2848d6acb33d93325a0,20220219,130955,500.0,FONGOLEMBI/KEDOUGOU/KEDOUGOU
717,OUT,7629afa5c8148d6ab12998041bfa46de,20210904,165519,1000.0,
359,OUT,05af1d0e10a5beaa98304acd2bfa6467,20220614,185519,2000.0,NIAGUIS/ZIGUINCHOR/ZIGUINCHOR
449,OUT,a6f2965d3b68661147a65662cf840a1f,20211221,204633,9500.0,KAOLACK/KAOLACK/KAOLACK
227,IN,703eec2c8b2ab9e0792296363d6fc9d0,20220608,201038,7000.0,THIAROYE/PIKINE/DAKAR
950,IN,8ba6e095dfee4889dafee94053dddb41,20220718,82837,62500.0,
946,IN,8ba6e095dfee4889dafee94053dddb41,20220718,214,69400.0,
796,OUT,892bb596c89260b74f5eea4cd550fb94,20210902,230223,500.0,
501,OUT,a49d738cbd86b46307fae11ae77d2988,20220522,125048,5000.0,NIAGUIS/ZIGUINCHOR/ZIGUINCHOR
464,IN,b7de9aa89b65d2e0ece8f991e4321857,20210720,154429,2530.0,
362,OUT,b58b587be09e5c1963bf4deba19597cc,20220419,212008,1000.0,DAKAR PLATEAU/DAKAR/DAKAR
468,IN,39a0fe0d44af7583c7e02e7e98a23be6,20210706,212447,1020.0,
935,IN,8ba6e095dfee4889dafee94053dddb41,20211025,81853,2000.0,
428,OUT,5b6d97962f8954652062b1f4349a5ffa,20220617,224954,1000.0,KAOLACK/KAOLACK/KAOLACK
7,IN,5fc34be6a59a7c05c1d81b22a70895ad,20220702,110338,2000.0,NIAGUIS/ZIGUINCHOR/ZIGUINCHOR
155,OUT,fd7fcf1dcbc2d0891f85cf0e279181f6,20220216,175418,1000.0,BANDAFASSI/KEDOUGOU/KEDOUGOU
541,OUT,ca298dfc317bf982b1d37dc47449a3df,20210902,80836,4550.0,
440,OUT,08713e900b728419733e8d89a5025ffc,20220602,134542,600.0,BANDAFASSI/KEDOUGOU/KEDOUGOU
482,OUT,f4ec79935e10d0ce8b1abd84b8434337,20211111,214859,500.0,THIAROYE/PIKINE/DAKAR
422,OUT,864342016bff7ac04fd449219c23a47e,20220420,101654,5000.0,NGOTHIE/KAOLACK/KAOLACK
778,OUT,db83248589b0b4895d3f040a77a01d9a,20211129,210102,5000.0,DAKAR PLATEAU/DAKAR/DAKAR
949,IN,8ba6e095dfee4889dafee94053dddb41,20220718,111238,14881.0,
334,OUT,abe44f37af825fdabb5e46c0480b44ef,20220603,82241,25000.0,DAKAR PLATEAU/DAKAR/DAKAR
576,IN,8c88ceb44a261430990b5c7077f8cb05,20220202,122018,1000.0,OUROSSOGUI/MATAM/MATAM
934,IN,8ba6e095dfee4889dafee94053dddb41,20211025,105812,13150.0,
567,OUT,0093a6e6a0e5e7fd5390f066bbb158c2,20211021,181953,3000.0,
594,IN,d166783287500055bd2ef7bbfb962be3,20220529,173729,20000.0,KAOLACK/KAOLACK/KAOLACK
530,IN,554a24d30d0901673a9db3e1e91d579e,20210717,123010,80000.0,
581,OUT,6d85ea8347c4e73a1833b6eddd077a71,20210719,120447,24750.0,
707,OUT,3cb47980b03fd2ffb28607d83e22bced,20220729,173724,500.0,THIAROYE/PIKINE/DAKAR
448,IN,c2dd1ce06f379de297157e28809ecb03,20210817,180857,10000.0,
453,OUT,ff30d8c16c95df3eca7fd73b76094bbb,20210714,160639,1500.0,
228,OUT,7fa26c515cd0fffff5c05891fc16e416,20220227,185010,1500.0,DAKAR PLATEAU/DAKAR/DAKAR
352,OUT,88e8fb20a33a9db22908c25de4a56bbe,20220330,174003,1100.0,OUROSSOGUI/MATAM/MATAM
728,IN,7629afa5c8148d6ab12998041bfa46de,20220214,213115,1000.0,KAOLACK/KAOLACK/KAOLACK
212,OUT,cfc46e8c9ec271f6df283fb88265993f,20211109,103922,6700.0,THIAROYE/PIKINE/DAKAR
79,OUT,973991a198189bed07774e3dcbb6a13c,20220501,4900,500.0,NIAGUIS/ZIGUINCHOR/ZIGUINCHOR
148,OUT,1be12fc71f8a296b72cf4c0a00587f51,20220604,194255,1000.0,KEDOUGOU/KEDOUGOU/KEDOUGOU
302,OUT,31626793d3b118ee2791584781bf38aa,20210924,225115,600.0,
628,IN,d52de39135faaec312a2d514a06da35e,20211228,195150,30000.0,NIAGUIS/ZIGUINCHOR/ZIGUINCHOR
777,IN,db83248589b0b4895d3f040a77a01d9a,20211129,175430,2500.0,DAKAR PLATEAU/DAKAR/DAKAR
506,IN,737217c25b3b54ba09e5cb25a43805d4,20220423,140555,2000.0,OUROSSOGUI/MATAM/MATAM
342,IN,b9a703c9dc69ab44bb42f72e5bf3480c,20210729,173532,3000.0,
485,OUT,6d30507999d54714fa6e788de0feea09,20210716,43455,1000.0,
711,OUT,b7d766ca91a05fe6aefa1bcdfc5d0f8e,20220325,124415,2000.0,DAKAR PLATEAU/DAKAR/DAKAR
133,IN,83e0f12e0bfc077fc7fefcb51ca2bbd6,20220410,115406,1000.0,KEDOUGOU/KEDOUGOU/KEDOUGOU
703,IN,a4e2982314f6d602e4e842d95c045323,20220105,195056,3000.0,THIAROYE/PIKINE/DAKAR
311,IN,95b70559d074b28e05d41a7a3ffe2bdc,20211211,124807,1000.0,KEDOUGOU/KEDOUGOU/KEDOUGOU
722,IN,7629afa5c8148d6ab12998041bfa46de,20220123,141712,2500.0,KAOLACK/KAOLACK/KAOLACK
629,OUT,1902f56237df8a652a6ba1c0f1093662,20211108,115221,161000.0,DAKAR PLATEAU/DAKAR/DAKAR
0,IN,1adecff228548e8fa34eb5dad592ca89,20220516,84517,20000.0,FONGOLEMBI/KEDOUGOU/KEDOUGOU
316,OUT,40a4e913e3fc7ba038663f12fd010732,20211127,111328,36850.0,OUROSSOGUI/MATAM/MATAM
706,OUT,3cb47980b03fd2ffb28607d83e22bced,20220729,132905,500.0,THIAROYE/PIKINE/DAKAR
547,OUT,8900eccba5ed11be7b9b299b09231e57,20220612,182505,100.0,DAKAR PLATEAU/DAKAR/DAKAR
872,OUT,87344f194cc855ea59e74ac8d692efd6,20211202,170953,200.0,NIAGUIS/ZIGUINCHOR/ZIGUINCHOR
532,IN,8563676fc05de5efe509cf94d308cbb8,20211105,105031,1000.0,DAKAR PLATEAU/DAKAR/DAKAR
477,OUT,be138358d654c79101ec7e817a70e4bf,20210731,190549,1500.0,
404,OUT,3968d5ec1798ad6afa498bfa1a81b5df,20210815,164847,2500.0,
172,OUT,403beb74c00b6fabbaf3a05d9b3faeb7,20210828,121712,5000.0,
125,OUT,9cc95e5307e1a7b6867d2ae8c03385a7,20220726,213023,2000.0,MBADAKHOUNE/GUINGUINEO/KAOLACK
394,IN,577fecc20a3d029267e516beab810679,20220505,200423,20000.0,DAKAR PLATEAU/DAKAR/DAKAR
420,OUT,864342016bff7ac04fd449219c23a47e,20220420,131052,3200.0,NGOTHIE/KAOLACK/KAOLACK
552,OUT,646dd1fa140540788477ae9c68fcd21e,20220711,202818,198000.0,
903,IN,ce787721d00e378e6e1660bb0eba14b7,20210902,122450,5000.0,
90,OUT,8f050a2b2b1c9d170c626b86a17ba6d8,20210902,210423,100.0,
939,OUT,8ba6e095dfee4889dafee94053dddb41,20220207,163627,1500.0,OUROSSOGUI/MATAM/MATAM
181,OUT,ee35ec8cea548b98513dc7ec449a9608,20220131,195017,3000.0,DAKAR PLATEAU/DAKAR/DAKAR
274,OUT,32fae1687329a2526446697fc63b6edb,20220622,121804,5000.0,KAOLACK/KAOLACK/KAOLACK
895,OUT,ce787721d00e378e6e1660bb0eba14b7,20210820,175047,300000.0,
69,OUT,16d9a580e80ebab980b876d39e092a4e,20220305,93412,5000.0,SALDE/PODOR/SAINT-LOUIS
291,OUT,0a86a4046688c98c30e9374a7b310561,20220619,222002,5000.0,NDAME/MBACKE/DIOURBEL
131,OUT,83e0f12e0bfc077fc7fefcb51ca2bbd6,20220410,115510,250.0,KEDOUGOU/KEDOUGOU/KEDOUGOU
300,OUT,31626793d3b118ee2791584781bf38aa,20210924,115651,3000.0,
424,OUT,f22bc30b38713243301ce551f62c1ad4,20210720,144655,75600.0,
326,OUT,40a4e913e3fc7ba038663f12fd010732,20211201,214154,2000.0,OUROSSOGUI/MATAM/MATAM
144,OUT,9d70029deda008a25a95f42a88ae1574,20220130,203301,500.0,FONGOLEMBI/KEDOUGOU/KEDOUGOU
423,IN,864342016bff7ac04fd449219c23a47e,20220420,130646,4000.0,NGOTHIE/KAOLACK/KAOLACK
580,OUT,8c88ceb44a261430990b5c7077f8cb05,20220605,104413,5000.0,OUROSSOGUI/MATAM/MATAM
135,IN,9d70029deda008a25a95f42a88ae1574,20220130,113331,10500.0,FONGOLEMBI/KEDOUGOU/KEDOUGOU
450,IN,cc48f3186dbcdfa98c13a8c35e04507a,20210901,134218,3000.0,
164,OUT,2871d253f854de1ba940279da50ae770,20210830,135351,15000.0,
28,OUT,eaaeacb216722ee63b20c537325f728a,20220515,131055,5000.0,OUROSSOGUI/MATAM/MATAM
773,OUT,0fa9ab6a7106e75e57b51047802f3148,20211007,232219,10090.0,
193,IN,ee35ec8cea548b98513dc7ec449a9608,20220731,111810,1000.0,DAKAR PLATEAU/DAKAR/DAKAR
388,IN,577fecc20a3d029267e516beab810679,20220324,192130,286000.0,DAKAR PLATEAU/DAKAR/DAKAR
852,IN,171877c06f5354d5aaa023063d73dfc7,20211219,143705,7000.0,AUTRES/AUTRES/AUTRES
169,OUT,be811de5b2177862501f7e0cc405a982,20220727,114722,500.0,KAOLACK/KAOLACK/KAOLACK
705,OUT,3cb47980b03fd2ffb28607d83e22bced,20220729,225614,500.0,THIAROYE/PIKINE/DAKAR
140,OUT,9d70029deda008a25a95f42a88ae1574,20220130,195606,500.0,FONGOLEMBI/KEDOUGOU/KEDOUGOU
173,IN,ee35ec8cea548b98513dc7ec449a9608,20211021,190544,1500.0,
6,OUT,5fc34be6a59a7c05c1d81b22a70895ad,20220702,142225,500.0,NIAGUIS/ZIGUINCHOR/ZIGUINCHOR
745,IN,5f57e6fdb3e378c373f3c99cc4b40a10,20210709,172340,5050.0,
478,IN,be138358d654c79101ec7e817a70e4bf,20220218,142025,5000.0,DAKAR PLATEAU/DAKAR/DAKAR
73,OUT,253ab7dae41007f2522dabd4ba25bcf0,20220702,112237,200.0,NIAGUIS/ZIGUINCHOR/ZIGUINCHOR
910,IN,904e5fbd937284f9fd1610f77679a611,20220113,140822,7900.0,OUROSSOGUI/MATAM/MATAM
813,OUT,3ad427acf1ded7de0937e19068d94332,20220531,230011,500.0,KAOLACK/KAOLACK/KAOLACK
238,OUT,8e65c1a0d5f3dc5b158a4ad486f4fb9c,20220306,145340,2500.0,NIAGUIS/ZIGUINCHOR/ZIGUINCHOR
145,OUT,9d70029deda008a25a95f42a88ae1574,20220130,193903,500.0,FONGOLEMBI/KEDOUGOU/KEDOUGOU
792,IN,64fd079268083d34d5f10382bc105b22,20220423,211652,2000.0,KAOLACK/KAOLACK/KAOLACK
234,IN,b5ccd1f3efb951140614edb5452b41a0,20220218,222547,1983.0,THIAROYE/PIKINE/DAKAR
220,IN,9601de7e2ceb2d72e5dec6c805e50dba,20211124,211830,600.0,KAOLACK/KAOLACK/KAOLACK
923,IN,8ba6e095dfee4889dafee94053dddb41,20210801,131600,34000.0,
500,IN,a49d738cbd86b46307fae11ae77d2988,20210918,120918,2530.0,
132,OUT,83e0f12e0bfc077fc7fefcb51ca2bbd6,20220410,184550,250.0,KEDOUGOU/KEDOUGOU/KEDOUGOU
990,OUT,94b6e26b522f067d3b2db57a3c072e93,20220604,165219,5000.0,THIAROYE/PIKINE/DAKAR
774,OUT,0fa9ab6a7106e75e57b51047802f3148,20211007,161705,40000.0,
185,OUT,ee35ec8cea548b98513dc7ec449a9608,20220131,143831,2000.0,DAKAR PLATEAU/DAKAR/DAKAR
41,OUT,e835db4678bef86df92b8c90fdfa679f,20220726,222050,3500.0,KAOLACK/KAOLACK/KAOLACK
696,OUT,e80cba90d46b9d85face2d5be5ee4896,20220704,45239,2000.0,KAOLACK/KAOLACK/KAOLACK
108,OUT,99af31a92a70a4ef8e01f6d26352fabe,20210723,4444,100.0,
588,OUT,bdab0fe5bff7a4db4e53d807fa1f1b8b,20210729,193038,1500.0,
56,IN,331f360e4f7ffb037af0921bb50b86ef,20220413,120747,3000.0,DAKAR PLATEAU/DAKAR/DAKAR
405,OUT,a612ffac19b790268ed7ccb758fe7a92,20211206,175242,22000.0,OUROSSOGUI/MATAM/MATAM
442,OUT,61762a00a3e70d4eb1be825cfd9c7b3d,20210820,111056,1000.0,
757,IN,e8426375608f10a940484505784cd8aa,20220117,195813,10000.0,THIAROYE/PIKINE/DAKAR
997,OUT,63941db4afdc8ee7c609f7e66685c67e,20210808,110537,10300.0,
24,OUT,aad94c4b27b74ed5b5cbe37580d56dde,20220617,155245,88.0,NIAGUIS/ZIGUINCHOR/ZIGUINCHOR
467,IN,39a0fe0d44af7583c7e02e7e98a23be6,20210706,72440,1220.0,
539,OUT,c9c9487320b699459ba402015a08cd24,20210906,132617,3030.0,
531,OUT,554a24d30d0901673a9db3e1e91d579e,20210717,155648,100700.0,
618,IN,24fcef83ba13fcbb0ae4d7b43f68c0d9,20220618,212730,5000.0,OUROSSOGUI/MATAM/MATAM
694,OUT,e80cba90d46b9d85face2d5be5ee4896,20210827,231004,500.0,
926,IN,8ba6e095dfee4889dafee94053dddb41,20210801,122606,69000.0,
338,OUT,69691cdc660d09b28d8fe93b70de8b76,20220509,105729,7500.0,DAKAR PLATEAU/DAKAR/DAKAR
51,IN,697e27c7532c817a352ca9883cea4b9a,20210903,181124,500.0,
507,IN,737217c25b3b54ba09e5cb25a43805d4,20220423,182224,11000.0,OUROSSOGUI/MATAM/MATAM
516,OUT,48f2f8a09711f5c259c19bb7005b19b6,20220517,121740,2200.0,
920,IN,8ba6e095dfee4889dafee94053dddb41,20210801,105159,300000.0,
781,OUT,5662f3a39088edc6fc9900775b3b3370,20220503,164125,1400.0,OUROSSOGUI/MATAM/MATAM
264,OUT,7e487aedaa39287722e7e0c8fdae83c2,20210706,150045,5050.0,
817,OUT,5662b4e99b0db3b51b99493a09e09d5c,20210928,205152,2050.0,
710,IN,3cb47980b03fd2ffb28607d83e22bced,20220729,105727,3000.0,THIAROYE/PIKINE/DAKAR
682,OUT,475688f6b066059425d3bdb31db35604,20211103,185956,2000.0,THIAROYE/PIKINE/DAKAR
832,IN,203049540ea164d625d6173e668c3e13,20210726,213027,3050.0,
518,IN,5c4944a94e2466b0fa55cfaa90b43b79,20220322,181505,5100.0,THIAROYE/PIKINE/DAKAR
447,OUT,c2dd1ce06f379de297157e28809ecb03,20210817,202314,9900.0,
18,OUT,2d51b152d17b386082799137aaaba05f,20220317,212742,500.0,SALDE/PODOR/SAINT-LOUIS
715,IN,7629afa5c8148d6ab12998041bfa46de,20210904,163841,1000.0,
483,OUT,7f1f525859b8a75c2c322a38b9682a5c,20220725,191512,500.0,ALMADIES/DAKAR/DAKAR
568,OUT,8c88ceb44a261430990b5c7077f8cb05,20211114,195330,10000.0,OUROSSOGUI/MATAM/MATAM
433,OUT,1e0a188e5533f7a7e766c4edd468b4b2,20211231,170936,20000.0,DAKAR PLATEAU/DAKAR/DAKAR
367,OUT,dffa843c255c842656724514d5850a81,20220505,204145,2000.0,OUROSSOGUI/MATAM/MATAM
83,OUT,4ad2b9a33c1dd57a7ae08e2d68622c3a,20210724,222545,200.0,
61,OUT,5f72022050f9b2c619da15965311731f,20220723,112805,2500.0,DAKAR PLATEAU/DAKAR/DAKAR
638,OUT,6487fabadb2802ad2256190bcb39ca73,20210824,125727,5050.0,
272,OUT,32fae1687329a2526446697fc63b6edb,20220605,220844,50000.0,KAOLACK/KAOLACK/KAOLACK
285,OUT,0a86a4046688c98c30e9374a7b310561,20211011,130546,2000.0,
360,IN,05af1d0e10a5beaa98304acd2bfa6467,20220614,183532,2000.0,NIAGUIS/ZIGUINCHOR/ZIGUINCHOR
354,OUT,88e8fb20a33a9db22908c25de4a56bbe,20220422,134340,100.0,OUROSSOGUI/MATAM/MATAM
456,OUT,a6b00566a6fdf4ed398e3f043b8af638,20211205,172813,1000.0,DAKAR PLATEAU/DAKAR/DAKAR
278,OUT,9d541238dc3cbd44a75c742d6d5ee4ed,20220330,203535,2500.0,THIAROYE/PIKINE/DAKAR
12,OUT,9cb604f061f84fe2e985ff571d5cb22d,20220301,203749,1000.0,FONGOLEMBI/KEDOUGOU/KEDOUGOU
182,OUT,ee35ec8cea548b98513dc7ec449a9608,20220131,143234,1000.0,DAKAR PLATEAU/DAKAR/DAKAR
368,OUT,ac17e28d7a22e7fb803540f9bf2e769d,20220601,205002,3500.0,OUROSSOGUI/MATAM/MATAM
881,OUT,dbc1ff416656303e1a9b1e6168ad1be8,20211116,192355,30000.0,DAKAR PLATEAU/DAKAR/DAKAR
615,OUT,cf506ba2da0950fbf04bc219ab1277f1,20211214,203349,2000.0,OUROSSOGUI/MATAM/MATAM
223,IN,519b0633464cd462b975fdf3818a9391,20211227,141321,65000.0,KAOLACK/KAOLACK/KAOLACK
572,OUT,8c88ceb44a261430990b5c7077f8cb05,20220107,141524,1000.0,OUROSSOGUI/MATAM/MATAM
970,OUT,e0f2df285b1a99bff3b43b6275095c87,20220608,102026,4000.0,SINDIA/MBOUR/THIES
653,OUT,9c76d9033b54eefab32b8e0d2210e986,20211202,110606,70000.0,KAOLACK/KAOLACK/KAOLACK
545,OUT,7133431e5571fa4ac066d4779daa426c,20220503,202026,5000.0,NIAGUIS/ZIGUINCHOR/ZIGUINCHOR
582,OUT,6d85ea8347c4e73a1833b6eddd077a71,20210719,120648,24200.0,
633,IN,0e5a8feb27739feaba1012f058662ad1,20220331,172808,35000.0,TOUBACOUTA/FOUNDIOUGNE/FATICK
176,OUT,ee35ec8cea548b98513dc7ec449a9608,20211021,191938,1500.0,
665,IN,60b85a399415cf48048d69dc3c776769,20211009,174224,35450.0,
673,OUT,cb866e9228f5679260625700532d651e,20211209,152719,10000.0,KAOLACK/KAOLACK/KAOLACK
585,OUT,f217d0ab7bd8ac2d17bcd8d6f1deee06,20220208,182013,5000.0,OUROSSOGUI/MATAM/MATAM
873,OUT,87344f194cc855ea59e74ac8d692efd6,20211202,193428,200.0,NIAGUIS/ZIGUINCHOR/ZIGUINCHOR
393,OUT,577fecc20a3d029267e516beab810679,20220505,201200,20000.0,DAKAR PLATEAU/DAKAR/DAKAR
163,OUT,2871d253f854de1ba940279da50ae770,20210830,134741,15150.0,
248,OUT,2bb43172895d450bfcfeacb87b168632,20211031,132750,1000.0,DAKAR PLATEAU/DAKAR/DAKAR
634,IN,6487fabadb2802ad2256190bcb39ca73,20210719,215712,10000.0,
885,OUT,ffda7e2f2a06386399f1224fc368d856,20220708,194354,10000.0,DAKAR PLATEAU/DAKAR/DAKAR
669,OUT,cb866e9228f5679260625700532d651e,20211021,131157,200.0,
375,OUT,2ad55671f0b829569792dff18e7fd010,20220522,113941,2500.0,OUROSSOGUI/MATAM/MATAM
412,OUT,b9a7eed7c5eec7746a7c5dd8a49cd427,20220318,160936,10000.0,SALDE/PODOR/SAINT-LOUIS
74,IN,253ab7dae41007f2522dabd4ba25bcf0,20220702,110532,4500.0,NIAGUIS/ZIGUINCHOR/ZIGUINCHOR
113,IN,99af31a92a70a4ef8e01f6d26352fabe,20211020,212257,500.0,
598,IN,572c814ef489a78ff2ea27b5915d76e5,20211228,145415,9950.0,PIKINE DAGOUDANE/PIKINE/DAKAR
961,IN,2009574c9633d4cd3432f682494d9811,20220326,125437,60000.0,
390,IN,577fecc20a3d029267e516beab810679,20220324,181511,20000.0,DAKAR PLATEAU/DAKAR/DAKAR
104,OUT,7d32727edd6ac0660e312ce3b2631a66,20220121,141107,100.0,NIAGUIS/ZIGUINCHOR/ZIGUINCHOR
114,OUT,8e505e49f25e0f4633b0e5f95ec893fa,20220718,163717,500.0,
417,IN,864342016bff7ac04fd449219c23a47e,20220420,110058,1000.0,NGOTHIE/KAOLACK/KAOLACK
525,OUT,698af5af25e435f0b0b129397d2d9b58,20220623,210518,3000.0,BANDAFASSI/KEDOUGOU/KEDOUGOU
457,IN,a6b00566a6fdf4ed398e3f043b8af638,20211205,164231,1000.0,DAKAR PLATEAU/DAKAR/DAKAR
409,OUT,a612ffac19b790268ed7ccb758fe7a92,20211206,175121,22000.0,OUROSSOGUI/MATAM/MATAM
92,IN,66cd929f2fe4b48e27c1f717cbbf51de,20210920,145754,1000.0,
930,IN,8ba6e095dfee4889dafee94053dddb41,20211025,161919,13000.0,
89,OUT,8f050a2b2b1c9d170c626b86a17ba6d8,20210722,214904,100.0,
336,OUT,69691cdc660d09b28d8fe93b70de8b76,20220509,105607,8000.0,DAKAR PLATEAU/DAKAR/DAKAR
988,OUT,9d0c3e827df287326921834699fb7653,20211231,115844,10000.0,GUEDIAWAYE/GUEDIAWAYE/DAKAR
921,IN,8ba6e095dfee4889dafee94053dddb41,20210801,183847,455000.0,
933,OUT,8ba6e095dfee4889dafee94053dddb41,20211025,164838,950000.0,
605,OUT,49035713f999acb1614ff4e66680afac,20220317,210753,45000.0,THIAROYE/PIKINE/DAKAR
593,OUT,25918713fc8dbc8c1095138dd65e08bf,20220130,180803,10000.0,KAOLACK/KAOLACK/KAOLACK
611,OUT,2507309c03839d2a5a1b2ede3244cbd0,20210814,182621,4000.0,
94,OUT,c03505301be73beaf815e5eb12ebfaa9,20220121,200416,100.0,THIAROYE/PIKINE/DAKAR
11,OUT,06be0ccab630d0b93194c1d33161d602,20220402,225240,50.0,DAKAR PLATEAU/DAKAR/DAKAR
396,OUT,b7945dfdda2e4a6cdae3e4eaf2c25141,20220401,141814,2950.0,DAKAR PLATEAU/DAKAR/DAKAR
533,IN,8563676fc05de5efe509cf94d308cbb8,20211105,223011,2000.0,DAKAR PLATEAU/DAKAR/DAKAR
43,OUT,679daed2ab86f6e1b3dfb3fa8d9f4079,20210903,152225,3400.0,
42,IN,e835db4678bef86df92b8c90fdfa679f,20220726,211316,3500.0,KAOLACK/KAOLACK/KAOLACK
329,OUT,40a4e913e3fc7ba038663f12fd010732,20211201,145837,1122.0,OUROSSOGUI/MATAM/MATAM
167,IN,be811de5b2177862501f7e0cc405a982,20220103,112346,500.0,KAOLACK/KAOLACK/KAOLACK
497,IN,a72a12c8924f62fd7872d9de53c800dd,20220530,180114,2800.0,DAKAR PLATEAU/DAKAR/DAKAR
876,IN,87344f194cc855ea59e74ac8d692efd6,20211202,162723,1000.0,NIAGUIS/ZIGUINCHOR/ZIGUINCHOR
597,IN,572c814ef489a78ff2ea27b5915d76e5,20211228,184823,40000.0,PIKINE DAGOUDANE/PIKINE/DAKAR
756,OUT,e8426375608f10a940484505784cd8aa,20220117,195926,4500.0,THIAROYE/PIKINE/DAKAR
100,OUT,be8d1525fabc2ea23b295c0f74cfd3b6,20211030,163246,650.0,
426,OUT,5b6d97962f8954652062b1f4349a5ffa,20211230,111828,4340.0,KAOLACK/KAOLACK/KAOLACK
178,IN,ee35ec8cea548b98513dc7ec449a9608,20211023,115627,1000.0,
444,OUT,c887b322aeacc4e968b52a1421737b2e,20210914,202142,500.0,
416,OUT,b9a7eed7c5eec7746a7c5dd8a49cd427,20220628,185126,2.0,SALDE/PODOR/SAINT-LOUIS
870,IN,87344f194cc855ea59e74ac8d692efd6,20211202,192606,200.0,NIAGUIS/ZIGUINCHOR/ZIGUINCHOR
882,IN,a401668ea5842716eab5230e078019a6,20220126,101633,51000.0,OUROSSOGUI/MATAM/MATAM
680,OUT,a04e0fe4b2e08549d464cc3c4263143f,20220710,175806,990.0,
177,IN,ee35ec8cea548b98513dc7ec449a9608,20211023,182447,1000.0,
395,OUT,b7945dfdda2e4a6cdae3e4eaf2c25141,20220401,141546,500.0,DAKAR PLATEAU/DAKAR/DAKAR
911,IN,904e5fbd937284f9fd1610f77679a611,20220113,142849,100000.0,OUROSSOGUI/MATAM/MATAM
793,OUT,64fd079268083d34d5f10382bc105b22,20220423,15131,1000.0,KAOLACK/KAOLACK/KAOLACK
960,IN,2009574c9633d4cd3432f682494d9811,20211222,182929,13000.0,
684,IN,b2125e44d7c3b4e9ecd321c80fe60569,20211224,113055,5000.0,NIAYES/PIKINE/DAKAR
383,OUT,efb4280aac3611cf1bee219df5f93c9d,20211010,181235,10090.0,
956,OUT,aef1123795c1d3f23cce76876d6c0bc0,20220202,111905,2500.0,OGO/MATAM/MATAM
751,OUT,95941053820ad9cb425ef86dde3b612d,20220215,190058,15000.0,KAOLACK/KAOLACK/KAOLACK
257,IN,b612c12c1a2fa9091b1e890e2c0cc78b,20210830,130919,2000.0,
538,IN,c9c9487320b699459ba402015a08cd24,20210906,132439,3000.0,
335,OUT,abe44f37af825fdabb5e46c0480b44ef,20220603,82357,20000.0,DAKAR PLATEAU/DAKAR/DAKAR
15,IN,2d51b152d17b386082799137aaaba05f,20220317,91348,10000.0,SALDE/PODOR/SAINT-LOUIS
324,OUT,40a4e913e3fc7ba038663f12fd010732,20211127,115221,550.0,OUROSSOGUI/MATAM/MATAM
758,OUT,e8426375608f10a940484505784cd8aa,20220422,130015,15100.0,THIAROYE/PIKINE/DAKAR
222,OUT,9601de7e2ceb2d72e5dec6c805e50dba,20220605,85003,600.0,KAOLACK/KAOLACK/KAOLACK
179,OUT,ee35ec8cea548b98513dc7ec449a9608,20211023,115931,1000.0,
983,IN,08d34c22ffa4c62f1f293888037d0ab9,20220308,175351,30350.0,DAKAR PLATEAU/DAKAR/DAKAR
22,OUT,0f2cab046c1e09794b08d10ae560c079,20220626,165248,500.0,
356,IN,d2c2b8446aefda434c1c6797d3cd4f66,20220715,130524,5000.0,THIAROYE/PIKINE/DAKAR
666,IN,60b85a399415cf48048d69dc3c776769,20211009,202047,60600.0,
861,OUT,15f4737426b1635110b67886e35afe25,20220116,93318,2500.0,DAKAR PLATEAU/DAKAR/DAKAR
340,OUT,b22995821caebfd7dd1dff05e644525c,20220420,143236,12900.0,KAOLACK/KAOLACK/KAOLACK
431,IN,2cab24e65f5adf5261a95b95c8e7c0ff,20220408,192158,3400.0,BABA GARAGE/BAMBEY/DIOURBEL
551,IN,646dd1fa140540788477ae9c68fcd21e,20220711,201747,198000.0,
833,IN,203049540ea164d625d6173e668c3e13,20210726,215857,3000.0,
203,OUT,3a5ac76f6c2ff34157af4683608d2f26,20210908,144153,1020.0,
630,IN,1902f56237df8a652a6ba1c0f1093662,20211108,94120,162000.0,DAKAR PLATEAU/DAKAR/DAKAR
93,OUT,c03505301be73beaf815e5eb12ebfaa9,20220121,200321,100.0,THIAROYE/PIKINE/DAKAR
558,IN,d0986ab99f27eccaf16068f9742c6c00,20220127,120547,23000.0,BANDAFASSI/KEDOUGOU/KEDOUGOU
68,OUT,2c8403d5e988fc9c4ae080e6c3da32ed,20210720,165226,250.0,
622,OUT,9b068ee89d6b01715bd22b26ba06f636,20211102,155602,700.0,NIAGUIS/ZIGUINCHOR/ZIGUINCHOR
284,OUT,0a86a4046688c98c30e9374a7b310561,20210817,94005,1000.0,
844,OUT,dce5cd0df45c125c3479dc49cd09006a,20220604,184917,8500.0,DAKAR PLATEAU/DAKAR/DAKAR
434,OUT,1e0a188e5533f7a7e766c4edd468b4b2,20220624,183717,24000.0,DAKAR PLATEAU/DAKAR/DAKAR
153,OUT,36fde21de4acd1902b0ed52d3c4284cf,20211116,164011,50.0,THIAROYE/PIKINE/DAKAR
75,OUT,973991a198189bed07774e3dcbb6a13c,20220501,115412,500.0,NIAGUIS/ZIGUINCHOR/ZIGUINCHOR
730,OUT,7629afa5c8148d6ab12998041bfa46de,20220320,165053,2000.0,KAOLACK/KAOLACK/KAOLACK
446,OUT,c887b322aeacc4e968b52a1421737b2e,20210914,194602,300.0,
188,OUT,ee35ec8cea548b98513dc7ec449a9608,20220525,233814,1000.0,DAKAR PLATEAU/DAKAR/DAKAR
271,IN,c28111c983881be11be5494dfba1fd67,20211216,205901,45000.0,THIAROYE/PIKINE/DAKAR
236,IN,3ef494c52f2a5862dd53ca15d37aee46,20220331,191651,3000.0,KAOLACK/KAOLACK/KAOLACK
487,OUT,6d30507999d54714fa6e788de0feea09,20210716,224239,200.0,
117,OUT,8e505e49f25e0f4633b0e5f95ec893fa,20220718,85257,1000.0,
943,IN,8ba6e095dfee4889dafee94053dddb41,20220207,175220,21000.0,OUROSSOGUI/MATAM/MATAM
512,IN,48f2f8a09711f5c259c19bb7005b19b6,20220517,140129,2000.0,
825,IN,203049540ea164d625d6173e668c3e13,20210726,221143,205.0,
591,OUT,bdab0fe5bff7a4db4e53d807fa1f1b8b,20210926,122813,2500.0,
126,OUT,f3049231d971a8993f47d7deeeecadfe,20220124,120324,1000.0,FONGOLEMBI/KEDOUGOU/KEDOUGOU
116,OUT,8e505e49f25e0f4633b0e5f95ec893fa,20220718,120314,1000.0,
473,IN,d37e60bc2846cc5983e5b4e532a064ea,20211014,124041,90000.0,
693,IN,e80cba90d46b9d85face2d5be5ee4896,20210827,230918,500.0,
57,OUT,b24fac7a8909359fb25d8fb3aa6c961c,20210712,193807,100.0,
863,OUT,4c738a30fa6ea43d08abe3f888c3d5ef,20210923,122100,1300.0,
912,IN,5b64b974142b703618ce38ff4c77e4f1,20211220,161429,15000.0,DAKAR PLATEAU/DAKAR/DAKAR
369,OUT,ac17e28d7a22e7fb803540f9bf2e769d,20220601,1354,1300.0,OUROSSOGUI/MATAM/MATAM
268,OUT,43fe10970ea16b02e99496e7bb83d1b7,20211007,114650,25.0,
46,IN,e21435d3c4bab684898b5607a3055dcb,20220303,132205,1000.0,OUROSSOGUI/MATAM/MATAM
349,IN,88e8fb20a33a9db22908c25de4a56bbe,20210721,132043,2020.0,
195,IN,dc1d48f65a73a23f6f235e8d758d2be1,20211209,100324,20000.0,DAKAR PLATEAU/DAKAR/DAKAR
999,OUT,e182e811fb4e739471914b4b2136b076,20210918,202819,10000.0,
834,OUT,203049540ea164d625d6173e668c3e13,20220508,191038,10000.0,KAOLACK/KAOLACK/KAOLACK
736,OUT,7629afa5c8148d6ab12998041bfa46de,20220403,132420,1000.0,KAOLACK/KAOLACK/KAOLACK
263,IN,7e487aedaa39287722e7e0c8fdae83c2,20210706,162449,5050.0,
443,IN,61762a00a3e70d4eb1be825cfd9c7b3d,20210820,94508,14150.0,
675,OUT,cb866e9228f5679260625700532d651e,20211209,201644,35000.0,KAOLACK/KAOLACK/KAOLACK
304,OUT,4bb8afc3ab4e84149fe8cdc19368d2d1,20211109,180438,5000.0,OUROSSOGUI/MATAM/MATAM
341,OUT,b9a703c9dc69ab44bb42f72e5bf3480c,20210729,200552,2500.0,
966,IN,8deab614413e7e53b3b768e84bea2292,20211129,180914,20000.0,KAOLACK/KAOLACK/KAOLACK
149,OUT,1be12fc71f8a296b72cf4c0a00587f51,20220604,204201,1500.0,KEDOUGOU/KEDOUGOU/KEDOUGOU
124,OUT,acf01b9a160d4ef1ae7cb0cf2d6149e9,20211218,100515,4520.0,OUROSSOGUI/MATAM/MATAM
786,IN,5662f3a39088edc6fc9900775b3b3370,20220704,152535,1500.0,OUROSSOGUI/MATAM/MATAM
50,OUT,697e27c7532c817a352ca9883cea4b9a,20210903,181422,600.0,
353,OUT,88e8fb20a33a9db22908c25de4a56bbe,20220330,172048,500.0,OUROSSOGUI/MATAM/MATAM
927,IN,8ba6e095dfee4889dafee94053dddb41,20210801,213241,150000.0,
142,OUT,9d70029deda008a25a95f42a88ae1574,20220130,205752,2000.0,FONGOLEMBI/KEDOUGOU/KEDOUGOU
470,OUT,d37e60bc2846cc5983e5b4e532a064ea,20211014,201651,400.0,
399,OUT,5bb403747dca223b753621f9c2957e5b,20220615,180505,1000.0,OUROSSOGUI/MATAM/MATAM
625,IN,9b068ee89d6b01715bd22b26ba06f636,20211102,155214,700.0,NIAGUIS/ZIGUINCHOR/ZIGUINCHOR
320,IN,40a4e913e3fc7ba038663f12fd010732,20211127,105924,396500.0,OUROSSOGUI/MATAM/MATAM
19,OUT,2d51b152d17b386082799137aaaba05f,20220317,195211,2900.0,SALDE/PODOR/SAINT-LOUIS
809,OUT,91d0b36d4498a50b0eeaf2804eb3da84,20220426,212808,1000.0,DAKAR PLATEAU/DAKAR/DAKAR
790,OUT,98719e4bd14a6111281bb0d1ffec297a,20220224,155124,215000.0,DAKAR PLATEAU/DAKAR/DAKAR
808,OUT,91d0b36d4498a50b0eeaf2804eb3da84,20220426,153117,12000.0,DAKAR PLATEAU/DAKAR/DAKAR
407,IN,a612ffac19b790268ed7ccb758fe7a92,20211206,140336,22000.0,OUROSSOGUI/MATAM/MATAM
537,OUT,8563676fc05de5efe509cf94d308cbb8,20220608,160713,1000.0,DAKAR PLATEAU/DAKAR/DAKAR
620,OUT,0ca8d979e08474c1850fe7d2834ff5c0,20220425,221851,500.0,GOLLERE/PODOR/SAINT-LOUIS
38,OUT,e835db4678bef86df92b8c90fdfa679f,20220408,211013,10000.0,KAOLACK/KAOLACK/KAOLACK
175,OUT,ee35ec8cea548b98513dc7ec449a9608,20211021,163334,1000.0,
245,OUT,412c378d792ed6e72e043eb68e684fca,20211105,180014,50000.0,KAOLACK/KAOLACK/KAOLACK
828,IN,203049540ea164d625d6173e668c3e13,20210726,212733,3030.0,
667,OUT,7f306a0772fc49618b86edd3754fc143,20220316,204441,2000.0,NIAGUIS/ZIGUINCHOR/ZIGUINCHOR
754,OUT,c373900b3917d0659d1da3039e936c3d,20211122,101655,5000.0,KAOLACK/KAOLACK/KAOLACK
858,OUT,15f4737426b1635110b67886e35afe25,20220116,170021,2000.0,DAKAR PLATEAU/DAKAR/DAKAR
154,OUT,358fcc426a7593d15577e76365c4de32,20211020,171548,100.0,
287,IN,0a86a4046688c98c30e9374a7b310561,20211011,230408,5000.0,
602,OUT,572c814ef489a78ff2ea27b5915d76e5,20220604,221043,1500.0,DAKAR PLATEAU/DAKAR/DAKAR
569,OUT,8c88ceb44a261430990b5c7077f8cb05,20211114,144842,500.0,OUROSSOGUI/MATAM/MATAM
743,OUT,658e24d9a4748738f67397384c73eea4,20220619,11427,5000.0,DAKAR PLATEAU/DAKAR/DAKAR
17,OUT,2d51b152d17b386082799137aaaba05f,20220317,220202,450.0,SALDE/PODOR/SAINT-LOUIS
127,OUT,f3049231d971a8993f47d7deeeecadfe,20220318,103902,1000.0,KEDOUGOU/KEDOUGOU/KEDOUGOU
322,OUT,40a4e913e3fc7ba038663f12fd010732,20211127,140100,356500.0,OUROSSOGUI/MATAM/MATAM
255,IN,fdf5bc6c28b69648e78a8144af62cab8,20210727,123627,1200.0,
657,OUT,dc9c8b256477a4778b343e3339dca04b,20211006,224802,4500.0,
964,OUT,143ba0d61b0ca395517f51c5158b6ea4,20220315,172850,4950.0,SAINT LOUIS/SAINT LOUIS/SAINT-LOUIS
190,OUT,ee35ec8cea548b98513dc7ec449a9608,20220731,112031,1000.0,DAKAR PLATEAU/DAKAR/DAKAR
115,OUT,8e505e49f25e0f4633b0e5f95ec893fa,20220718,210925,1000.0,
616,OUT,cf506ba2da0950fbf04bc219ab1277f1,20211214,162759,3050.0,OUROSSOGUI/MATAM/MATAM
606,OUT,4260b4bc8bd3b693e2223dc71e95c469,20220718,212652,2000.0,
180,OUT,ee35ec8cea548b98513dc7ec449a9608,20211023,182659,1000.0,
301,OUT,31626793d3b118ee2791584781bf38aa,20210924,133510,1550.0,
759,IN,d10dbf3bd64c96c57489570c92f77a3e,20220120,155717,5000.0,THIAROYE/PIKINE/DAKAR
712,OUT,b7d766ca91a05fe6aefa1bcdfc5d0f8e,20220325,125836,2000.0,DAKAR PLATEAU/DAKAR/DAKAR
723,OUT,7629afa5c8148d6ab12998041bfa46de,20220123,204241,100.0,KAOLACK/KAOLACK/KAOLACK
685,OUT,b2125e44d7c3b4e9ecd321c80fe60569,20211224,114954,5000.0,NIAYES/PIKINE/DAKAR
979,IN,8a10ed489e2d229f866f2e137edc60ce,20210904,144942,5000.0,
517,OUT,7c3d2ef0bd00d284021f9aed1c66e2a1,20220725,213934,3000.0,PIKINE DAGOUDANE/PIKINE/DAKAR
984,OUT,08d34c22ffa4c62f1f293888037d0ab9,20220308,184359,30000.0,DAKAR PLATEAU/DAKAR/DAKAR
45,OUT,e21435d3c4bab684898b5607a3055dcb,20220303,210445,1000.0,OUROSSOGUI/MATAM/MATAM
909,OUT,aa831faf2541bf3b8b1035e4888f34a6,20220209,112337,2650.0,KAOLACK/KAOLACK/KAOLACK
157,OUT,27c8661576d887fafda56e2c0053a595,20220629,94750,2000.0,NIAGUIS/ZIGUINCHOR/ZIGUINCHOR
851,OUT,171877c06f5354d5aaa023063d73dfc7,20210901,191900,15150.0,
171,IN,be811de5b2177862501f7e0cc405a982,20220727,113526,1000.0,KAOLACK/KAOLACK/KAOLACK
16,OUT,2d51b152d17b386082799137aaaba05f,20220317,130716,500.0,SALDE/PODOR/SAINT-LOUIS
511,IN,48f2f8a09711f5c259c19bb7005b19b6,20220517,100538,12000.0,
48,IN,697e27c7532c817a352ca9883cea4b9a,20210903,153144,1100.0,
971,IN,0cd259105dbbc322d69fa621f79be4b0,20211110,161811,5050.0,DAKAR PLATEAU/DAKAR/DAKAR
940,OUT,8ba6e095dfee4889dafee94053dddb41,20220207,202112,1500.0,OUROSSOGUI/MATAM/MATAM
515,OUT,48f2f8a09711f5c259c19bb7005b19b6,20220517,150442,3000.0,
952,OUT,aef1123795c1d3f23cce76876d6c0bc0,20220202,14606,2500.0,OGO/MATAM/MATAM
480,OUT,be138358d654c79101ec7e817a70e4bf,20220218,123247,400.0,DAKAR PLATEAU/DAKAR/DAKAR
283,OUT,0a86a4046688c98c30e9374a7b310561,20210817,185542,825.0,
718,OUT,7629afa5c8148d6ab12998041bfa46de,20211222,182819,700.0,KAOLACK/KAOLACK/KAOLACK
877,IN,4dd0a6240f3ed9f63bbf7ad96a719cf1,20211126,173907,10000.0,KAOLACK/KAOLACK/KAOLACK
225,OUT,b5333738f975f816fe2fc6013299b602,20220128,202103,2000.0,KAOLACK/KAOLACK/KAOLACK
26,OUT,eaaeacb216722ee63b20c537325f728a,20220515,120124,5000.0,OUROSSOGUI/MATAM/MATAM
954,OUT,aef1123795c1d3f23cce76876d6c0bc0,20220202,210859,1000.0,OGO/MATAM/MATAM
437,IN,c37fdce3be0abd118088436c5312e4d5,20211226,183411,10000.0,OUROSSOGUI/MATAM/MATAM
951,OUT,8ba6e095dfee4889dafee94053dddb41,20220718,123659,904500.0,
364,OUT,b58b587be09e5c1963bf4deba19597cc,20220605,175330,11000.0,DAKAR PLATEAU/DAKAR/DAKAR
229,IN,7fa26c515cd0fffff5c05891fc16e416,20220227,155111,50000.0,DAKAR PLATEAU/DAKAR/DAKAR
37,OUT,e835db4678bef86df92b8c90fdfa679f,20220408,204911,10000.0,KAOLACK/KAOLACK/KAOLACK
965,OUT,143ba0d61b0ca395517f51c5158b6ea4,20220315,172756,5000.0,SAINT LOUIS/SAINT LOUIS/SAINT-LOUIS
374,OUT,2ad55671f0b829569792dff18e7fd010,20220121,162945,500.0,OUROSSOGUI/MATAM/MATAM
469,OUT,39a0fe0d44af7583c7e02e7e98a23be6,20210706,185750,550.0,
967,OUT,e0f2df285b1a99bff3b43b6275095c87,20220324,161847,2500.0,SINDIA/MBOUR/THIES
850,OUT,171877c06f5354d5aaa023063d73dfc7,20210901,175431,505.0,
704,OUT,3cb47980b03fd2ffb28607d83e22bced,20211228,113126,2500.0,NIAYES/PIKINE/DAKAR
841,IN,203049540ea164d625d6173e668c3e13,20220621,85022,160000.0,KAOLACK/KAOLACK/KAOLACK
194,IN,dc1d48f65a73a23f6f235e8d758d2be1,20211209,101410,19950.0,DAKAR PLATEAU/DAKAR/DAKAR
854,OUT,471cc703a8a3fd0920e2c0f241b22b70,20220208,222705,1000.0,KAOLACK/KAOLACK/KAOLACK
864,OUT,4c738a30fa6ea43d08abe3f888c3d5ef,20210923,111311,1300.0,
503,IN,a49d738cbd86b46307fae11ae77d2988,20220522,124824,5000.0,NIAGUIS/ZIGUINCHOR/ZIGUINCHOR
969,IN,e0f2df285b1a99bff3b43b6275095c87,20220324,110206,3000.0,SINDIA/MBOUR/THIES
830,OUT,203049540ea164d625d6173e668c3e13,20210726,211548,600.0,
579,IN,8c88ceb44a261430990b5c7077f8cb05,20220605,102516,5000.0,OUROSSOGUI/MATAM/MATAM
968,OUT,e0f2df285b1a99bff3b43b6275095c87,20220324,131941,500.0,SINDIA/MBOUR/THIES
162,OUT,2871d253f854de1ba940279da50ae770,20210830,135127,19200.0,
908,IN,aa831faf2541bf3b8b1035e4888f34a6,20220209,111046,2650.0,KAOLACK/KAOLACK/KAOLACK
152,OUT,36fde21de4acd1902b0ed52d3c4284cf,20211116,163713,100.0,THIAROYE/PIKINE/DAKAR
801,OUT,892bb596c89260b74f5eea4cd550fb94,20211209,121811,1000.0,KAOLACK/KAOLACK/KAOLACK
993,OUT,ffb1055fa14d47150eb1209552721111,20220202,214358,100.0,ALMADIES/DAKAR/DAKAR
755,OUT,44fdee0158ed96873eabb97eb315e89b,20220106,164326,2000.0,NIAGUIS/ZIGUINCHOR/ZIGUINCHOR
111,OUT,99af31a92a70a4ef8e01f6d26352fabe,20211020,223305,300.0,
226,IN,b5333738f975f816fe2fc6013299b602,20220128,182942,2000.0,KAOLACK/KAOLACK/KAOLACK
688,OUT,36e2bb793d4bc4506b4e95318e068a23,20210831,4522,2000.0,
103,OUT,be8d1525fabc2ea23b295c0f74cfd3b6,20220501,73806,100.0,BANDAFASSI/KEDOUGOU/KEDOUGOU
421,OUT,864342016bff7ac04fd449219c23a47e,20220420,130757,1000.0,NGOTHIE/KAOLACK/KAOLACK
419,OUT,864342016bff7ac04fd449219c23a47e,20220420,110246,1000.0,NGOTHIE/KAOLACK/KAOLACK
750,OUT,5f57e6fdb3e378c373f3c99cc4b40a10,20210709,173909,5000.0,
586,IN,abb0471c06eff1507fe9a78052c83a22,20210802,110435,10090.0,
780,OUT,5662f3a39088edc6fc9900775b3b3370,20220429,220357,1500.0,OUROSSOGUI/MATAM/MATAM
672,OUT,cb866e9228f5679260625700532d651e,20211209,155531,3000.0,KAOLACK/KAOLACK/KAOLACK
119,IN,acf01b9a160d4ef1ae7cb0cf2d6149e9,20210909,93450,1000.0,
53,OUT,ebd8a25f41ac9f21760a47a37483f385,20220603,161951,2000.0,DAKAR PLATEAU/DAKAR/DAKAR
151,OUT,1be12fc71f8a296b72cf4c0a00587f51,20220604,195004,100.0,KEDOUGOU/KEDOUGOU/KEDOUGOU
403,IN,3968d5ec1798ad6afa498bfa1a81b5df,20210815,161633,3000.0,
945,IN,8ba6e095dfee4889dafee94053dddb41,20220207,85245,81350.0,OUROSSOGUI/MATAM/MATAM
207,IN,e1b5693ac6576525d93e320730540b88,20220717,172831,100.0,DAKAR PLATEAU/DAKAR/DAKAR
658,OUT,c44f01179a6816b7ee5acba21f0e2880,20220302,93445,5000.0,THIAROYE/PIKINE/DAKAR
843,OUT,dce5cd0df45c125c3479dc49cd09006a,20220604,194128,5000.0,DAKAR PLATEAU/DAKAR/DAKAR
762,IN,07d7e6ebd4c4cf641e4461bd4bb1549a,20211224,105928,1000.0,KAOLACK/KAOLACK/KAOLACK
8,IN,5fc34be6a59a7c05c1d81b22a70895ad,20220702,141217,1500.0,NIAGUIS/ZIGUINCHOR/ZIGUINCHOR
807,IN,91d0b36d4498a50b0eeaf2804eb3da84,20220426,212443,600.0,DAKAR PLATEAU/DAKAR/DAKAR
36,OUT,602e4d0a36c325c1b0ea5853dce891a9,20210726,112619,500.0,
452,IN,ff30d8c16c95df3eca7fd73b76094bbb,20210714,111501,30300.0,
651,IN,bf31376f4def43b5c923180731f7c559,20220322,200141,5000.0,THIAROYE/PIKINE/DAKAR
253,OUT,2bb43172895d450bfcfeacb87b168632,20220412,171328,550.0,DAKAR PLATEAU/DAKAR/DAKAR
303,OUT,31626793d3b118ee2791584781bf38aa,20210924,121502,3000.0,
746,IN,5f57e6fdb3e378c373f3c99cc4b40a10,20210709,184648,5050.0,
571,IN,8c88ceb44a261430990b5c7077f8cb05,20211114,25957,50000.0,OUROSSOGUI/MATAM/MATAM
623,OUT,9b068ee89d6b01715bd22b26ba06f636,20211102,122313,600.0,NIAGUIS/ZIGUINCHOR/ZIGUINCHOR
732,IN,7629afa5c8148d6ab12998041bfa46de,20220320,134523,2400.0,KAOLACK/KAOLACK/KAOLACK
891,OUT,f35a8d3d2524e507fc28f571fe116286,20210806,101919,121000.0,
262,IN,7e487aedaa39287722e7e0c8fdae83c2,20210706,140408,5050.0,
610,IN,2507309c03839d2a5a1b2ede3244cbd0,20210814,220303,1020.0,
297,OUT,4a80a47af5a2953543fc0efb2a2ab28d,20211021,82801,1000.0,
414,IN,b9a7eed7c5eec7746a7c5dd8a49cd427,20220628,181559,2000.0,SALDE/PODOR/SAINT-LOUIS
150,IN,1be12fc71f8a296b72cf4c0a00587f51,20220604,203657,1500.0,KEDOUGOU/KEDOUGOU/KEDOUGOU
788,IN,e165a94e20a9ce59a78c1727efb2284f,20210712,140234,3030.0,
640,OUT,6487fabadb2802ad2256190bcb39ca73,20220314,174806,10000.0,OUSSOUYE/OUSSOUYE/ZIGUINCHOR
889,IN,ffda7e2f2a06386399f1224fc368d856,20220708,191526,90000.0,DAKAR PLATEAU/DAKAR/DAKAR
550,OUT,646dd1fa140540788477ae9c68fcd21e,20220711,202853,197000.0,
886,OUT,ffda7e2f2a06386399f1224fc368d856,20220708,192834,62500.0,DAKAR PLATEAU/DAKAR/DAKAR
488,OUT,9da3a5d6c6439e4057154ab390302136,20211104,145419,2200.0,THIAROYE/PIKINE/DAKAR
147,OUT,9d70029deda008a25a95f42a88ae1574,20220130,125331,2000.0,FONGOLEMBI/KEDOUGOU/KEDOUGOU
146,OUT,9d70029deda008a25a95f42a88ae1574,20220130,194308,600.0,FONGOLEMBI/KEDOUGOU/KEDOUGOU
720,IN,7629afa5c8148d6ab12998041bfa46de,20211222,102848,1300.0,KAOLACK/KAOLACK/KAOLACK
931,IN,8ba6e095dfee4889dafee94053dddb41,20211025,163911,170000.0,
739,OUT,683f8b2f9b3f00f44709fa4a43287db4,20210804,100925,10000.0,
659,OUT,c44f01179a6816b7ee5acba21f0e2880,20220302,182033,4500.0,THIAROYE/PIKINE/DAKAR
348,OUT,88e8fb20a33a9db22908c25de4a56bbe,20210721,161119,1700.0,
463,OUT,15c3c971c9d4c58a309a2c2fb31de261,20211110,102340,2000.0,OUROSSOGUI/MATAM/MATAM
325,OUT,40a4e913e3fc7ba038663f12fd010732,20211201,145710,1000.0,OUROSSOGUI/MATAM/MATAM
186,IN,ee35ec8cea548b98513dc7ec449a9608,20220131,140309,5000.0,DAKAR PLATEAU/DAKAR/DAKAR
123,OUT,acf01b9a160d4ef1ae7cb0cf2d6149e9,20211218,100237,490.0,OUROSSOGUI/MATAM/MATAM
853,IN,471cc703a8a3fd0920e2c0f241b22b70,20220208,214624,127000.0,KAOLACK/KAOLACK/KAOLACK
608,OUT,b5f7a9c9a47c72bc9052ed4f05efa81e,20220519,195507,1500.0,NIAGUIS/ZIGUINCHOR/ZIGUINCHOR
143,OUT,9d70029deda008a25a95f42a88ae1574,20220130,221726,2000.0,FONGOLEMBI/KEDOUGOU/KEDOUGOU
958,OUT,2009574c9633d4cd3432f682494d9811,20211222,200114,30000.0,
197,OUT,dc1d48f65a73a23f6f235e8d758d2be1,20211209,102602,19950.0,DAKAR PLATEAU/DAKAR/DAKAR
609,OUT,b5f7a9c9a47c72bc9052ed4f05efa81e,20220519,201021,1500.0,NIAGUIS/ZIGUINCHOR/ZIGUINCHOR
279,OUT,9d541238dc3cbd44a75c742d6d5ee4ed,20220330,115837,1500.0,THIAROYE/PIKINE/DAKAR
293,IN,2cd1475d9d8df9b161fda0db03290083,20220211,175432,23000.0,PAMBAL/TIVAOUANE/THIES
400,OUT,db8c3a673554a5719f91d769b9c8fe66,20210714,223351,1000.0,
122,IN,acf01b9a160d4ef1ae7cb0cf2d6149e9,20211218,100026,5000.0,OUROSSOGUI/MATAM/MATAM
183,IN,ee35ec8cea548b98513dc7ec449a9608,20220131,140522,1000.0,DAKAR PLATEAU/DAKAR/DAKAR
202,IN,f717f9c7988e68c8b72afdb4a985e6bb,20211222,152129,50000.0,KAOLACK/KAOLACK/KAOLACK
438,OUT,08713e900b728419733e8d89a5025ffc,20220602,134356,600.0,BANDAFASSI/KEDOUGOU/KEDOUGOU
246,OUT,412c378d792ed6e72e043eb68e684fca,20211105,175859,49500.0,KAOLACK/KAOLACK/KAOLACK
415,OUT,b9a7eed7c5eec7746a7c5dd8a49cd427,20220628,184814,5.0,SALDE/PODOR/SAINT-LOUIS
932,IN,8ba6e095dfee4889dafee94053dddb41,20211025,81128,71000.0,
765,OUT,bfdab1c01d3fd6d6cd1c48707d6f9bd4,20220320,212922,10500.0,GRAND DAKAR/DAKAR/DAKAR
906,IN,ce787721d00e378e6e1660bb0eba14b7,20220701,184103,30000.0,DAKAR PLATEAU/DAKAR/DAKAR
835,IN,203049540ea164d625d6173e668c3e13,20220508,154434,2200.0,KAOLACK/KAOLACK/KAOLACK
887,OUT,ffda7e2f2a06386399f1224fc368d856,20220708,193202,4000.0,DAKAR PLATEAU/DAKAR/DAKAR
129,OUT,ce76da8672abfa76507f263c661af7f0,20220708,212810,600.0,FONGOLEMBI/KEDOUGOU/KEDOUGOU
637,OUT,6487fabadb2802ad2256190bcb39ca73,20210824,204925,1500.0,
402,OUT,db8c3a673554a5719f91d769b9c8fe66,20220512,203521,9900.0,KAOLACK/KAOLACK/KAOLACK
784,IN,5662f3a39088edc6fc9900775b3b3370,20220621,124213,2200.0,OUROSSOGUI/MATAM/MATAM
770,OUT,c19d4bfe2365faf784885f171d10105c,20211018,92849,1500.0,
735,IN,7629afa5c8148d6ab12998041bfa46de,20220403,131851,1000.0,KAOLACK/KAOLACK/KAOLACK
913,IN,5b64b974142b703618ce38ff4c77e4f1,20220617,153333,1100.0,DAKAR PLATEAU/DAKAR/DAKAR
219,OUT,9601de7e2ceb2d72e5dec6c805e50dba,20211124,212701,600.0,KAOLACK/KAOLACK/KAOLACK
641,OUT,6487fabadb2802ad2256190bcb39ca73,20220314,150642,5000.0,OUSSOUYE/OUSSOUYE/ZIGUINCHOR
915,IN,243cef2affc6f4ab31094713363e54c0,20210813,173949,10090.0,
752,IN,95941053820ad9cb425ef86dde3b612d,20220215,140037,15000.0,KAOLACK/KAOLACK/KAOLACK
806,IN,91d0b36d4498a50b0eeaf2804eb3da84,20220426,95627,20000.0,DAKAR PLATEAU/DAKAR/DAKAR
919,IN,6c7b9a9000374708db96e6918e67385c,20210930,112535,15000.0,
624,IN,9b068ee89d6b01715bd22b26ba06f636,20211102,122109,500.0,NIAGUIS/ZIGUINCHOR/ZIGUINCHOR
874,OUT,87344f194cc855ea59e74ac8d692efd6,20211202,174233,200.0,NIAGUIS/ZIGUINCHOR/ZIGUINCHOR
760,OUT,d10dbf3bd64c96c57489570c92f77a3e,20220120,185122,1500.0,THIAROYE/PIKINE/DAKAR
386,IN,efb4280aac3611cf1bee219df5f93c9d,20211010,174246,10090.0,
972,OUT,0cd259105dbbc322d69fa621f79be4b0,20211110,124027,5000.0,DAKAR PLATEAU/DAKAR/DAKAR
509,IN,48f2f8a09711f5c259c19bb7005b19b6,20211219,161910,1000.0,GUEDIAWAYE/GUEDIAWAYE/DAKAR
267,OUT,43fe10970ea16b02e99496e7bb83d1b7,20211007,185406,1010.0,
819,OUT,6db2046c5cb0b0e43146a95748c8aab2,20211031,231710,50.0,DAKAR PLATEAU/DAKAR/DAKAR
441,OUT,eac5f2ed808b7ae2d9d8080d218a1911,20210925,192945,100.0,
496,OUT,a72a12c8924f62fd7872d9de53c800dd,20220530,190136,2800.0,DAKAR PLATEAU/DAKAR/DAKAR
112,OUT,99af31a92a70a4ef8e01f6d26352fabe,20211020,131703,620.0,
691,OUT,e80cba90d46b9d85face2d5be5ee4896,20210801,5325,500.0,
232,OUT,7fa26c515cd0fffff5c05891fc16e416,20220509,92422,110000.0,DAKAR PLATEAU/DAKAR/DAKAR
869,OUT,87344f194cc855ea59e74ac8d692efd6,20211117,135500,200.0,NIAGUIS/ZIGUINCHOR/ZIGUINCHOR
607,IN,b5f7a9c9a47c72bc9052ed4f05efa81e,20220519,195814,1500.0,NIAGUIS/ZIGUINCHOR/ZIGUINCHOR
671,IN,cb866e9228f5679260625700532d651e,20211209,201537,15000.0,KAOLACK/KAOLACK/KAOLACK
373,OUT,2ad55671f0b829569792dff18e7fd010,20220121,193318,2000.0,OUROSSOGUI/MATAM/MATAM
981,OUT,c49adc9fb9a3439bf52c84fe0ab999cb,20220729,213838,500.0,DAKAR PLATEAU/DAKAR/DAKAR
842,OUT,203049540ea164d625d6173e668c3e13,20220621,90644,172000.0,KAOLACK/KAOLACK/KAOLACK
233,IN,b5ccd1f3efb951140614edb5452b41a0,20220218,222742,300.0,THIAROYE/PIKINE/DAKAR
785,OUT,5662f3a39088edc6fc9900775b3b3370,20220704,152702,1500.0,OUROSSOGUI/MATAM/MATAM
676,IN,cb866e9228f5679260625700532d651e,20211209,152544,50000.0,KAOLACK/KAOLACK/KAOLACK
317,OUT,40a4e913e3fc7ba038663f12fd010732,20211127,183746,15000.0,OUROSSOGUI/MATAM/MATAM
648,OUT,6487fabadb2802ad2256190bcb39ca73,20220623,113709,5000.0,DAKAR PLATEAU/DAKAR/DAKAR
410,OUT,d18f615efcf8fa7ccd192d812f76f9b2,20220102,143621,1500.0,THIAROYE/PIKINE/DAKAR
898,IN,ce787721d00e378e6e1660bb0eba14b7,20210820,175547,5000.0,
709,OUT,3cb47980b03fd2ffb28607d83e22bced,20220729,110635,500.0,THIAROYE/PIKINE/DAKAR
358,IN,90cb8fe22ac5c267e4ba106f964ddefa,20211014,182216,4000.0,
258,OUT,b612c12c1a2fa9091b1e890e2c0cc78b,20210830,131508,2000.0,
744,OUT,658e24d9a4748738f67397384c73eea4,20220619,130219,200.0,DAKAR PLATEAU/DAKAR/DAKAR
627,IN,9b068ee89d6b01715bd22b26ba06f636,20220519,214026,1500.0,NIAGUIS/ZIGUINCHOR/ZIGUINCHOR
632,OUT,0e5a8feb27739feaba1012f058662ad1,20220331,190646,5000.0,TOUBACOUTA/FOUNDIOUGNE/FATICK
282,OUT,0a86a4046688c98c30e9374a7b310561,20210817,185817,825.0,
376,OUT,2ad55671f0b829569792dff18e7fd010,20220522,214511,900.0,OUROSSOGUI/MATAM/MATAM
384,IN,efb4280aac3611cf1bee219df5f93c9d,20211010,175410,10090.0,
224,OUT,b5333738f975f816fe2fc6013299b602,20220128,202257,2000.0,KAOLACK/KAOLACK/KAOLACK
953,OUT,aef1123795c1d3f23cce76876d6c0bc0,20220202,133343,20000.0,OGO/MATAM/MATAM
814,IN,3ad427acf1ded7de0937e19068d94332,20220531,214137,4000.0,KAOLACK/KAOLACK/KAOLACK
472,OUT,d37e60bc2846cc5983e5b4e532a064ea,20211014,94404,1000.0,
347,IN,32c36c2f61e08cd4acce9dadca859ff7,20220331,210658,2000.0,NDOFFANE/KAOLACK/KAOLACK
505,OUT,737217c25b3b54ba09e5cb25a43805d4,20220423,182305,13000.0,OUROSSOGUI/MATAM/MATAM
639,OUT,6487fabadb2802ad2256190bcb39ca73,20210824,205056,1000.0,
987,IN,9d0c3e827df287326921834699fb7653,20211231,114023,10000.0,GUEDIAWAYE/GUEDIAWAYE/DAKAR
928,IN,8ba6e095dfee4889dafee94053dddb41,20210801,212644,115805.0,
905,OUT,ce787721d00e378e6e1660bb0eba14b7,20220701,184154,30000.0,DAKAR PLATEAU/DAKAR/DAKAR
619,OUT,0ca8d979e08474c1850fe7d2834ff5c0,20220425,222056,1550.0,GOLLERE/PODOR/SAINT-LOUIS
855,OUT,471cc703a8a3fd0920e2c0f241b22b70,20220612,2532,25000.0,KAOLACK/KAOLACK/KAOLACK
803,IN,892bb596c89260b74f5eea4cd550fb94,20211209,121557,2000.0,KAOLACK/KAOLACK/KAOLACK
645,OUT,6487fabadb2802ad2256190bcb39ca73,20220408,222700,2000.0,DAKAR PLATEAU/DAKAR/DAKAR
846,IN,dce5cd0df45c125c3479dc49cd09006a,20220604,100517,13000.0,DAKAR PLATEAU/DAKAR/DAKAR
556,IN,f5b92e2bf6d34be0450dca505a6580fb,20211128,110852,1000.0,MBACKE/MBACKE/DIOURBEL
957,OUT,1f03a6e27b788f645ae53fb0a03459e4,20220315,74210,2000.0,OUROSSOGUI/MATAM/MATAM
577,OUT,8c88ceb44a261430990b5c7077f8cb05,20220605,202400,1000.0,OUROSSOGUI/MATAM/MATAM
795,IN,7d6d9b1a1d2187c4e43c1c7f5b0aa8c8,20220611,135904,10000.0,KAOLACK/KAOLACK/KAOLACK
85,OUT,c6769dc085151b9e7e873f39561fc4cf,20210912,155458,2200.0,
242,OUT,412c378d792ed6e72e043eb68e684fca,20211105,180055,49500.0,KAOLACK/KAOLACK/KAOLACK
698,OUT,e80cba90d46b9d85face2d5be5ee4896,20220704,161636,500.0,KAOLACK/KAOLACK/KAOLACK
159,OUT,6af7ef86285ea3de8542284eb717e965,20210805,101932,10000.0,
524,OUT,698af5af25e435f0b0b129397d2d9b58,20220321,124150,80000.0,BANDAFASSI/KEDOUGOU/KEDOUGOU
35,IN,a26ac33ae0cc5d36fe0a0fe0cbacd68d,20220427,185310,11000.0,DAKAR PLATEAU/DAKAR/DAKAR
540,OUT,f44c8c0a5d2a0bd639702d0665c5fd3a,20220110,93552,20000.0,NIAGUIS/ZIGUINCHOR/ZIGUINCHOR
170,OUT,be811de5b2177862501f7e0cc405a982,20220727,115130,500.0,KAOLACK/KAOLACK/KAOLACK
654,OUT,dc9c8b256477a4778b343e3339dca04b,20210709,221226,10000.0,
890,IN,f35a8d3d2524e507fc28f571fe116286,20210806,101436,123000.0,
857,IN,f816114f3c5736cff752c95899c0994e,20220306,174300,3000.0,GUEDIAWAYE/GUEDIAWAYE/DAKAR
847,OUT,d512ac7c8268879b914765022e3dec26,20220626,170439,3500.0,
944,IN,8ba6e095dfee4889dafee94053dddb41,20220207,94023,54550.0,OUROSSOGUI/MATAM/MATAM
733,IN,7629afa5c8148d6ab12998041bfa46de,20220320,164213,2000.0,KAOLACK/KAOLACK/KAOLACK
95,OUT,096a69a465e54eeceaceacd092cd0fbc,20211208,111118,650.0,DJIBANAR/GOUDOMP/SEDHIOU
563,OUT,d083d5e695ca9ed893afeec2e83a1451,20211014,141230,55000.0,
240,IN,412c378d792ed6e72e043eb68e684fca,20211105,151519,50000.0,KAOLACK/KAOLACK/KAOLACK
742,OUT,658e24d9a4748738f67397384c73eea4,20220619,130120,2000.0,DAKAR PLATEAU/DAKAR/DAKAR
574,OUT,8c88ceb44a261430990b5c7077f8cb05,20220107,141314,4000.0,OUROSSOGUI/MATAM/MATAM
690,OUT,7cb01663504329624b38b72180586d1e,20220512,230857,4000.0,KAOLACK/KAOLACK/KAOLACK
460,OUT,cb807adae9ec8c9bee474af69ad10459,20220620,221650,2500.0,OGO/MATAM/MATAM
553,IN,bf2a0f130fc27eb4cb010b50233ea2f8,20211014,115225,20000.0,
888,OUT,ffda7e2f2a06386399f1224fc368d856,20220708,205023,1000.0,DAKAR PLATEAU/DAKAR/DAKAR
206,OUT,3a5ac76f6c2ff34157af4683608d2f26,20220120,225956,5000.0,KAOLACK/KAOLACK/KAOLACK
392,OUT,577fecc20a3d029267e516beab810679,20220505,201254,2000.0,DAKAR PLATEAU/DAKAR/DAKAR
794,OUT,7d6d9b1a1d2187c4e43c1c7f5b0aa8c8,20220611,144540,10000.0,KAOLACK/KAOLACK/KAOLACK
397,IN,b7945dfdda2e4a6cdae3e4eaf2c25141,20220401,131206,3500.0,DAKAR PLATEAU/DAKAR/DAKAR
766,IN,bfdab1c01d3fd6d6cd1c48707d6f9bd4,20220616,213631,4000.0,GRAND DAKAR/DAKAR/DAKAR
848,OUT,d512ac7c8268879b914765022e3dec26,20220626,170439,28.0,
217,OUT,7cb741a0c202315c997ad8caf92a7d75,20220510,161014,24000.0,FONGOLEMBI/KEDOUGOU/KEDOUGOU
4,OUT,5fc34be6a59a7c05c1d81b22a70895ad,20220130,215903,500.0,NIAGUIS/ZIGUINCHOR/ZIGUINCHOR
768,IN,bfdab1c01d3fd6d6cd1c48707d6f9bd4,20220616,214348,10.0,GRAND DAKAR/DAKAR/DAKAR
642,IN,6487fabadb2802ad2256190bcb39ca73,20220314,120952,5000.0,OUSSOUYE/OUSSOUYE/ZIGUINCHOR
929,IN,8ba6e095dfee4889dafee94053dddb41,20211025,105917,3030.0,
612,OUT,2507309c03839d2a5a1b2ede3244cbd0,20210814,182215,5000.0,
738,IN,f7063663b5df603c2ca0c02fbd2adf0e,20211218,134043,2000.0,KAOLACK/KAOLACK/KAOLACK
546,OUT,8900eccba5ed11be7b9b299b09231e57,20220515,2200,4.0,DAKAR PLATEAU/DAKAR/DAKAR
725,OUT,7629afa5c8148d6ab12998041bfa46de,20220123,204057,2000.0,KAOLACK/KAOLACK/KAOLACK
683,OUT,475688f6b066059425d3bdb31db35604,20211118,181438,1500.0,FISSEL/MBOUR/THIES
98,IN,8c2c00021b6cf7b851152c2602b698b8,20210921,105029,1000.0,
804,OUT,91d0b36d4498a50b0eeaf2804eb3da84,20220426,110221,4000.0,DAKAR PLATEAU/DAKAR/DAKAR
727,IN,7629afa5c8148d6ab12998041bfa46de,20220214,145946,800.0,KAOLACK/KAOLACK/KAOLACK
573,IN,8c88ceb44a261430990b5c7077f8cb05,20220107,115609,5000.0,OUROSSOGUI/MATAM/MATAM
406,IN,a612ffac19b790268ed7ccb758fe7a92,20211206,143209,22000.0,OUROSSOGUI/MATAM/MATAM
502,IN,a49d738cbd86b46307fae11ae77d2988,20220522,124940,100.0,NIAGUIS/ZIGUINCHOR/ZIGUINCHOR
47,IN,b4dab53d12a2dcc571e126055f8f2458,20210705,220455,2500.0,
32,IN,a07407312092f4d92b61f625bab55713,20220426,203742,2000.0,NIAGUIS/ZIGUINCHOR/ZIGUINCHOR
779,IN,5662f3a39088edc6fc9900775b3b3370,20220429,220203,1500.0,OUROSSOGUI/MATAM/MATAM
839,IN,203049540ea164d625d6173e668c3e13,20220621,173139,5000.0,KAOLACK/KAOLACK/KAOLACK
200,OUT,f717f9c7988e68c8b72afdb4a985e6bb,20210701,214519,30000.0,
134,OUT,83e0f12e0bfc077fc7fefcb51ca2bbd6,20220410,115740,500.0,KEDOUGOU/KEDOUGOU/KEDOUGOU
27,OUT,eaaeacb216722ee63b20c537325f728a,20220515,120934,5000.0,OUROSSOGUI/MATAM/MATAM
880,IN,dbc1ff416656303e1a9b1e6168ad1be8,20211116,180611,30000.0,DAKAR PLATEAU/DAKAR/DAKAR
230,OUT,7fa26c515cd0fffff5c05891fc16e416,20220509,110301,500.0,DAKAR PLATEAU/DAKAR/DAKAR
489,OUT,df0c97d1e2b033ed7a7d268fa8510f93,20211202,145619,7000.0,SALDE/PODOR/SAINT-LOUIS
772,OUT,0fa9ab6a7106e75e57b51047802f3148,20211007,20056,5000.0,
378,OUT,2ad55671f0b829569792dff18e7fd010,20220522,123257,1500.0,OUROSSOGUI/MATAM/MATAM
288,IN,0a86a4046688c98c30e9374a7b310561,20211011,235930,1000.0,
418,IN,864342016bff7ac04fd449219c23a47e,20220420,100652,5000.0,NGOTHIE/KAOLACK/KAOLACK
674,OUT,cb866e9228f5679260625700532d651e,20211209,162014,15000.0,KAOLACK/KAOLACK/KAOLACK
391,OUT,577fecc20a3d029267e516beab810679,20220505,101445,4000.0,DAKAR PLATEAU/DAKAR/DAKAR
592,OUT,3c0832d00b297a073796dc9bf5ab51c1,20220209,113810,1050.0,ZIGUINCHOR/ZIGUINCHOR/ZIGUINCHOR
498,IN,a72a12c8924f62fd7872d9de53c800dd,20220530,160319,2000.0,DAKAR PLATEAU/DAKAR/DAKAR
138,IN,9d70029deda008a25a95f42a88ae1574,20220130,122123,20000.0,FONGOLEMBI/KEDOUGOU/KEDOUGOU
62,IN,5f72022050f9b2c619da15965311731f,20220723,105219,2500.0,DAKAR PLATEAU/DAKAR/DAKAR
471,OUT,d37e60bc2846cc5983e5b4e532a064ea,20211014,163751,90000.0,
647,OUT,6487fabadb2802ad2256190bcb39ca73,20220623,113424,6000.0,DAKAR PLATEAU/DAKAR/DAKAR
128,OUT,f53a9a3725593ee5f2408385ced0f696,20211004,140347,10000.0,
976,IN,06273ebd3ea74c383a1e07a05fceb88e,20210922,235210,3000.0,
520,OUT,5c4944a94e2466b0fa55cfaa90b43b79,20220322,181724,5000.0,THIAROYE/PIKINE/DAKAR
838,IN,203049540ea164d625d6173e668c3e13,20220508,212036,3000.0,KAOLACK/KAOLACK/KAOLACK
962,IN,143ba0d61b0ca395517f51c5158b6ea4,20220315,153210,4950.0,SAINT LOUIS/SAINT LOUIS/SAINT-LOUIS
64,OUT,6d32161a99797bd8c2cdbc64e3fe4d77,20211123,160239,500.0,NIAGUIS/ZIGUINCHOR/ZIGUINCHOR
812,IN,bb6b0fd1de2437f771bcc2be1030d969,20211006,212803,10000.0,
14,IN,9cb604f061f84fe2e985ff571d5cb22d,20220308,193620,550.0,FONGOLEMBI/KEDOUGOU/KEDOUGOU
156,OUT,fd7fcf1dcbc2d0891f85cf0e279181f6,20220216,201455,900.0,BANDAFASSI/KEDOUGOU/KEDOUGOU
40,OUT,e835db4678bef86df92b8c90fdfa679f,20220408,204604,10000.0,KAOLACK/KAOLACK/KAOLACK
492,IN,a72a12c8924f62fd7872d9de53c800dd,20220401,160638,1050.0,DAKAR PLATEAU/DAKAR/DAKAR
379,OUT,2ad55671f0b829569792dff18e7fd010,20220522,190157,500.0,OUROSSOGUI/MATAM/MATAM
187,OUT,ee35ec8cea548b98513dc7ec449a9608,20220525,233353,1000.0,DAKAR PLATEAU/DAKAR/DAKAR
763,IN,07d7e6ebd4c4cf641e4461bd4bb1549a,20211224,122248,15000.0,KAOLACK/KAOLACK/KAOLACK
216,OUT,8af03091e790198792fb2d7d36a401d1,20210904,202352,50.0,
791,IN,98719e4bd14a6111281bb0d1ffec297a,20220224,133602,215000.0,DAKAR PLATEAU/DAKAR/DAKAR
52,OUT,ebd8a25f41ac9f21760a47a37483f385,20211017,121009,200.0,
878,OUT,4dd0a6240f3ed9f63bbf7ad96a719cf1,20220406,95606,2050.0,KAOLACK/KAOLACK/KAOLACK
337,IN,69691cdc660d09b28d8fe93b70de8b76,20220509,222427,2000.0,DAKAR PLATEAU/DAKAR/DAKAR
748,IN,5f57e6fdb3e378c373f3c99cc4b40a10,20210709,141552,20000.0,
719,OUT,7629afa5c8148d6ab12998041bfa46de,20211222,135656,1300.0,KAOLACK/KAOLACK/KAOLACK
724,OUT,7629afa5c8148d6ab12998041bfa46de,20220123,191824,500.0,KAOLACK/KAOLACK/KAOLACK
295,OUT,5d367acc24a95b12121a95f36a7b0d39,20211215,110046,6500.0,THIAROYE/PIKINE/DAKAR
701,OUT,2e05dc97324b96bcede42e60dc6247b1,20220129,161024,250.0,KAOLACK/KAOLACK/KAOLACK
251,IN,2bb43172895d450bfcfeacb87b168632,20220412,130214,6000.0,DAKAR PLATEAU/DAKAR/DAKAR
726,OUT,7629afa5c8148d6ab12998041bfa46de,20220123,10248,2500.0,KAOLACK/KAOLACK/KAOLACK
461,IN,cb807adae9ec8c9bee474af69ad10459,20220620,221536,100.0,OGO/MATAM/MATAM
455,OUT,a6b00566a6fdf4ed398e3f043b8af638,20210814,223102,2000.0,
996,IN,92eca513b137cfd9ed9d3871d191614e,20220216,125932,1500.0,DAKAR PLATEAU/DAKAR/DAKAR
815,OUT,5662b4e99b0db3b51b99493a09e09d5c,20210923,221641,69400.0,
862,IN,4c738a30fa6ea43d08abe3f888c3d5ef,20210923,121945,1300.0,
269,IN,43fe10970ea16b02e99496e7bb83d1b7,20220219,192351,13000.0,DAKAR PLATEAU/DAKAR/DAKAR
201,OUT,f717f9c7988e68c8b72afdb4a985e6bb,20211222,153319,50000.0,KAOLACK/KAOLACK/KAOLACK
161,IN,2871d253f854de1ba940279da50ae770,20210830,131850,15000.0,
555,OUT,befbdc42011686b385d2159bde612d70,20210706,194221,1400.0,
729,OUT,7629afa5c8148d6ab12998041bfa46de,20220214,150645,800.0,KAOLACK/KAOLACK/KAOLACK
401,IN,db8c3a673554a5719f91d769b9c8fe66,20220512,174653,10000.0,KAOLACK/KAOLACK/KAOLACK
702,OUT,a4e2982314f6d602e4e842d95c045323,20220105,211652,3000.0,THIAROYE/PIKINE/DAKAR
476,OUT,be138358d654c79101ec7e817a70e4bf,20210731,144239,350000.0,
821,OUT,4f6dc4b51afbcd5245ac71f341464acf,20220105,163539,5.0,OUROSSOGUI/MATAM/MATAM
771,OUT,547c94a83ab36338bf36315080514758,20211206,193719,1500.0,DAKAR PLATEAU/DAKAR/DAKAR
105,OUT,7d32727edd6ac0660e312ce3b2631a66,20220121,164302,100.0,NIAGUIS/ZIGUINCHOR/ZIGUINCHOR
565,OUT,d083d5e695ca9ed893afeec2e83a1451,20211014,141452,54400.0,
389,OUT,577fecc20a3d029267e516beab810679,20220324,194340,365200.0,DAKAR PLATEAU/DAKAR/DAKAR
1,OUT,5fc34be6a59a7c05c1d81b22a70895ad,20220130,145840,100.0,NIAGUIS/ZIGUINCHOR/ZIGUINCHOR
937,IN,8ba6e095dfee4889dafee94053dddb41,20220207,91811,10900.0,OUROSSOGUI/MATAM/MATAM
982,OUT,1e8320148c9258bb7e75b5fb100f61ab,20220305,122757,5000.0,KAOLACK/KAOLACK/KAOLACK
561,OUT,86345008baf5a2abfb6b7c876c24dab4,20220111,153138,1300.0,KAOLACK/KAOLACK/KAOLACK
80,IN,0e165674dac3504b848f428f3dcc0c85,20211225,103500,20000.0,THIAROYE/PIKINE/DAKAR
205,OUT,3a5ac76f6c2ff34157af4683608d2f26,20220120,180141,15000.0,KAOLACK/KAOLACK/KAOLACK
34,OUT,3bcca26e65d6ced2d10d585a9d36fcc4,20220510,222848,500.0,THIAROYE/PIKINE/DAKAR
775,OUT,b49ec778b7f51637458bad6f9e922f65,20220201,132736,5000.0,AGNAM CIVOL/MATAM/MATAM
508,OUT,48f2f8a09711f5c259c19bb7005b19b6,20211219,162013,1000.0,GUEDIAWAYE/GUEDIAWAYE/DAKAR
427,IN,5b6d97962f8954652062b1f4349a5ffa,20211230,111441,11500.0,KAOLACK/KAOLACK/KAOLACK
454,OUT,ff30d8c16c95df3eca7fd73b76094bbb,20210714,193012,15000.0,
366,OUT,ba818863c3ccaa67032187372dbfdc20,20210728,212245,300.0,
91,OUT,66cd929f2fe4b48e27c1f717cbbf51de,20210920,151006,1000.0,
339,IN,b22995821caebfd7dd1dff05e644525c,20220420,142403,12900.0,KAOLACK/KAOLACK/KAOLACK
897,OUT,ce787721d00e378e6e1660bb0eba14b7,20210820,175153,300000.0,
564,OUT,d083d5e695ca9ed893afeec2e83a1451,20211014,141338,54500.0,
345,OUT,32c36c2f61e08cd4acce9dadca859ff7,20220331,154144,1500.0,NDOFFANE/KAOLACK/KAOLACK
776,IN,b49ec778b7f51637458bad6f9e922f65,20220404,212959,13700.0,AGNAM CIVOL/MATAM/MATAM
241,OUT,412c378d792ed6e72e043eb68e684fca,20211105,180338,49500.0,KAOLACK/KAOLACK/KAOLACK
13,IN,9cb604f061f84fe2e985ff571d5cb22d,20220301,110406,1000.0,FONGOLEMBI/KEDOUGOU/KEDOUGOU
315,OUT,40a4e913e3fc7ba038663f12fd010732,20210717,121303,500.0,
600,IN,572c814ef489a78ff2ea27b5915d76e5,20211228,154257,103900.0,PIKINE DAGOUDANE/PIKINE/DAKAR
387,IN,577fecc20a3d029267e516beab810679,20210902,203416,10000.0,
273,OUT,32fae1687329a2526446697fc63b6edb,20220622,231308,4000.0,KAOLACK/KAOLACK/KAOLACK
166,OUT,b324e854a360db5192d56763b2df8a0b,20220322,90330,40000.0,OUROSSOGUI/MATAM/MATAM
840,IN,203049540ea164d625d6173e668c3e13,20220621,164629,3000.0,KAOLACK/KAOLACK/KAOLACK
992,OUT,ffb1055fa14d47150eb1209552721111,20211122,204145,2000.0,THIAROYE/PIKINE/DAKAR
646,IN,6487fabadb2802ad2256190bcb39ca73,20220623,112921,11000.0,DAKAR PLATEAU/DAKAR/DAKAR
818,OUT,5662b4e99b0db3b51b99493a09e09d5c,20210928,204749,2550.0,
484,OUT,6d30507999d54714fa6e788de0feea09,20210716,145421,1000.0,
980,IN,8a10ed489e2d229f866f2e137edc60ce,20211108,170721,1000.0,DAKAR PLATEAU/DAKAR/DAKAR
504,OUT,737217c25b3b54ba09e5cb25a43805d4,20220423,182409,12500.0,OUROSSOGUI/MATAM/MATAM
831,IN,203049540ea164d625d6173e668c3e13,20210726,212104,3030.0,
243,OUT,412c378d792ed6e72e043eb68e684fca,20211105,180630,49500.0,KAOLACK/KAOLACK/KAOLACK
566,IN,d083d5e695ca9ed893afeec2e83a1451,20211014,101415,55000.0,
875,OUT,87344f194cc855ea59e74ac8d692efd6,20211202,181309,400.0,NIAGUIS/ZIGUINCHOR/ZIGUINCHOR
562,OUT,86345008baf5a2abfb6b7c876c24dab4,20220111,152925,50.0,KAOLACK/KAOLACK/KAOLACK
686,IN,88c73912a5bcc25a8d8a5dfa9a595ec0,20211027,110413,160000.0,
189,IN,ee35ec8cea548b98513dc7ec449a9608,20220525,231821,2000.0,DAKAR PLATEAU/DAKAR/DAKAR
782,OUT,5662f3a39088edc6fc9900775b3b3370,20220621,124459,2500.0,OUROSSOGUI/MATAM/MATAM
699,OUT,e80cba90d46b9d85face2d5be5ee4896,20220704,211754,550.0,KAOLACK/KAOLACK/KAOLACK
475,IN,be138358d654c79101ec7e817a70e4bf,20210731,143109,352449.0,
681,OUT,4e2c49389a45695e2ccf233e79b5addd,20211210,104634,500.0,BANDAFASSI/KEDOUGOU/KEDOUGOU
510,IN,48f2f8a09711f5c259c19bb7005b19b6,20220517,121028,1500.0,
58,OUT,b24fac7a8909359fb25d8fb3aa6c961c,20210712,144414,100.0,
474,IN,d37e60bc2846cc5983e5b4e532a064ea,20220327,213320,1000.0,NIAGUIS/ZIGUINCHOR/ZIGUINCHOR
560,OUT,66448d7a971253410e07df1e95fa6220,20220701,231742,11000.0,KAOLACK/KAOLACK/KAOLACK
856,OUT,471cc703a8a3fd0920e2c0f241b22b70,20220612,2533,200.0,KAOLACK/KAOLACK/KAOLACK
747,IN,5f57e6fdb3e378c373f3c99cc4b40a10,20210709,141544,1.0,
252,OUT,2bb43172895d450bfcfeacb87b168632,20220412,201818,1300.0,DAKAR PLATEAU/DAKAR/DAKAR
21,OUT,2d51b152d17b386082799137aaaba05f,20220317,91720,1400.0,SALDE/PODOR/SAINT-LOUIS
313,OUT,95b70559d074b28e05d41a7a3ffe2bdc,20211211,191851,2000.0,KEDOUGOU/KEDOUGOU/KEDOUGOU
459,OUT,cb807adae9ec8c9bee474af69ad10459,20220620,204159,2000.0,OGO/MATAM/MATAM
160,OUT,2871d253f854de1ba940279da50ae770,20210830,134532,15150.0,
276,OUT,97797cf3d846c98cad4ab624268b0455,20211018,203611,6100.0,
955,OUT,aef1123795c1d3f23cce76876d6c0bc0,20220202,221355,4000.0,OGO/MATAM/MATAM
191,OUT,ee35ec8cea548b98513dc7ec449a9608,20220731,212800,1000.0,DAKAR PLATEAU/DAKAR/DAKAR
385,IN,efb4280aac3611cf1bee219df5f93c9d,20211010,174014,25270.0,
805,OUT,91d0b36d4498a50b0eeaf2804eb3da84,20220426,101121,10000.0,DAKAR PLATEAU/DAKAR/DAKAR
413,IN,b9a7eed7c5eec7746a7c5dd8a49cd427,20220412,123900,22000.0,SALDE/PODOR/SAINT-LOUIS
491,OUT,a72a12c8924f62fd7872d9de53c800dd,20220401,160747,1050.0,DAKAR PLATEAU/DAKAR/DAKAR
343,OUT,7fcc76ea3b7431ed528eff93cbf98456,20220327,195836,20000.0,OUROSSOGUI/MATAM/MATAM
769,OUT,c19d4bfe2365faf784885f171d10105c,20211018,131938,100.0,
308,OUT,4bb8afc3ab4e84149fe8cdc19368d2d1,20220219,184000,1500.0,OUROSSOGUI/MATAM/MATAM
661,IN,c44f01179a6816b7ee5acba21f0e2880,20220309,104411,10000.0,THIAROYE/PIKINE/DAKAR
130,IN,ce76da8672abfa76507f263c661af7f0,20220708,172831,5000.0,FONGOLEMBI/KEDOUGOU/KEDOUGOU
663,OUT,c44f01179a6816b7ee5acba21f0e2880,20220705,140413,2000.0,LAMBAYE/BAMBEY/DIOURBEL
871,OUT,87344f194cc855ea59e74ac8d692efd6,20211202,192603,200.0,NIAGUIS/ZIGUINCHOR/ZIGUINCHOR
99,IN,8c2c00021b6cf7b851152c2602b698b8,20210921,111645,2050.0,
372,OUT,2ad55671f0b829569792dff18e7fd010,20220121,203906,2500.0,OUROSSOGUI/MATAM/MATAM
87,OUT,c6769dc085151b9e7e873f39561fc4cf,20211118,124722,2200.0,OUROSSOGUI/MATAM/MATAM
458,IN,cb807adae9ec8c9bee474af69ad10459,20220620,215405,1984.0,OGO/MATAM/MATAM
330,OUT,40a4e913e3fc7ba038663f12fd010732,20211201,212751,1000.0,OUROSSOGUI/MATAM/MATAM
214,OUT,cfc46e8c9ec271f6df283fb88265993f,20220119,92453,5000.0,THIAROYE/PIKINE/DAKAR
466,OUT,940f33ff92945e5e81f5122b966ea06f,20220228,83758,5000.0,DJIBANAR/GOUDOMP/SEDHIOU
121,OUT,acf01b9a160d4ef1ae7cb0cf2d6149e9,20210909,95403,1000.0,
614,OUT,cf506ba2da0950fbf04bc219ab1277f1,20211214,203159,1000.0,OUROSSOGUI/MATAM/MATAM
20,OUT,2d51b152d17b386082799137aaaba05f,20220317,143322,500.0,SALDE/PODOR/SAINT-LOUIS
700,OUT,2e05dc97324b96bcede42e60dc6247b1,20210714,233122,500.0,
71,OUT,ded7c6284ab2b00dfda6be5ceb15a297,20210908,204740,100.0,
106,OUT,f023b727b782a1d5f2ff7b19899b296d,20211123,150204,500.0,GRAND DAKAR/DAKAR/DAKAR
270,OUT,43fe10970ea16b02e99496e7bb83d1b7,20220219,194025,12500.0,DAKAR PLATEAU/DAKAR/DAKAR
860,OUT,15f4737426b1635110b67886e35afe25,20220116,181136,1000.0,DAKAR PLATEAU/DAKAR/DAKAR
435,OUT,c37fdce3be0abd118088436c5312e4d5,20211226,183743,5000.0,OUROSSOGUI/MATAM/MATAM
102,IN,be8d1525fabc2ea23b295c0f74cfd3b6,20211030,123428,15500.0,
