,volume,msisdn,ms_location,call_date,call_time
521,11.020743370056152,58982635729b45727700229a70ae85e5,608-01-00354-00010,20211118,170023
737,0.0272769927978515,b8b9dc654da68fc4a748d3df03a7046a,608-01-09040-24955,20211118,62353
740,0.0,31a3fa5ccc585b9d2be69569b69e76b9,608-01-00983-00001,20211118,140528
660,0.0,3fe68455383e037e757db7873979989c,608-01-01092-00006,20211118,192427
411,0.0930004119873046,15a5bf5eb2e4effcaea6a3ab479dc30f,608-01-00061-00006,20211118,160516
678,0.0,7a0c566a0461d3672d99abbe02b47611,608-01-09000-00202,20211118,105039
626,6.388288497924805,80134e390d51141ccbebd0fbfd8bd6bb,608-01-09040-25121,20211118,154907
513,1.848846435546875,552b3d445a5f3194efea2aa068585917,608-01-09036-25612,20211118,163247
859,1.406633377075195,e4174340b2f6d805441ec49f26d1c728,608-01-00609-00003,20211118,122709
136,0.0,9c7d10ec78053c120824a5eab62b72b9,608-01-00658-00001,20211118,112820
811,0.0174169540405273,addb8bed5f143cf53f5df183ecb098e2,608-01-09040-30331,20211118,175301
76,6.469077110290527,93ff5dcd6d02fe809d3f6afddec040ec,608-01-09036-25621,20211118,195110
636,0.0247220993041992,be4a24fc3bf1e240198048b7c8f4d1b3,608-01-00410-00010,20211118,130927
973,0.0057849884033203,49038249eb288896a627dfe6840c5a50,608-01-09008-17217,20211118,112149
938,66.8478775024414,6133a0438749ba75fe62761a05fa2bd0,608-01-09030-53953,20211118,115556
899,0.2996349334716797,8ffea64c93ec4ee3840d86fe757468b4,608-01-02960-00004,20211118,134555
280,0.0025997161865234,96c0207dfac1bab0dea92a270a40e50e,608-01-00466-00003,20211118,202047
883,0.0003118515014648,83b159fd6f909041a962ce5ccbff9145,608-01-00117-21859,20211118,93355
761,0.9738645553588868,fa06afe3fa1e3d94d980290ab3d52421,608-01-00056-00005,20211118,211320
319,0.0001678466796875,de1acb9b21cd038199c9b0f5c84fdd57,608-01-00715-26078,20211118,140342
549,0.0,ef2b9e99daa217cb51e43aebbe6ffcf6,608-01-00459-00001,20211118,60500
174,78.32905864715576,5c28100177b33523c1efafadf99143a7,608-01-09020-24874,20211118,131817
371,0.7428016662597656,86bc84e73fcc768d9cfd47bd99b20845,608-01-09036-30532,20211118,182702
527,0.0,70c8f1877b3341fb956a544af3a9a6e3,608-01-00701-00001,20211118,137
210,0.0,4cf9469c58b246976d0261297b9eda1d,608-01-00047-00009,20211118,51447
235,0.0051393508911132,d897d26414665a3faa66f48df7391f7e,608-01-00452-00005,20211118,610
101,4.919173240661621,42549131d07ca9fc1a789f45fdeabad4,608-01-09036-17039,20211118,184814
986,0.0009803771972656,22443a755d2925b6e144800e1c171148,608-01-09003-39182,20211118,62124
902,0.0,50b54a07d78175ee09616af7b90b6737,608-01-00757-00003,20211118,194118
947,0.0,9915e7a9f2ffd897073268d7f22f4ae4,608-01-00983-00008,20211118,131740
346,0.0406103134155273,6cecc29edfdf40dfb6343d572d3ac41d,608-01-00658-00004,20211118,165856
139,3.107016563415528,af1f13f1fe4fa2a6704d5cdf847d4c54,608-01-00313-00004,20211118,210840
621,0.0,afe31c36c725f5ae4cbfafda66aa9eb9,608-01-00141-00010,20211118,183843
499,8.54491901397705,63195f913cd60fe89eebf7e99a44c464,608-01-09000-03941,20211118,225042
370,0.2039251327514648,4cfafa5d2df85855178e3e315fc2be72,608-01-00750-00010,20211118,104717
198,0.0,8265da5e0991217980f7de986c5340c4,608-01-00918-00004,20211118,71553
687,2.801826477050781,6d30507999d54714fa6e788de0feea09,608-01-00045-00000,20211118,71418
584,3.9932451248168954,807e079c035d0f9286f1ac5b2be7c3f6,608-01-09043-34121,20211118,225122
901,0.4631147384643554,bf51f165184f4abfc0171f4f3d7a9a4f,608-01-09036-15785,20211118,130209
59,0.0,efa46f639afd232d30c7cba1dbb12293,608-01-09036-06874,20211118,152627
328,0.7616386413574219,f50f8d4dff06ed55a2d3288150fb7d15,608-01-00983-00010,20211118,170707
96,0.0,9187c046fd5570f00ebd69c3b7e18070,608-01-01158-00004,20211118,155424
312,0.0,b7945dfdda2e4a6cdae3e4eaf2c25141,608-01-01208-00014,20211118,213430
974,0.0,5538267bb64cd324b4c3a25c815141b5,608-01-00461-00003,20211118,211554
299,0.0001678466796875,59960ed06562afb6c314e4cf224403e2,608-01-00117-21853,20211118,14543
277,0.0,a3934bc0c0c1f7460e8011acfe063387,608-01-03305-00001,20211118,130454
924,0.2516078948974609,053a33f9a0ebb9a04ecd80112f98bea6,608-01-00313-00007,20211118,90929
601,0.0003576278686523,fdb5c92357bc7b6601d6f602ca7761aa,608-01-00752-00000,20211118,145119
439,0.0,19878aeee4044bba73e4c08c32d00fcc,608-01-09030-53951,20211118,90243
837,0.0018653869628906,e70b172e9d59233e1cb763c9626f9573,608-01-09036-25626,20211118,110037
570,0.2650251388549804,6a01ab8550474babf298e3ccdf5920c4,608-01-09000-00734,20211118,214244
879,0.0736770629882812,fc483bda372253c4aaa0776968fef37f,608-01-19385-00006,20211118,34415
261,2.84450912475586,1cf8e4b24f7c8d4d95f262dfd1be7cd5,608-01-09029-00844,20211118,85808
578,0.1985864639282226,fe528c28b63d39f82e0a8f4b5a7d3c2e,608-01-09003-02625,20211118,233825
23,0.0328264236450195,f6b0949e8de203043294f4ac1f0bf12e,608-01-09016-02273,20211118,163231
30,6.221713066101074,1d82d8a73a1ea8ddcb7ec56568282229,608-01-00658-00005,20211118,112120
617,0.0,b145b12ef1f2f0f3f44631950840ca3d,608-01-01210-00005,20211118,72303
10,0.0034904479980468,9e99a9dd35ffd9aaf00d469eb71d7a9d,608-01-00452-00003,20211118,210701
221,14.121397018432615,7bcfe976acbde9a54967629e83b34fdf,608-01-00043-00000,20211118,175033
820,9.918212890625e-05,00a56d9e4c4e6e2433a55767bc7c193d,608-01-02700-00003,20211118,113600
296,0.9170856475830078,de09838247f90d66b77e5536fbf81076,608-01-30202-00010,20211118,131821
54,0.0001220703125,48f41a023b572a7d6f4a342757efc144,608-01-00715-26077,20211118,101615
542,6.094649314880371,073168c5fe41376d3d293dcb6f470fbd,608-01-01898-00002,20211118,225946
209,0.1693372726440429,aea1fa6e2f3105271ab5368c8ce49ddc,608-01-01196-00003,20211118,144819
604,0.0238332748413085,fbb4d9fcb7cca263edfdcc3c82a56920,608-01-09035-63133,20211118,55304
692,0.0928468704223632,befbdc42011686b385d2159bde612d70,608-01-00662-00005,20211118,221703
662,0.4784660339355469,bc4501e0bd99729fce04b51843d77876,608-01-00451-00000,20211118,161809
866,0.0012578964233398,eb3a380006c342c2eafd763f4734a1da,608-01-00757-00001,20211118,194853
70,0.0,b9da82b81c6330c876b9a67f604ad90a,608-01-00461-00001,20211118,115245
543,0.0,7e986304513b5aefb29f7132ff30ac71,608-01-00756-00001,20211118,140437
107,0.0028982162475585,894db849b4fe7ed965b773b6654db7b2,608-01-00083-00005,20211118,141931
493,0.1742458343505859,ec2fa6fceef65ed0bd00bfe43aa6a748,608-01-09000-00735,20211118,200205
590,0.0414276123046875,70d2dd2b246de1c0e2c6238e6d18b206,608-01-09040-24996,20211118,103317
741,25.22471237182617,9df2e74aee567a053a82489cc8e79f53,608-01-01092-00005,20211118,194257
292,5.677298545837402,34e2ee664fabbb6f8837c3cb0fc22705,608-01-09043-06943,20211118,194042
289,0.0,67cc5867af152fc961e0e54e98bd3e0a,608-01-00983-00012,20211118,95909
652,0.0,ab817dad06cf1e10803c7b6c18125a55,608-01-01280-00004,20211118,173308
39,0.0,2cf12b665afc190f7f0ec45a6ed54785,608-01-09043-33961,20211118,72013
589,0.0389404296875,ebb978562ff65fc64c2656ad8af10c86,608-01-09000-00731,20211118,85030
307,0.3160638809204101,b0fec86ddd8913990228b9ba1f448834,608-01-09036-54403,20211118,195015
679,0.0038166046142578,f33d97881f6a15174f40322a27b47706,608-01-09036-25612,20211118,105731
66,0.0,4c6563a682f0e0f3779601060de01cdc,608-01-09036-36696,20211118,200438
275,0.0083904266357421,525d3831af97a3fd211054ef1ea33b13,608-01-00408-25295,20211118,185054
67,0.6462106704711914,9ed2602a4c7c9f94c08b57b8af2b827b,608-01-30171-00011,20211118,185816
318,0.0,bdd5d38c66a823e118637dc1db320fe2,608-01-09016-05818,20211118,225000
548,0.013096809387207,2908d6f0903c9dcd7cceed03c73e39f2,608-01-02029-00002,20211118,233001
998,0.4932126998901367,c928551660be7c416cea737d37850163,608-01-00983-00002,20211118,215352
714,0.0,8fa054d2d5c642d0c9d96bdec64ea3b9,608-01-30205-00012,20211118,2902
753,0.5975770950317383,57b44e5618941f33c3f72967d0bfaa7e,608-01-00466-00004,20211118,162705
327,0.0409936904907226,26d9545472218ef7d5db7fea12ce5d3f,608-01-09036-41102,20211118,54411
382,121.86931610107422,1551be80779ce6805a05cc73669932fb,608-01-00898-00004,20211118,152014
451,0.980116844177246,658e24d9a4748738f67397384c73eea4,608-01-01208-00001,20211118,170425
522,25.765299797058105,6a7bbf470ca50a17e043b96c88576dc8,608-01-00041-00000,20211118,121754
218,15.12110996246338,88668550ae9afc45cfeb0ea8da86dce6,608-01-19385-00005,20211118,20050
787,0.0,a3934bc0c0c1f7460e8011acfe063387,608-01-03305-00001,20211118,60017
436,0.3885002136230469,ff0d05325a1650db8a0b58efa5b331f7,608-01-01007-00011,20211118,120736
764,0.0,a21f4ec2096dd92b64391c1d1fc911b3,608-01-00057-00001,20211118,83027
88,0.4391908645629883,317ecd5cd0c826d73882cb73fdf65089,608-01-00985-00004,20211118,124114
63,0.0,da75accde01b3e29c7b076791e669bd5,608-01-01429-00011,20211118,112017
826,0.4755201339721679,f30ebe7ffdd6b09247a6537690f43780,608-01-00659-00006,20211118,185011
716,4.989094734191895,5e0a5ef3c42a691f4a6d21469d613e07,608-01-30062-00001,20211118,212611
351,47.98297786712647,dd6a32eb8163f5dae85ebc04ff55a669,608-01-09010-02613,20211118,134510
936,0.0,48d9a617edbce7676cb1fc04ef273baa,608-01-09017-23191,20211118,140903
256,0.0,2ec071ce785f74b54dad03cb000a7aec,608-01-00083-00011,20211118,214202
635,0.0459203720092773,2a4e8ef2217bd9f9b2cb50d733425205,608-01-09020-25147,20211118,172121
644,0.2064495086669922,9187c046fd5570f00ebd69c3b7e18070,608-01-00357-00010,20211118,231945
554,0.0,0b69fc30cdf92f834a51b1d3379e9559,608-01-00658-00002,20211118,94013
959,0.0012712478637695,95b70559d074b28e05d41a7a3ffe2bdc,608-01-00788-00001,20211118,140529
168,63.43907833099365,203049540ea164d625d6173e668c3e13,608-01-00453-00000,20211118,92708
917,0.0,35b56810dde185844fe6493e0b130a4f,608-01-00701-00002,20211118,95706
528,29.904852867126465,96451c0063bd8cb746a86744a8aeac11,608-01-00313-00007,20211118,200655
823,0.0,f741b2d7fcb6c588663f591b7a16c3a1,608-01-00043-00012,20211118,153618
985,0.0,5f1d33e78cfcb7bcfd1d00e95eed98b1,608-01-00083-00012,20211118,110837
816,0.0001487731933593,b59f7f3925a8a995c056c306ae279a2c,608-01-00715-09671,20211118,140022
86,0.0039539337158203,e99dbd8985bdbbab4dfda3c074ac1710,608-01-00140-00011,20211118,190749
432,0.0,2e6ade5ae8cf1692c0abae1addc415b5,608-01-00659-00004,20211118,175941
184,0.0,dd93729bee85d00314467c8bad121f04,608-01-00720-09489,20211118,55023
978,1.874882698059082,5f2f0d2364affc622736618e064484d3,608-01-09003-24481,20211118,234757
534,0.655461311340332,4b79118de7059c5348b5134e8998f273,608-01-09003-43884,20211118,122535
294,75.60358047485352,0cd96b7d661c7798ea02e39dd39d1374,608-01-09003-43887,20211118,160512
892,0.0585765838623046,258671a4f9e8a5ba45c534c133d451a2,608-01-09023-59312,20211118,210549
425,0.0,dc12a4b6eb605c535e2eb83c4ac5549d,608-01-09040-25131,20211118,105759
713,36.11403942108154,d7fe5a607a169d515b330b116d0cfc47,608-01-00083-00010,20211118,53414
260,12.194055557250977,f182379a3887482496d84786e8595ae5,608-01-01048-00003,20211118,145656
237,0.003096580505371,5c4fee4455c863a8e44ec1878d80563d,608-01-09030-01629,20211118,63207
559,0.2660236358642578,38cdf0b2e2a8563700e9a3f365dcb6c7,608-01-09043-34031,20211118,91642
583,0.361602783203125,85988e452d0c8e900b58791564b698ec,608-01-09040-47333,20211118,90554
445,0.0754842758178711,6fea3a2c3f776b5e702a1b3e5c12d678,608-01-09041-47314,20211118,22310
867,0.0,3ba73d99df2ee936648908193f415878,608-01-30057-00001,20211118,101725
800,0.0140743255615234,43fe10970ea16b02e99496e7bb83d1b7,608-01-00118-34205,20211118,105520
599,0.0631237030029296,7b6643727103c0e792d6a773fcecd8c1,608-01-09036-21909,20211118,174512
849,0.0,7eec0dacd04af893a847249cba9eb3e1,608-01-00701-00001,20211118,143945
265,0.0760583877563476,12f412c46e8f839c8b7b3e329db08dfa,608-01-01209-00004,20211118,163347
995,3.704976081848145,1d0b066301189fe4ad290f6a78eacc59,608-01-00141-00005,20211118,210326
529,0.0,99894b3ee1c75a56d64e52ea4286d648,608-01-00552-00010,20211118,60639
55,0.8015146255493164,4ebd4af7ff09ae5cca13721cae579566,608-01-30004-00003,20211118,70951
120,0.0355615615844726,d8567905976dc5da605243e6a2b38722,608-01-00408-24465,20211118,154539
215,0.0407743453979492,645418b28698a761db917b2b8a7d3273,608-01-00658-00002,20211118,162748
25,0.029982566833496,f35a8d3d2524e507fc28f571fe116286,608-01-01628-00004,20211118,93949
72,0.0917320251464843,15e5ec8ca40828d78425a8f6a9dab787,608-01-09003-01566,20211118,104036
44,0.0,8aee06512efe1215aca536b669083cc4,608-01-00758-00004,20211118,130921
247,6.603352546691895,2d1e38ec2ca20e42856d491d7d63ce9a,608-01-01274-00012,20211118,223051
721,0.3358621597290039,c6f0850cc9f8c56409394de935935a6f,608-01-00528-00011,20211118,192627
281,0.0,2908d6f0903c9dcd7cceed03c73e39f2,608-01-03311-00003,20211118,152754
893,0.4693355560302734,8aba9f06226e6d4b6eb458f0768ef9a4,608-01-09000-53103,20211118,141051
914,0.0176048278808593,d3a8bdd243d58dc74b7baaceff6b1ea8,608-01-09002-47989,20211118,181704
810,6.538247108459473,461029be235be6139674064c92f5364b,608-01-09000-03947,20211118,231821
244,1.0742321014404297,8f84972fc2c22ebad18b647ac20dcfe3,608-01-09026-61319,20211118,122901
822,9.785847663879396,ae4483b9b6f8024c49e43052559ef6c6,608-01-01157-00010,20211118,221817
321,37.68667030334473,e3a85dca9e101f654728f959f83165f8,608-01-09016-45382,20211118,171913
643,0.0,8a60ba46ccc0ae536524bcbed30b56e5,608-01-00140-00011,20211118,92730
158,0.00244140625,08713e900b728419733e8d89a5025ffc,608-01-09030-46353,20211118,235114
977,0.1515789031982422,bf474df7b963bee0a4781e3e6acf0988,608-01-00715-11554,20211118,221426
429,0.0,f3f5d45c3927b87d1cbce3ffde84e5cb,608-01-00659-00001,20211118,205123
941,0.0020380020141601,64034b8608ba107ec71c273663014f6f,608-01-00658-00005,20211118,151807
462,0.0,8758a6e7f87a6b2ad1dd9b52ba077601,608-01-09025-07455,20211118,223110
309,0.0,b420c0a4f1f57f50e93acee42bd0a7ba,608-01-00658-00006,20211118,185004
697,0.0,892bb596c89260b74f5eea4cd550fb94,608-01-00465-00005,20211118,100405
60,0.0,428dcffd22ed0570bf3eb7ed736f90ed,608-01-30511-00001,20211118,193518
884,31.870012283325195,561cc36df91418a884d3b2b888a233ce,608-01-09000-36881,20211118,180246
595,0.0128326416015625,fff7639f8fa2892645cf90d01b7560a6,608-01-09025-09124,20211118,130635
767,0.5801057815551758,4994967d3ef3445d957b53c2d8522257,608-01-00756-00005,20211118,183932
649,0.0,b80be4b18116e4870bfbecb0fae49b7f,608-01-00469-00000,20211118,204911
650,0.0,0e55e4acd31a53063715ac1a62f2f37e,608-01-00408-25289,20211118,104042
865,2.088437080383301,160c4b9dc9f38e1aa2197f0094150425,608-01-09040-25078,20211118,110023
668,0.0,ec5e30a1f8170142de78849d0c7704a9,608-01-00303-00010,20211118,172909
298,0.0894927978515625,f7baf1582f1163432fc272b4c2f511e4,608-01-09036-17038,20211118,172816
689,0.0001678466796875,de1acb9b21cd038199c9b0f5c84fdd57,608-01-00715-09484,20211118,135706
314,0.4295558929443359,cda02776eecf426b6cbaa9b9319ba5b9,608-01-00658-00002,20211118,114356
310,0.0263357162475585,2063665d85d13073c57ceb9494d5687f,608-01-00659-00005,20211118,224350
361,0.1543474197387695,b8b9dc654da68fc4a748d3df03a7046a,608-01-09020-24974,20211118,104858
479,137.83596515655518,f0fc8c319a57646e6d49ce23752d3505,608-01-01272-00004,20211118,154552
110,0.0034208297729492,6050d4ab0fc729d166d933be90420b23,608-01-09003-01566,20211118,41004
989,4.657254219055176,41fcb403a3c6feb9932d16d7ab993685,608-01-00659-00001,20211118,104351
486,0.0141334533691406,3a6147dd9a2cb31269135add704117a6,608-01-09000-07241,20211118,93426
363,0.1448202133178711,a01d7bef276c24ffe0f0d43bfa336e11,608-01-01811-00012,20211118,153218
254,0.0,24348ea2ce144a9609c3afe196a10d24,608-01-09036-17039,20211118,111045
259,12.83969020843506,508f3a8da280dfdd7ce1b50e638e509f,608-01-09043-06942,20211118,133524
802,2.773231506347656,5d1cd2a853071633e07d68532f32bfd0,608-01-09029-07885,20211118,213708
677,5.122530937194824,eecd1de7f26240ab2940d5eadaf368f7,608-01-03278-00003,20211118,133804
494,0.0,3ced11e5e2f31801c511be56f7c6d9d1,608-01-00983-00008,20211118,104548
670,0.0173845291137695,8216834ed3815cac4c7435e3d770953b,608-01-00658-00003,20211118,231033
377,0.0,8ca256c79145e90605d4aa728e96a315,608-01-00678-00003,20211118,51458
526,0.5720090866088867,db15578b64cf2a056c62844aa9d7c740,608-01-00658-00005,20211118,65927
845,1.1917619705200195,2eb510f1ca32e01b8aeb13fad38e3c23,608-01-00452-00002,20211118,114239
137,1.1399517059326172,7c79dc38a926ea4fee64ccfdc162a41a,608-01-09010-05166,20211118,152932
355,0.1615962982177734,6a4fbc1d5d5fee165124efef9d72f7c3,608-01-00140-00011,20211118,180342
365,0.0,9c49c4e245bed865f76b987ae80971fa,608-01-00047-00012,20211118,152946
942,0.0051240921020507,78221e5e6922b3babc0820c3ca3a5ea3,608-01-00408-25431,20211118,171427
749,14.769712448120115,669dde408816798f42b6c2660d07c7e9,608-01-00658-00001,20211118,152425
948,0.0,0066703f54627cbedde839996baa7d3a,608-01-01837-00003,20211118,154822
829,0.0,ee517d081ecc04739e28e070e05a874e,608-01-00985-00004,20211118,21341
656,0.0002002716064453,ee17b28c991cb77760337e0d88321db0,608-01-01173-00003,20211118,172948
199,0.003061294555664,bb47109fe1595baef0235eec7ffbe297,608-01-01092-00002,20211118,210817
213,6.096245765686035,821ed8f95228f39ee7b549ff0346f435,608-01-00465-00002,20211118,194537
408,0.0,c9340a8e351b72c7f0f266870679d6b1,608-01-00701-00002,20211118,93909
332,0.7850837707519531,9dad9fb0d56292fdc63fe1ceaa8ef9f4,608-01-09001-01875,20211118,165048
208,0.7805213928222656,eafeafa884e7e0796c91f8440b9a353f,608-01-09025-00248,20211118,140424
613,0.0612239837646484,6de4b35434315b091c84b5d130023bf0,608-01-09000-00281,20211118,154937
78,0.719508171081543,160c4b9dc9f38e1aa2197f0094150425,608-01-19389-00006,20211118,151705
29,0.6988887786865234,236d601cd872a14ba0de8d3eb24f2365,608-01-00083-00010,20211118,171019
535,21.825611114501957,e4d6bc300aebfe040c3676dc49a9b728,608-01-02705-00005,20211118,143408
695,0.0,cb866e9228f5679260625700532d651e,608-01-00752-00004,20211118,174453
557,0.0,0a07cb1d18744bf69208139fde721ec8,608-01-00720-12883,20211118,215806
836,1.206594467163086,4fd9335ae00f2fccfa7c62f19423a969,608-01-09036-15784,20211118,926
596,8.405610084533691,68c9cbd3aa592b1209a214a81dea4127,608-01-09034-62981,20211118,150221
165,9.60422420501709,dc9c8b256477a4778b343e3339dca04b,608-01-09025-10502,20211118,54751
918,1.246599197387695,60020429339fb4ecc73921f307cf4995,608-01-09030-48913,20211118,201109
495,0.0,b002c7b3c2bf145954ab412e1aa1afb1,608-01-09002-04671,20211118,94620
824,0.0477962493896484,ebb978562ff65fc64c2656ad8af10c86,608-01-01208-00011,20211118,171556
65,0.2420015335083007,52a43c5465341e789affecbbb8368916,608-01-09003-33573,20211118,63741
141,4.236611366271973,bcfface47a827e186f3d63e0446862c3,608-01-09028-51827,20211118,212338
925,1.1403255462646484,e92f7dfe87aaaf209484bf35b336ea62,608-01-00658-00003,20211118,214538
827,0.0023756027221679,cd38c19270223156740e858a9d8869d5,608-01-00995-00010,20211118,184026
655,0.0006313323974609,d79c7c42bc46a0fac50d0d204e1fbe68,608-01-00701-00001,20211118,111858
331,32.563645362854004,5cf5816d8dcd27cd5cf0a186a7ed61f3,608-01-00651-00012,20211118,221019
664,0.0,a3934bc0c0c1f7460e8011acfe063387,608-01-03305-00001,20211118,145745
249,0.0,30b98a772e31b8bff208f13535993794,608-01-01092-00006,20211118,100652
907,0.0011396408081054,d0b58e015aa74fe8c829bdcd981ac28d,608-01-17505-00003,20211118,101746
708,0.0006589889526367,301fad9cd84664ebd0037f9b298bd466,608-01-00712-04911,20211118,190701
305,0.595402717590332,39576622f53e9de6c59e0f9120b80718,608-01-09036-15785,20211118,165554
734,0.7429695129394531,94f82e224bfa5e2dce12a96ec761956b,608-01-09036-27842,20211118,192528
975,0.6969070434570312,f2fe8c88264927c550b720d389e928f1,608-01-09036-30541,20211118,133841
49,0.0045223236083984,7b6643727103c0e792d6a773fcecd8c1,608-01-09036-25627,20211118,183504
896,0.0,0fb61f86bc62bf060b0519a961a48739,608-01-02455-00005,20211118,171654
2,0.1182260513305664,b891e81a411222ae751325c36ed4b0e4,608-01-00551-00012,20211118,202527
544,0.0,a3934bc0c0c1f7460e8011acfe063387,608-01-03305-00001,20211118,42512
350,0.0097427368164062,03cc8149c06ac96e4113ca6b7c28e834,608-01-09003-43884,20211118,150038
904,0.0,2b7c4bd43f028e24136e7e5bf3e23fb7,608-01-00020-00003,20211118,82920
536,36.95544242858887,7d088581a3c366e9bd762bd81ba18f88,608-01-01157-00004,20211118,82105
344,0.52630615234375,d7c4fb341419957edbb3b71c19832f35,608-01-09036-24659,20211118,134446
994,0.0260047912597656,1d0b066301189fe4ad290f6a78eacc59,608-01-00048-00014,20211118,173451
481,2.188627243041992,512d70751225a8cbdfb783aa8b2bedce,608-01-01392-00002,20211118,131003
575,0.0008296966552734,a409f7fd6d934ecdaefd0a1317b6146c,608-01-00710-00010,20211118,135633
33,0.0031566619873046,a5f5939c2640fdab57a96f50b899f1ee,608-01-00003-00002,20211118,164858
31,0.0,c72db1cc535f5560358565b86ac35d0a,608-01-00083-00010,20211118,214224
231,26.310444831848145,dcd1ecb109a0b069d5cead7b7ef803db,608-01-09036-25622,20211118,85006
963,0.7327785491943359,70e233f410a6efed682a91394885f23d,608-01-00469-00000,20211118,194129
192,8.076155662536621,6e1fc1498728e778beced97f128d34be,608-01-09013-54492,20211118,192917
333,0.0,6d2e4bb9c62a9d4c5ee0df98893d0851,608-01-00983-00010,20211118,151842
3,0.0813732147216796,c72be5b43bf0289e147c46c62fae6bfa,608-01-01153-00001,20211118,181533
204,0.1173009872436523,505fbeb71eea504cc139f7067cea1226,608-01-00056-00010,20211118,124032
514,2.510685920715332,b9c48ddd812d8a0a86fb325d6b679c8e,608-01-09040-24957,20211118,254
799,0.0,f97f0b1cc8c8788a39e39b6bb492b8a2,608-01-09003-01569,20211118,215417
306,0.0,71051090f9b0ceaf44be11a267b86152,608-01-01157-00005,20211118,182829
109,4.903238296508789,33596a1c247c81ce678ee4caee698bbb,608-01-00988-00010,20211118,102736
430,0.0188074111938476,9500b60354d837bcdaf0e4ddf6295103,608-01-09036-23168,20211118,180940
77,12.299249649047852,f7eb89abb0df6b831c477255c766295b,608-01-09043-34153,20211118,200953
84,33.496511459350586,c4c2b51bc5ab1aa8c8452b7177c4c94e,608-01-00983-00004,20211118,223837
286,0.0,6336b7b2c04bcc2cc25838c0110451e9,608-01-00025-00012,20211118,101938
82,7.21562385559082,2ed304937c809e47532a65a187c94fb1,608-01-09036-25628,20211118,93520
991,0.0,fc55190856f640a48f7acdf2319b942f,608-01-00758-00001,20211118,44001
789,0.0,a3934bc0c0c1f7460e8011acfe063387,608-01-03305-00001,20211118,82306
894,0.0,0b25f920a38526186318b6182a3c9f27,608-01-09030-53951,20211118,120031
398,23.78651714324951,f459040d14b4808d3c58ab6c13679887,608-01-00658-00005,20211118,174147
323,0.1876459121704101,db9df5d95d220ee14a836efee869abbd,608-01-09041-11892,20211118,120136
519,0.3663778305053711,dc5093aaa23b079fb96cc795a1811dd7,608-01-00083-00001,20211118,173036
916,0.1472654342651367,06a88d14867673688fe97eb7f213ee4c,608-01-00753-00005,20211118,163048
922,0.0,a3934bc0c0c1f7460e8011acfe063387,608-01-03305-00001,20211118,215055
5,0.0513830184936523,32c36c2f61e08cd4acce9dadca859ff7,608-01-00553-00012,20211118,124525
731,0.0483007431030273,56d320c12b50084f4c2a3d5a301c1143,608-01-09002-01066,20211118,63359
465,1.8302431106567385,1307d2925acd93717081dc6fc8ddefd5,608-01-01157-00010,20211118,173200
97,0.0,12ac85620a92fa3238dbb5b1251f71b6,608-01-00083-00011,20211118,202751
266,5.163060188293457,c913e143b250c09b89376da91eeeb668,608-01-09040-30253,20211118,130957
357,0.7304677963256836,81cfee2f5c08d199bb491a7dfa566ed2,608-01-09001-05287,20211118,130933
868,0.2278089523315429,8f84972fc2c22ebad18b647ac20dcfe3,608-01-01057-00005,20211118,54416
798,0.0,d5131164f8f14453e9beb04ee0a6b532,608-01-00083-00001,20211118,224300
380,31.471174240112305,7446f6d83e2fb90e31e03f888028771d,608-01-03475-00005,20211118,81704
631,0.0893449783325195,60b862973490ebb7ea9f2f4e3fbe2003,608-01-00047-00011,20211118,220415
381,0.0,e54b47f8fb583daa1196336591efda60,608-01-00461-00003,20211118,181751
490,0.0,65c669221b01166e3c13858f93a8d53f,608-01-01208-00002,20211118,55259
118,1.0711431503295898,2173a8fee1948d66412a10c586295e3d,608-01-09016-45372,20211118,140345
900,0.6363916397094727,d73109ff81f94010492413d559399ba6,608-01-09000-00422,20211118,131955
250,0.0,7f12ee308d6eb594e8c671cd89b35a3c,608-01-13628-00003,20211118,172018
523,0.2252531051635742,22cbbe0e01c1c98a8702363d3aa4d228,608-01-09040-25025,20211118,160944
9,2.8104028701782227,9da3a5d6c6439e4057154ab390302136,608-01-02940-00012,20211118,92410
196,0.4290390014648437,ecfd3885122397e6d9bc5313f2b3b9f4,608-01-00983-00004,20211118,132056
603,1.6087150573730469,fdac466c2997626d2b3e9c738b68f5b9,608-01-00701-00005,20211118,85351
81,0.0,969250b4fb3abd7fa7f07eac0a40b96a,608-01-00141-00010,20211118,134957
783,0.0,50f4dfbd6f5f37355585e18d561e6c83,608-01-09040-30323,20211118,140930
587,0.0197467803955078,f5eb0084da2881602c3fbbe107f132e8,608-01-09000-00734,20211118,183747
797,1.7951183319091797,b48ed5b6866ee9a2bdaf90d7ff945f1b,608-01-19388-00006,20211118,175655
239,43.388593673706055,6a04c2ef1cee45dde43c180a83348371,608-01-09003-02627,20211118,213415
290,20.088302612304688,e067c416f245a598ab84ed975c160df6,608-01-09036-17039,20211118,202719
211,0.8033924102783203,079e3534c1549327f798cf0e3602b889,608-01-09036-17037,20211118,80540
717,0.0,dd93729bee85d00314467c8bad121f04,608-01-00720-09489,20211118,51809
359,0.0219554901123046,860a6ca6ea1698d6d3c0d3a5ab8c2a4e,608-01-09040-30321,20211118,122015
449,0.0,cb866e9228f5679260625700532d651e,608-01-30161-00001,20211118,144629
227,0.125284194946289,b8f89f413c2f59473261f005a9eec75e,608-01-09000-00293,20211118,74818
950,0.0,9fb624a8c9f29b5f1a6c9bf92e6060cb,608-01-00005-00012,20211118,150939
946,0.0,02c3a107d9efb717fa21c57f51df9f9c,608-01-00079-00011,20211118,133819
796,0.0,efd4a3e68c294437a355537409f55917,608-01-02029-00002,20211118,202512
501,0.1439828872680664,28c253d7af423c3332c9e662087c6843,608-01-01387-00016,20211118,202318
464,0.0003204345703125,5a1deaf8638649d79d4c6a94cc028078,608-01-00407-30726,20211118,81501
362,0.3780164718627929,a01d7bef276c24ffe0f0d43bfa336e11,608-01-01161-00001,20211118,142244
468,0.2454833984375,62c23fadddd2fdcd651b7bbbc109f344,608-01-00663-00004,20211118,170822
935,0.0,6ec9f9f3a742de4cf3613ec843ebe7eb,608-01-00469-00001,20211118,71010
428,0.0,ac9c8c0e9615ab89d379927a525c88a8,608-01-02902-00002,20211118,215928
7,16.325499534606934,eac5f2ed808b7ae2d9d8080d218a1911,608-01-09000-00299,20211118,112455
155,0.0619096755981445,15e28c4a1f7c4fb64823a2dc39a318e8,608-01-09036-36396,20211118,41623
541,0.0,1d92f06dc498b01f9367ac950a694fc1,608-01-00469-00001,20211118,181749
440,0.0,4e5f3bea566b932ff2770191c6f0f5e1,608-01-00551-00001,20211118,184320
482,0.2136096954345703,94f82e224bfa5e2dce12a96ec761956b,608-01-09036-22698,20211118,203741
422,0.0128126144409179,01288746ff2548a74a8883bf69bee5c2,608-01-03305-00001,20211118,183226
778,0.6314554214477539,27ad730dfcef90f2ddd2bc0bb09951ac,608-01-09036-30532,20211118,2407
949,0.2490091323852539,4b2ad918d17065647b62be782be88202,608-01-00124-00008,20211118,133556
334,0.1049871444702148,90ced2dd0d7df9d5e61f6612832ce7f2,608-01-00020-00006,20211118,183914
576,0.0001354217529296,ebe56dbc430b7c377ce735c6c7c3b74a,608-01-00601-24984,20211118,2853
934,6.940109252929688,10011662e484a119b9500077a3b44f21,608-01-09036-17039,20211118,154826
567,0.1224393844604492,984861ad168756588d0510cefbdd5562,608-01-09030-02050,20211118,184131
594,0.0,d9deb6510412b1e9431b8720738a8381,608-01-01642-00001,20211118,222402
530,0.0,0e55e4acd31a53063715ac1a62f2f37e,608-01-09036-24725,20211118,135903
581,0.0,e165a94e20a9ce59a78c1727efb2284f,608-01-00313-00004,20211118,232934
707,0.0846490859985351,c4e3da07aa66ed7c827da6e589d1ef2c,608-01-09036-25615,20211118,215653
448,1.845110893249512,fe1a14de22e3c9140c17eb79abcbf966,608-01-09036-17038,20211118,113713
453,0.0,b8cf55fe10034337959be0a94280331e,608-01-00985-00001,20211118,4221
228,1.4881343841552734,563f8bd29578e8fdbee55d06c72e8b64,608-01-09031-31161,20211118,114339
352,5.871143341064453,dd6a32eb8163f5dae85ebc04ff55a669,608-01-09010-39613,20211118,160509
728,4.97264289855957,2f6d993aaea845b9be74ae37dd7d7dcd,608-01-00400-00006,20211118,61900
212,0.0,4ebd4af7ff09ae5cca13721cae579566,608-01-01987-00010,20211118,130337
79,0.7213363647460938,ff99aaca3f782d92e19169d6bb77efba,608-01-09036-43171,20211118,220417
148,0.1118984222412109,e4ecfe4ee5f9cafcebe71e519ebd2aca,608-01-09030-58541,20211118,163437
302,0.7243366241455078,080d0c0f0e89f41f74613a1efdfb8bad,608-01-09036-25612,20211118,134636
628,0.0962867736816406,c59d3d2c3462d2e0b9dc499f51c561e7,608-01-00983-00010,20211118,120620
777,0.2601232528686523,dd8f23a45fe471b3b2d5eb74a9e23b28,608-01-00053-00005,20211118,185335
506,0.0,87debc2dc850f2d0a5d40e13bcbc9b30,608-01-00701-00005,20211118,191745
342,3.0680646896362305,9ef8be21282ef0aa06efc0af83faff86,608-01-01208-00008,20211118,133502
485,0.5159320831298828,35641e6b1a74b8c7ab606bf686f49522,608-01-09036-25263,20211118,105128
711,67.70793342590332,b1cfd86b1ef0adb436d0e356c7048b55,608-01-00701-00002,20211118,221341
133,121.49488162994383,830592e03b684c6a8f0f6ae27a615c66,608-01-01096-00005,20211118,75504
703,0.0001487731933593,403f9415083a905cc6b4362c50f9f18f,608-01-00715-09672,20211118,73405
311,0.0,ccc8d011a802124828038850982b1613,608-01-09025-44153,20211118,213811
722,0.2991781234741211,0f92ce6f2fd34bcbae39593c964812ed,608-01-09036-25616,20211118,202017
629,1.9521913528442385,164ecc25bf0a2e3368c38a7d61abe610,608-01-00140-00011,20211118,201404
0,0.2635622024536133,59d5c36df9ccef48b4607a2efeed7ff7,608-01-00079-00011,20211118,165139
316,62.1323127746582,6d30507999d54714fa6e788de0feea09,608-01-01429-00005,20211118,112638
706,27.90344715118408,c4e3da07aa66ed7c827da6e589d1ef2c,608-01-09036-30533,20211118,162554
547,0.0,a3934bc0c0c1f7460e8011acfe063387,608-01-03305-00001,20211118,215159
872,0.00091552734375,1125e1614e26fd0f143cf3ced44e4117,608-01-00111-00004,20211118,223346
532,0.9567508697509766,b2f62ff42071b43626acc23d51a772a1,608-01-09036-25618,20211118,105154
477,0.1061305999755859,9713569eaa7d395300835a7616a15781,608-01-05007-04324,20211118,154646
404,6.907808303833008,62b905db2923f28e10f0858a24897dfb,608-01-00469-00003,20211118,75709
172,0.0,ce787721d00e378e6e1660bb0eba14b7,608-01-00045-00000,20211118,233913
125,0.0,a3934bc0c0c1f7460e8011acfe063387,608-01-03305-00001,20211118,83434
394,0.2387819290161132,c49654800ba8e428600cd1b65c8d8bfd,608-01-02929-00003,20211118,91402
420,0.0084905624389648,188398b2193388af24d4cf97a8a7c3c2,608-01-09043-34153,20211118,35947
552,1.0590095520019531,a12f32003f89a608ae3540d79928f855,608-01-09036-03169,20211118,202335
903,5.630850791931152,50b54a07d78175ee09616af7b90b6737,608-01-00757-00003,20211118,202036
90,0.0,51a4f77a72cc450b1ee02500945e14bc,608-01-01648-00006,20211118,123030
939,1.1384048461914062,1a3abf02d3488288d8811c44b85ccfbe,608-01-00712-12335,20211118,93542
181,2.527515411376953,d82e4e6b0c418c580496de713629b81d,608-01-09036-15784,20211118,152132
274,29.119845390319824,b399a2650a0483a87874f3779b73d2fe,608-01-09040-30331,20211118,125710
895,2.689125061035156,3406a38939c791f3ce3272a35a09a152,608-01-09000-00201,20211118,172324
69,32.92093467712402,f2fb0bcecc435454e1dfc9a225adefcc,608-01-00106-00005,20211118,150826
291,0.0,2fab9b2f8347f287f0381e3c242fb4cf,608-01-00658-00006,20211118,223309
131,2.783393859863281,4dea6bd9b72083257a0902a659fbba00,608-01-09003-43891,20211118,182748
300,0.0050821304321289,93cc009c820c9722ec162ee1c2bc6e26,608-01-09036-17031,20211118,105540
424,0.0,cc95fdb174beb3a2b44e9c026d795f35,608-01-03471-00006,20211118,174927
326,0.0,faec5952e8b76c4e6e7dee6725ecbfa6,608-01-00753-00004,20211118,103105
144,0.0336885452270507,f0119a448c6299295ca7eefec831a90c,608-01-09036-17037,20211118,173133
423,9.120235443115234,b141a0b9723a4894524b38be8ee320cf,608-01-09002-61097,20211118,154040
580,0.0004558563232421,8e9c611abc6164ae96fc421c6cdef7be,608-01-00164-19473,20211118,103529
135,0.0322580337524414,e8a00543cab1e9f6a1e44d82f85cdae6,608-01-00020-00012,20211118,222835
450,0.0,7629afa5c8148d6ab12998041bfa46de,608-01-00716-09893,20211118,81739
164,0.0,2c9d462d788364d83fc5d195ca33f1f3,608-01-00658-00005,20211118,173547
28,79.94280815124512,ce2f242635bb4481ea65920ab715097a,608-01-02535-00001,20211118,34917
773,0.0625486373901367,894db849b4fe7ed965b773b6654db7b2,608-01-00045-00002,20211118,2421
193,0.1982641220092773,c8730573cddc791cff128489c7bbf2a8,608-01-00551-00002,20211118,140259
388,20.577953338623047,94a3e9add57bbab4d77d3d1f2609e20b,608-01-09010-05396,20211118,122539
852,20.288493156433105,56f62b45221effdb0a94acee90de5a5d,608-01-00659-00002,20211118,201933
169,1.1885852813720703,9ae302c52be95f49e8619e6ba57b8d93,608-01-09036-28481,20211118,172837
705,0.0003204345703125,5a1deaf8638649d79d4c6a94cc028078,608-01-00407-30726,20211118,233328
140,0.1067523956298828,e13a2fc54d9726078b77833d305281f5,608-01-00083-00004,20211118,141252
173,1.4358501434326172,a8c464dbc009d34fe49036f49c789bd2,608-01-09036-43171,20211118,194750
6,0.0004463195800781,dffa843c255c842656724514d5850a81,608-01-00658-00002,20211118,183355
745,1.0399503707885742,0bcabdd6b5560f5ee3626e2129df3534,608-01-09040-25921,20211118,222908
478,60.25648784637451,980efdf97f24f38173eecaf41d0d1cb0,608-01-09025-02813,20211118,234326
73,0.0,352a207383721f6d4dca613218e8fd78,608-01-09000-00293,20211118,135944
910,0.0238924026489257,3d0e36dbea5a4b2d7cfa2e725a3382a9,608-01-09036-39404,20211118,35247
813,0.0001487731933593,403f9415083a905cc6b4362c50f9f18f,608-01-00715-09672,20211118,180827
238,0.5331830978393555,7516e8ee86871061890e9882f6729b1b,608-01-00701-00002,20211118,231325
145,0.0,29e5c6ffa1ff4290bb2890923c43d597,608-01-09036-20523,20211118,74712
792,0.0001487731933593,91dc8a8de4546c8260a9297133c7349e,608-01-00715-09671,20211118,62806
234,1.2843246459960938,003a902301a92625b121f4e078a92ba3,608-01-09036-17039,20211118,94845
220,0.0,22d9de137aa3bb310c27033141ff4802,608-01-00452-00001,20211118,131924
923,0.0032377243041992,2e6ade5ae8cf1692c0abae1addc415b5,608-01-00659-00004,20211118,165117
500,0.00103759765625,2884102afd19bba2af614ad32c836c14,608-01-00659-00002,20211118,94922
132,0.0189704895019531,bd400c7341ee881b5c78259467ff7480,608-01-09000-19021,20211118,235955
990,11.727228164672852,f1580a1fe47e2e670d2ac419f81db59e,608-01-09040-30253,20211118,185828
774,0.4306745529174804,2adf5f3e31e74762f498ad953b12f562,608-01-09001-02646,20211118,180818
185,0.0,dd93729bee85d00314467c8bad121f04,608-01-00720-09489,20211118,74331
41,0.0018749237060546,6f388e2c82052b6f71af6d693d721eba,608-01-09036-17033,20211118,161627
696,26.756361961364743,8c7343b8f026f15996302cdf3afbaf7f,608-01-00452-00005,20211118,190824
108,2.122434616088867,3ffa8db4652cff8b8492bed864300445,608-01-09040-07726,20211118,115906
588,0.0,dd93729bee85d00314467c8bad121f04,608-01-00720-09489,20211118,43235
56,6.109977722167969,aa964d2b8fe489fa923499bbc5938a3a,608-01-09036-25622,20211118,113414
405,0.0,9187c046fd5570f00ebd69c3b7e18070,608-01-09010-18043,20211118,161944
442,0.0,c476b7a90ceed08e97d4f151c882c729,608-01-02026-00001,20211118,113304
757,0.0100784301757812,c320a7d586b63a1b7176d3065b9e9f87,608-01-00461-00005,20211118,43830
997,0.0001745223999023,af814cf20db03d7d9166e788d3218377,608-01-09003-43891,20211118,145057
24,19.507737159729004,37193ef8835c3665975dd83c1c5e455c,608-01-09025-00052,20211118,215041
467,0.0050106048583984,c6f3fd5d67968b54d34efe247375809c,608-01-01173-00003,20211118,223512
539,0.0001678466796875,8c8ef10aff0504c61eee9ccc281c1ceb,608-01-00715-09672,20211118,171121
531,55.20751476287842,e2960e4df77f8e2e8dcf639c393f6885,608-01-01037-00002,20211118,122554
618,14.543296813964844,fbd1d43165e987c29d0fb2fc77717bcd,608-01-00452-00002,20211118,22425
694,50.31515979766846,494e217d6b7351809dbdbb692616e11b,608-01-09032-03006,20211118,144307
926,0.0067224502563476,1e405e53f171443772b145cf5bc5ab76,608-01-00411-25301,20211118,35516
338,0.027409553527832,c26ef3910b88ba4585c5f05f88f6b1ec,608-01-09040-25082,20211118,22828
51,2.5686111450195312,b774f3a9ecd79a4c864df55bd25e33aa,608-01-00408-00002,20211118,74833
507,0.4838943481445312,24ed0ca71b5031aecff59852b51de15e,608-01-01168-00006,20211118,160124
516,1.086897850036621,dac3afcf62d89424a0b91842ea2b6947,608-01-09000-00253,20211118,140803
920,0.0,a3934bc0c0c1f7460e8011acfe063387,608-01-03305-00001,20211118,163510
781,10.229377746582031,cf65a9c5afb1608e732f6211277ca7f0,608-01-00659-00001,20211118,221622
264,0.229095458984375,b7d656080bc1d0c55200240f9cd4b2b9,608-01-09030-53953,20211118,212303
817,35.28958702087402,94feb195fb2a8601a72f0fdc043d018e,608-01-09036-17031,20211118,143833
710,0.0,0974a5ef76b01233746eb96a8f3b63cc,608-01-00083-00010,20211118,192623
682,0.1404438018798828,d1b804562422bed465f8ad3289cda430,608-01-00207-28031,20211118,162542
832,0.000152587890625,103e8e01450a924988888678413eb2fb,608-01-00601-24845,20211118,154221
518,0.0333471298217773,21db51926e0129feba8258c05ed4b349,608-01-00064-00011,20211118,185900
447,0.0,0f66f9435031a9e32b52967c2b4b4576,608-01-00025-00012,20211118,102646
18,51.412320137023926,9784c757253a5fe51828095e66823e52,608-01-09010-02616,20211118,224444
715,47.96911430358887,ae4483b9b6f8024c49e43052559ef6c6,608-01-01157-00010,20211118,180654
483,0.0001516342163085,bb2c867cb5b6cbb4227ee782f0541853,608-01-09043-34121,20211118,73931
568,0.1142759323120117,3ef494c52f2a5862dd53ca15d37aee46,608-01-09040-25079,20211118,80207
433,0.7632923126220703,497a474dbeca31f5fe19d1dae7195bad,608-01-09001-04040,20211118,202617
367,24.145343780517575,fbd1d43165e987c29d0fb2fc77717bcd,608-01-00757-00003,20211118,170324
83,0.0,a1c869de2c3d2f72244f6bb65445c1e1,608-01-03344-00001,20211118,123534
61,0.0,ebc2dfdf67bd18f4f3db4f3005af1495,608-01-00461-00004,20211118,140553
638,0.1126184463500976,06638abf5f33a4aeed468296a498ca9a,608-01-00981-00003,20211118,204849
272,0.0027103424072265,1df4eb11bb7a35a9a9c4f289ddc0991f,608-01-00757-00002,20211118,85956
285,0.6669521331787109,5b2d2d1b16c8e8a52174fedcaf934906,608-01-09020-25003,20211118,105306
360,0.1630611419677734,bf6b2a0300c7ac52ff86d1b188aaf635,608-01-01037-00010,20211118,165312
354,0.0119705200195312,1ccfe5d920b329bd1dddcfe4b34857fa,608-01-09031-31813,20211118,145145
456,0.0115957260131835,f35a8d3d2524e507fc28f571fe116286,608-01-02105-00012,20211118,132940
278,0.0,a3934bc0c0c1f7460e8011acfe063387,608-01-03305-00001,20211118,152632
12,31.72817611694336,d30b0ef32d0b8aa9713f0def2e20d56c,608-01-09040-25135,20211118,205343
182,0.0003280639648437,4e8424f295f449b21e3d73042abaab63,608-01-00066-00006,20211118,75024
368,0.0,88668550ae9afc45cfeb0ea8da86dce6,608-01-09032-10019,20211118,101019
881,0.3724813461303711,51a4f77a72cc450b1ee02500945e14bc,608-01-01648-00012,20211118,163055
615,0.0003471374511718,830547da5f671a23f41a6ab5203145e5,608-01-00140-00011,20211118,235906
223,1.6026954650878906,4918466763967b601051a939bc0f3470,608-01-30202-00010,20211118,201625
572,1.5353279113769531,711c3478c7383101d17185be7c81f874,608-01-00045-00002,20211118,182929
970,0.0642900466918945,7c853fd95c26d04af864f47de4a792f0,608-01-09025-00051,20211118,60052
653,48.62996673583984,e49e425b31221e9547f8312ccb62af19,608-01-30146-00001,20211118,92430
545,0.0,a3934bc0c0c1f7460e8011acfe063387,608-01-03305-00001,20211118,72612
582,0.0,bf8034baf34b2753ed674340f75d8afc,608-01-00281-00010,20211118,105242
633,0.0391750335693359,36f0699e8589fa1ccfee38118004607f,608-01-09040-25075,20211118,130909
176,0.0012741088867187,9e6d093812a5cb172d90ddf3270bca2a,608-01-09023-44951,20211118,21913
665,0.0,a3934bc0c0c1f7460e8011acfe063387,608-01-03305-00001,20211118,195633
673,0.0436210632324218,d36a749f1253b1c5932eb8feb2d5a557,608-01-01404-00006,20211118,143742
585,0.0,b27f647073bb835753a4d5f3e1ffaba6,608-01-00983-00008,20211118,195854
873,0.0118074417114257,65d598d1cf53dbf563a24f13e4cb5f7a,608-01-09036-43164,20211118,184720
393,1.931499481201172,e99dbd8985bdbbab4dfda3c074ac1710,608-01-00025-00010,20211118,82508
163,0.3153982162475586,66448d7a971253410e07df1e95fa6220,608-01-00758-00002,20211118,221838
248,2.0261058807373047,52d3a41fb8230f5cde51ffd144729352,608-01-00378-00005,20211118,134606
634,0.7789106369018555,21982e52914ac3b53df77b81293cc180,608-01-09040-25133,20211118,233242
885,0.0,1d25e1259bc60b36689e572b8d1867f0,608-01-09003-00142,20211118,135929
669,0.0001678466796875,91dc8a8de4546c8260a9297133c7349e,608-01-00715-09671,20211118,64545
375,2.0476551055908203,42facd1207e406705b12efdd0275c7ae,608-01-01158-00002,20211118,184346
412,0.0,4487583d47538e20f89b535f7f8bc620,608-01-02971-00002,20211118,231512
74,0.0039653778076171,dd4625be840a356321134ca5eaacac22,608-01-09025-00058,20211118,14455
113,0.0007286071777343,d0b58e015aa74fe8c829bdcd981ac28d,608-01-17505-00003,20211118,121526
598,1.0045042037963867,e6f8221f36d7487f85348266c747257c,608-01-09003-33152,20211118,203443
961,0.3461437225341797,83b30cd78587afa9007624cb4d75193b,608-01-09030-53953,20211118,225135
390,3.1504812240600586,3eb59b2476a111abf154d10f1a687cad,608-01-02851-00002,20211118,95734
104,0.1058912277221679,ad94d04e1c652f42158a56d8eeb62ce1,608-01-09028-18071,20211118,152713
114,116.56168270111084,f97029b921ed8301c38b510821af9dcd,608-01-00757-00005,20211118,40616
417,0.1715173721313476,07ae9f11ca792c483dbb4c945762221b,608-01-09000-18882,20211118,221705
525,0.5108213424682617,5c9cf8e4883e63edc7ca74e5aec7344d,608-01-09000-36573,20211118,122458
457,28.449671745300293,d3d1432890b2fbe7411560ebb27171a4,608-01-09010-02363,20211118,73109
409,2.8618297576904297,74f6103b0eea9957fd4a37c6c0822575,608-01-00140-00011,20211118,141030
92,0.0,50485912b8a381046e5d0d55b77e039f,608-01-00704-00003,20211118,35318
930,13.18173599243164,2abee29166b55d099b03ee1ec619ba02,608-01-09036-28481,20211118,131612
89,0.8023777008056641,67d16677236579c0242ecf08806f9978,608-01-00381-00002,20211118,174508
336,0.7592830657958984,0ccb99ce9cf0cf0420c2e5d2774d3988,608-01-09036-25618,20211118,80215
988,0.3089780807495117,4d6f391566b36d06c9952d003ebe0289,608-01-00753-00005,20211118,194242
921,0.0,a3934bc0c0c1f7460e8011acfe063387,608-01-03305-00001,20211118,205624
933,5.718931198120117,d598d044e8a9176ba3609b9a75be66aa,608-01-00701-00002,20211118,184754
605,0.1311674118041992,b3abc4b63dfc034036c106e59f85bcb3,608-01-02080-00005,20211118,93808
593,0.0058927536010742,5a6eb8f0ab38d6d2d511bb70d632fc30,608-01-09036-28873,20211118,190122
611,4.773284912109375,c9f1972f70259c15aa277ea0d099b0b6,608-01-00083-00011,20211118,191343
94,0.7909717559814453,51ab5fbccb2583ffe41ee4721f1c6cd1,608-01-09040-30363,20211118,120724
11,0.0,c9c9487320b699459ba402015a08cd24,608-01-09036-25611,20211118,185932
396,11.39897918701172,0e4bb853def793f410c49e2276be144c,608-01-00047-00012,20211118,172149
533,0.0055618286132812,666e0f72f44975fb6b25874f79c23f52,608-01-00712-04911,20211118,160415
43,0.0,ee517d081ecc04739e28e070e05a874e,608-01-00985-00004,20211118,160410
42,0.0,ee517d081ecc04739e28e070e05a874e,608-01-00985-00004,20211118,120007
329,14.423434257507324,c63c7fda104cb3d76807a1a30c4eba6c,608-01-00074-00000,20211118,94745
167,0.0283384323120117,658e24d9a4748738f67397384c73eea4,608-01-00047-00000,20211118,101304
497,0.1541652679443359,e0f02c5bbbec5d39f696bdf158830523,608-01-09043-26964,20211118,201214
876,0.0,5e863b7d7c6c2a5cba8044c3983d23f5,608-01-09000-03941,20211118,122036
597,0.0,1d710c8cb47df6d0dc3036d5eca78cca,608-01-00045-00001,20211118,81659
756,0.0415983200073242,28d9376e148f23c9eb2e9b628f60d7a7,608-01-00062-00007,20211118,172225
100,0.2881593704223633,e8af3554dcef95ae4f73a30db39519f5,608-01-09017-45603,20211118,143828
426,0.3791942596435547,47752186b9cec2337d49f37874c0b51b,608-01-09043-26964,20211118,182647
178,0.0184917449951171,c28779e07aaa13fbd744474074b7936c,608-01-09040-24998,20211118,163047
444,0.7279739379882812,15f1d8bc71941ace090c94d58b1b8789,608-01-00045-00001,20211118,211708
416,14.561676025390623,c913e143b250c09b89376da91eeeb668,608-01-09040-30251,20211118,231729
870,0.0,3463a85869d2a28cb22e1ffbfa3bf0e1,608-01-00296-00000,20211118,120717
882,0.0280666351318359,a8b1053c393c7e160d55bf9fd452e331,608-01-09003-01569,20211118,222958
680,0.0,19878aeee4044bba73e4c08c32d00fcc,608-01-00551-00006,20211118,72414
177,9.765066146850586,cf63915ba6c352f8698ac7552fae6982,608-01-09025-19272,20211118,234035
395,0.0735225677490234,e488d9c9e5fbbba1a84be2613e209686,608-01-00451-00000,20211118,182740
911,3.151301383972168,05c38e144dc81cbb63c6c25a8445da78,608-01-00465-00003,20211118,224919
793,0.0,492f2dad98764ccd281cf7030bc65ec9,608-01-09030-02050,20211118,213736
960,0.0,577fecc20a3d029267e516beab810679,608-01-00140-00011,20211118,193417
684,1.146867752075195,2cab24e65f5adf5261a95b95c8e7c0ff,608-01-09005-15034,20211118,194014
383,14.246439933776855,f5f4a5637a78f19b6ff28797328d5180,608-01-00020-00003,20211118,122630
956,0.4904556274414062,3a5ac76f6c2ff34157af4683608d2f26,608-01-09040-24995,20211118,115422
751,1.387019157409668,f7a14033167ab1956ddffeac4068dada,608-01-19388-00006,20211118,3
257,15.64165210723877,31834f223f1d34353efb6d103fc1f4dd,608-01-01173-00006,20211118,114544
538,0.4015779495239258,584b350b9067297693b0fd16ae581785,608-01-00701-00000,20211118,173053
335,0.4905309677124023,709440a718fedd50398d833d23c2dab1,608-01-00281-00010,20211118,135811
15,0.0001182556152343,f16adab87b985208975dc8907408c45d,608-01-00601-24930,20211118,184618
324,10.87473964691162,ded92e908e22c7414c66c3678c59d9f7,608-01-00659-00006,20211118,125925
758,0.18878173828125,93f4ae299eb82a35f707afbcb44baade,608-01-09003-39621,20211118,194742
222,1.897003173828125,cdfb0e0f9de092f43649d317269f182f,608-01-09000-00294,20211118,104823
179,0.0,9a61bf4e6ea413accd677caa0fb8e427,608-01-09000-19021,20211118,214614
983,0.0001296997070312,cac91d3ca9e4578a220b4e36dc7eb66a,608-01-09003-02627,20211118,180534
22,0.529632568359375,56baff808a2c29d5a29ce9530db224ec,608-01-09025-07455,20211118,221731
356,0.4984092712402344,d98e93bfd55a993cd30a0a60a4495f11,608-01-30205-00012,20211118,182800
666,0.0,a3934bc0c0c1f7460e8011acfe063387,608-01-03305-00001,20211118,210025
861,2.711122512817383,6f87e7ebc3cdb441c4bb8aafb9b8800f,608-01-01132-00005,20211118,133831
340,0.0037174224853515,c26ef3910b88ba4585c5f05f88f6b1ec,608-01-09040-34762,20211118,211340
431,0.0,a3934bc0c0c1f7460e8011acfe063387,608-01-03305-00001,20211118,40156
551,0.0783758163452148,554aa153003fd0139bad538d9ff91ad2,608-01-00715-26079,20211118,143018
833,0.2354469299316406,68c9cbd3aa592b1209a214a81dea4127,608-01-09034-11904,20211118,135759
203,0.0606231689453125,0860b86dac8608271df3ba3a7b635f52,608-01-00140-00011,20211118,183249
630,13.41395378112793,3ae7865f4888f30cba73c7f03de0b498,608-01-00918-00000,20211118,224751
93,0.0027141571044921,50485912b8a381046e5d0d55b77e039f,608-01-00704-00003,20211118,152533
558,0.0,d33aeb131d4060d748b957a92e9fe3a3,608-01-03244-00002,20211118,173731
68,0.0051765441894531,2884102afd19bba2af614ad32c836c14,608-01-00658-00002,20211118,121018
622,0.0040788650512695,18556a5be887e7f73d85eb68c409e0bd,608-01-00659-00001,20211118,202810
284,0.4042472839355469,2abee29166b55d099b03ee1ec619ba02,608-01-00408-25292,20211118,223605
844,22.23634529113769,6ba4fbb5171d6d667145e739ac62349e,608-01-00701-00005,20211118,141338
434,3.87530517578125,9203789f06fd1bd4efc6130d86dd2dc3,608-01-03311-00002,20211118,163338
153,3.151153564453125,d1b804562422bed465f8ad3289cda430,608-01-09024-59873,20211118,172429
75,5.882478713989258,a29dace4b04da630de584ad20dfaa352,608-01-09010-55975,20211118,234723
730,0.1141338348388671,1d0b066301189fe4ad290f6a78eacc59,608-01-01208-00017,20211118,170811
446,0.0041522979736328,8bd7ad94985b14bd59597d9ed272e834,608-01-09000-03945,20211118,221743
188,0.3282623291015625,f741b2d7fcb6c588663f591b7a16c3a1,608-01-01150-00004,20211118,165931
271,6.774649620056152,bf51f165184f4abfc0171f4f3d7a9a4f,608-01-09036-17038,20211118,200338
236,81.53729724884033,b9db7f978ed442ee27dc4c2dbb1fecfc,608-01-09004-30741,20211118,173228
487,1.1498613357543943,e0e553f8cb0ebd1b5c06fc87b347e63e,608-01-01146-00004,20211118,142452
117,26.224666595458984,e0c447373df1be1a618ff91ab9e0e4dc,608-01-09013-05610,20211118,175043
943,0.0,53e6f60944a327062be463b84205cfb7,608-01-30062-00001,20211118,75259
512,0.0991907119750976,8dd52d0e6927160241db98d3965341ab,608-01-19389-00006,20211118,153700
825,0.0,07d174fd0c0ac9a2f0b74eca59e00e99,608-01-00313-00002,20211118,233030
591,0.0595483779907226,e9d8244e2757e5680f23816f573b7a00,608-01-01018-00011,20211118,82443
126,0.0,a3934bc0c0c1f7460e8011acfe063387,608-01-03305-00001,20211118,123414
116,0.0,0205c71645a7b14b3f2e8773e8650df7,608-01-02080-00002,20211118,35553
473,0.0,5ba388bb6736f12890c8eda8116a2a1c,608-01-00700-00004,20211118,111022
693,0.0,dad70cc30a4afe2146ac2e97b2a7c6d3,608-01-00715-09672,20211118,151736
57,0.74359130859375,ff13f1791885bcb47d33004f363fe120,608-01-09036-25618,20211118,150456
863,3.57082462310791,93ff5dcd6d02fe809d3f6afddec040ec,608-01-09036-25612,20211118,104656
912,0.0002355575561523,ac9c8c0e9615ab89d379927a525c88a8,608-01-02902-00004,20211118,72221
369,0.0044641494750976,7f67109bf245d084d6e2f006af5a41c0,608-01-00008-00002,20211118,234435
268,0.0,4863c91e7ab9a3ed2da01d66905e9090,608-01-01151-00001,20211118,131846
46,22.16115474700928,9713569eaa7d395300835a7616a15781,608-01-00829-00010,20211118,191925
349,0.0,ecd9b576104a181181745633916fc29e,608-01-30311-00002,20211118,914
195,3.140028953552246,32a4960a36746d6d42ae9a545c106c01,608-01-09036-17037,20211118,211055
999,0.1690855026245117,9bd55c7ae39c5f8a34cafbf46c856961,608-01-09040-30371,20211118,223521
834,14.30123233795166,ece17404a2ffa929a8f12316c138aa3a,608-01-30205-00012,20211118,92625
736,14.020099639892578,5f7517abf1511f148d374f56dcd5cf44,608-01-09000-03943,20211118,145417
263,1.292877197265625,4487583d47538e20f89b535f7f8bc620,608-01-01191-00003,20211118,174721
443,0.0016450881958007,56e56c5082219b8a726b06f5ccc173ef,608-01-01811-00012,20211118,163436
675,0.0090970993041992,8a3a4b692002f317bea4d36f7c085fbe,608-01-09036-30532,20211118,74556
304,10.118796348571776,54d57b01b5a8e7d12990efecf8930776,608-01-09031-22001,20211118,114843
341,0.1035022735595703,18bcf235f92792c225edfcd81e623f0c,608-01-03040-00004,20211118,81254
966,0.0,7629afa5c8148d6ab12998041bfa46de,608-01-02984-00002,20211118,180839
149,0.0926218032836914,15be7154bf3a4f2d1e727f9852eacacf,608-01-00462-00001,20211118,143746
124,0.0,a3934bc0c0c1f7460e8011acfe063387,608-01-03305-00001,20211118,45122
786,0.0,a3934bc0c0c1f7460e8011acfe063387,608-01-03305-00001,20211118,1819
50,30.0073881149292,4961893b363a93e4ca5a54ea82831815,608-01-00466-00003,20211118,195148
353,1.071197509765625,dd3ea618205bab35310607417f220859,608-01-09036-27931,20211118,190939
927,0.1314125061035156,24151598920554dea395bcf499bc243f,608-01-09036-30533,20211118,114029
142,2.983456611633301,dd39fcd623c426f6abd1360a47473b54,608-01-09036-17033,20211118,110518
470,0.1759901046752929,31ca7401429c0dbcb08fc1b67347b0b0,608-01-00308-00011,20211118,181626
399,0.0,2304bf26c51e0695287b316fc73c2575,608-01-00658-00002,20211118,104837
625,0.0,773cb3dff1dbaf9faf6dfec3385905f8,608-01-01158-00011,20211118,184429
320,0.0494146347045898,fe879e7aca755972986b6447f3940ebd,608-01-09043-34153,20211118,150727
19,0.0018177032470703,f6d011ad8e6ed08e487ea668476f0d6a,608-01-00408-25296,20211118,180810
809,0.2489948272705078,dce5cd0df45c125c3479dc49cd09006a,608-01-00047-00012,20211118,221936
790,0.0,a3934bc0c0c1f7460e8011acfe063387,608-01-03305-00001,20211118,142510
808,0.3777847290039062,203049540ea164d625d6173e668c3e13,608-01-00453-00003,20211118,114035
407,0.1723079681396484,96504c1be9850bcf7ef134c37429914c,608-01-03534-00004,20211118,113046
537,0.0,1a91bb9fc5b58d20db9edd4c13262bd9,608-01-00451-00000,20211118,185908
620,9.20691204071045,35a9d7b65c634aa14ea5c381a9cdb5e2,608-01-09036-28481,20211118,123724
38,4.200262069702148,8fa054d2d5c642d0c9d96bdec64ea3b9,608-01-00451-00000,20211118,114230
175,0.0001487731933593,403f9415083a905cc6b4362c50f9f18f,608-01-00715-09672,20211118,211327
245,500.00060844421387,c83fde5bcc502f5bd788ba7797675ec0,608-01-01025-00002,20211118,233130
828,0.0003471374511718,529c11c667bc224d9c8cc302c43680b5,608-01-09000-03941,20211118,195625
667,0.0,a3934bc0c0c1f7460e8011acfe063387,608-01-03305-00001,20211118,211708
754,0.1561613082885742,6bbd6e8178c72a6c069319a8a99a800e,608-01-00026-00006,20211118,164145
858,0.2888383865356445,c6f0d22fc506bab022b42888799f5b10,608-01-00467-00005,20211118,130759
154,0.0014533996582031,9b7f38d47e9c9e961b154e77dd158e6e,608-01-30106-00001,20211118,185850
287,0.0001678466796875,d86da046283165b23193bad59f948a3c,608-01-00715-26078,20211118,133353
602,0.5038938522338867,d3b73d373a99815fc50a359d897ab383,608-01-09040-25048,20211118,132736
569,0.0,7e487aedaa39287722e7e0c8fdae83c2,608-01-00429-00006,20211118,34745
743,0.0040082931518554,01b57a5848ed9e784d3cbb3e9a57f085,608-01-00981-00003,20211118,204248
17,4.014360427856445,9784c757253a5fe51828095e66823e52,608-01-09003-24481,20211118,181554
127,0.0,a89c8d981f77c4800cf084a5e8cdd74f,608-01-00408-25430,20211118,205413
322,8.538869857788086,6671447229e5ecbe0ff3252af09e3300,608-01-02034-00002,20211118,183659
255,0.3605155944824219,2ec071ce785f74b54dad03cb000a7aec,608-01-09001-17313,20211118,142632
657,0.0389690399169921,188398b2193388af24d4cf97a8a7c3c2,608-01-09043-34153,20211118,233029
964,1.451629638671875,51a4e58b5e9cb6de035eca74ac4e252c,608-01-09010-52226,20211118,125541
190,1.578460693359375,e30347f4a411e8e271f9d9f34af6c701,608-01-02906-00001,20211118,182722
115,0.0,080d2a613004d9d2ae935c0ac3fc7291,608-01-00983-00008,20211118,212624
616,0.5917730331420898,eb991e2a02f97085a7b8c18fc26f4609,608-01-19389-00005,20211118,135839
606,0.2212848663330078,1adff5404091e01bd63dc6387a106b0f,608-01-00468-00001,20211118,112313
180,0.5480537414550781,6d1f44dbf606dee57ccba96375e89e75,608-01-00601-24869,20211118,193705
301,2.974100112915039,177b43950d9607f8935cc9d4e91e1f69,608-01-30062-00001,20211118,103556
759,0.0,a1c869de2c3d2f72244f6bb65445c1e1,608-01-01059-00005,20211118,110854
712,0.3078823089599609,b13f5e51ed65806bdedac29ac910e2f1,608-01-09023-34021,20211118,152113
723,0.0,b3af3182630eda7479d93b7faab4b400,608-01-00456-00003,20211118,152820
685,0.0,88761188bb2d1a976dfb2c11d8725471,608-01-09040-30323,20211118,161920
979,0.0,1bb3454eb73835962afa8f852f7227b8,608-01-00043-00011,20211118,154234
517,0.0189790725708007,2488f3c5942ffa236aae2937cd80988c,608-01-09040-30253,20211118,71535
984,17.518488883972168,a6a9a897a10fdd7a1408242a2b36d07d,608-01-09036-21907,20211118,221854
45,115.81057929992676,048c320dc4c90a7c0fc3e5423e96f304,608-01-00983-00010,20211118,120441
909,0.0,753008814c0e7172613c0cf7472ee39f,608-01-03528-00005,20211118,203441
157,1.327754020690918,44f823f38115e1daeee54dd69ebdd43e,608-01-09036-28481,20211118,93511
851,2.3675107955932617,9fc3f6aefcbe6de5de66fd766c824671,608-01-09003-17981,20211118,141624
171,0.0,ce787721d00e378e6e1660bb0eba14b7,608-01-01771-00006,20211118,123403
16,0.0,4bd8b8c262c4e936a4b9b038de5c4552,608-01-00469-00002,20211118,211510
511,38.3298864364624,4ade505975057aa89669f59e7337acc8,608-01-09040-25121,20211118,153934
48,0.2643070220947265,d4615eb9d4e8aff554ac4e3684a00c87,608-01-09040-25131,20211118,194906
971,0.0,5a1412f805cb07f0e9bbd9e922c8a742,608-01-02966-00010,20211118,141405
940,0.0,6aa0e2558a95e604a3e51669b7d6fa85,608-01-00758-00001,20211118,191127
515,2.8579158782958984,f497242b926ffed6a8dc5abe7c37ac11,608-01-09000-00737,20211118,80053
952,0.0322275161743164,679daed2ab86f6e1b3dfb3fa8d9f4079,608-01-09010-33221,20211118,132409
480,0.0,66f642b0cd2757b5f5903dc3dbe056f7,608-01-30202-00011,20211118,15058
283,2.479496955871582,f9e6f183ef827a66cdbfb05577c1ef0a,608-01-09003-43881,20211118,111120
718,4.450932502746582,a179e4fa67d30ec0f6d0d9170a42f5e3,608-01-01092-00006,20211118,74014
877,0.0,c3899b17b5990bbd9eaa618464d57670,608-01-01397-00004,20211118,130530
225,0.0,0094e5025a8051fb64a0b916330e402a,608-01-00983-00008,20211118,114816
26,147.24923133850098,6bbe286bb5224611aafab4773c15cbeb,608-01-01863-00005,20211118,93826
954,0.0,85a372e0f6e0312ed5b2daf13767d32e,608-01-00465-00001,20211118,44332
437,9.20128059387207,009d3fc8b0335dbba4cad00aad09fbcb,608-01-09036-25629,20211118,155136
951,247.89622592926025,ecbb04f10ae2fa21aef11715e59ea8b6,608-01-09030-02089,20211118,230728
364,0.0,9c49c4e245bed865f76b987ae80971fa,608-01-00313-00006,20211118,84035
229,0.4076747894287109,a431fbd78a2eba2447f0a37dd69f56dc,608-01-00983-00004,20211118,171726
37,0.0,10f160750a86d426b7c58ab63b6e40ca,608-01-00083-00004,20211118,190445
965,0.1723585128784179,fd9d9a2125652aeda2880126303edf7d,608-01-00712-12344,20211118,142021
374,0.4737730026245117,1a479823ab8dacdbee8c7e5a7681bae2,608-01-00752-00003,20211118,205418
469,0.310276985168457,ae4483b9b6f8024c49e43052559ef6c6,608-01-00313-00011,20211118,163150
967,0.0046339035034179,cdef8479e0035611fd2460c45270b1f5,608-01-00821-20242,20211118,163545
850,0.140538215637207,a95b7c5c5eb27b2b6fa6fde1b5990125,608-01-09036-54401,20211118,231346
704,0.0001487731933593,403f9415083a905cc6b4362c50f9f18f,608-01-00715-09672,20211118,90827
841,0.0,1a88e608ba6d397d30197218935b0664,608-01-01418-00005,20211118,145555
194,0.0,4d6f391566b36d06c9952d003ebe0289,608-01-00452-00002,20211118,160919
854,0.0,319db666b2adf2af06fe44dc192031d0,608-01-30205-00012,20211118,131752
864,0.0147981643676757,b7e497d255474599adc885111df97d8e,608-01-00753-00004,20211118,105048
503,0.0,63abeff91fe7fff6b1739fadabf9827b,608-01-09040-24994,20211118,123957
969,0.0994825363159179,925cd15f9b85e773c679301c88c315e3,608-01-09012-28523,20211118,233959
830,0.0707845687866211,cdb55ba6e3460c4eef1410b03a8dd593,608-01-00408-25294,20211118,153541
579,0.8931713104248047,f293f2dd2fb9a8bf08d2ac4e9640c6b7,608-01-09010-05399,20211118,134436
968,0.0013771057128906,bd957b3c8f3db57b43713fea39c252d2,608-01-00045-00000,20211118,150142
162,0.0001487731933593,de1acb9b21cd038199c9b0f5c84fdd57,608-01-00715-09484,20211118,223447
908,36.83192729949951,9d3b714cd8366ae3e68cfd9c3ae4f1c2,608-01-09040-30211,20211118,115515
152,0.0,d47b9e16cb1126cd582f2af274f32261,608-01-00047-00010,20211118,171853
801,0.0,55c4ee7d257145051a894632799d530f,608-01-00983-00008,20211118,201935
993,8.80308723449707,4961893b363a93e4ca5a54ea82831815,608-01-00755-00001,20211118,192401
755,10.36626434326172,934d1fa7c36f959bb1c10e7490e8882e,608-01-00701-00002,20211118,233730
111,0.0050535202026367,188398b2193388af24d4cf97a8a7c3c2,608-01-09043-34153,20211118,51057
226,0.2285442352294922,b9a453ca342598b9639c0f90a34697d7,608-01-00007-00011,20211118,155628
688,0.0121212005615234,1b898ec6d89f33145efd4877f0d208f0,608-01-19386-00004,20211118,144357
103,0.0500974655151367,74f6103b0eea9957fd4a37c6c0822575,608-01-00083-00000,20211118,182837
421,3.071125030517578,48ebe0b0b4457d29ba1f7a3fd087bbf1,608-01-09002-47985,20211118,131007
419,2.025928497314453,8e03c6bc7fa52eec51e85b76426d06d1,608-01-00701-00005,20211118,71902
750,5.604496955871582,0f86ad00c802c613bea297f5adb288a5,608-01-09036-15783,20211118,143910
586,0.0,baab876316177ea6a43596eb18e3a135,608-01-09025-01073,20211118,195936
780,0.682682991027832,637cdaa5ce891134d11cfe9e2583a9e2,608-01-09036-25615,20211118,92350
672,0.0714302062988281,31e0e4beb81a695c704f03764b242dd5,608-01-09036-41211,20211118,81928
119,3.210555076599121,6f4e8978e1eb4dfb7bdb71ecbaf5e130,608-01-09036-41201,20211118,13521
53,0.2618818283081054,4cf9469c58b246976d0261297b9eda1d,608-01-00007-00006,20211118,213606
151,9.933638572692873,5e769b3d9d78d4eda353d34a5f75ecbd,608-01-09030-03071,20211118,134956
403,0.0,dafb58ff523ead67e0bfdef97638f153,608-01-00983-00008,20211118,104019
945,0.0,02c3a107d9efb717fa21c57f51df9f9c,608-01-00079-00012,20211118,131407
207,4.17930793762207,8cad5a9d591413a204c943e61326a166,608-01-00659-00005,20211118,80650
658,6.518047332763672,333cb980826dd9410bc71ec062b71900,608-01-00041-00010,20211118,204357
843,0.4285745620727539,ff0335a05dddf02b8f1519413fd20c8e,608-01-09036-25622,20211118,72136
762,12.470575332641602,753e1db814ddf5ef577da061c236a537,608-01-09040-24993,20211118,233527
8,0.0,cda02776eecf426b6cbaa9b9319ba5b9,608-01-00658-00001,20211118,190240
807,0.0,68e403824ac38813db064abc47cdd345,608-01-00347-00011,20211118,194933
36,0.0,961f9a038a5ae1ce652dbe4de0e74d8a,608-01-00981-00000,20211118,235152
452,0.0,e2f714f03287acada11066bf21b5076d,608-01-00715-09671,20211118,212224
651,0.0,0e55e4acd31a53063715ac1a62f2f37e,608-01-00701-00002,20211118,114927
253,0.0,091d6de9799a4436022258395c41b446,608-01-09000-00256,20211118,105027
303,5.511078834533691,19e720c45187ed7fa64c20f4e001193f,608-01-09036-30541,20211118,192625
746,0.0,0094e5025a8051fb64a0b916330e402a,608-01-00983-00004,20211118,105922
571,0.5052471160888672,f22bc30b38713243301ce551f62c1ad4,608-01-00551-00012,20211118,221508
623,0.019850730895996,9d7d87a6b437503b53b7fdc4facbb3b5,608-01-00043-00012,20211118,45329
732,5.847362518310547,380ef8ac70e15fcb85198e0e5cca2426,608-01-03119-00005,20211118,131757
891,0.0,c06b129441ab77b414fcbd51bbbed8e1,608-01-00985-00000,20211118,124902
262,0.0,fc091e1e11285c903febbcb8680f3769,608-01-00466-00002,20211118,120446
610,1.497549057006836,059b30c90e3c641f559fc2fd63dd4a49,608-01-00062-00001,20211118,100033
297,0.009068489074707,ae619bf8663a5debacff54530bd961e7,608-01-09040-34673,20211118,82921
414,0.4161014556884765,da1fa16c81f73997c6f0a1d05cf831b2,608-01-09028-46995,20211118,214311
150,0.0,8f3eddfba1620a58c4bec1bd35903a44,608-01-00752-00001,20211118,35810
788,0.0,a3934bc0c0c1f7460e8011acfe063387,608-01-03305-00001,20211118,63536
640,64.64276313781738,218ba4acb68a1a36ef6823de8d3b2e69,608-01-00701-00001,20211118,110123
889,11.465249061584473,a5744105b8499de240f2ce1094f8ef97,608-01-09028-45693,20211118,151341
550,0.0042762756347656,08b4b4557b6ad1940dff897996e6117d,608-01-00712-13150,20211118,105923
886,0.0050268173217773,7d600ea3d887e5ed5f6197a0e812da32,608-01-00757-00005,20211118,202246
488,18.903470993041992,a01d7bef276c24ffe0f0d43bfa336e11,608-01-00122-00010,20211118,150949
147,61.9480504989624,c8840ed35de8d220d4f2bd98543b35f7,608-01-00300-00004,20211118,203809
146,0.0,3f89e9b082ccad8ebe611e731fd40629,608-01-09040-24951,20211118,182157
720,0.0,b984b11c76b23b53a0941c7b1221d886,608-01-00659-00005,20211118,123119
931,0.0,d86da046283165b23193bad59f948a3c,608-01-00715-26078,20211118,160054
739,0.3520011901855469,0836845ddcd6bed4071e63d6c415cf4b,608-01-01208-00002,20211118,83440
659,0.0,cc95fdb174beb3a2b44e9c026d795f35,608-01-03471-00006,20211118,194712
348,0.45233154296875,a481ec14f5895edc483d5e613aeb7a25,608-01-00226-33159,20211118,200818
463,0.0001487731933593,403f9415083a905cc6b4362c50f9f18f,608-01-00715-09672,20211118,70717
325,0.4078083038330078,8c7343b8f026f15996302cdf3afbaf7f,608-01-09029-02210,20211118,121057
186,0.0,dd93729bee85d00314467c8bad121f04,608-01-00715-09672,20211118,102509
123,0.0,9c250c74b99a3d3c62d872a9645aa3ab,608-01-00985-00003,20211118,212100
853,0.0001792907714843,7ec1adf03fedf4081016b940a31e0c6c,608-01-00659-00004,20211118,181044
608,0.516606330871582,1adff5404091e01bd63dc6387a106b0f,608-01-00466-00001,20211118,190648
143,0.0,143972aa703a40034a98b1fb98f6571a,608-01-02902-00002,20211118,212705
958,6.784603118896484,aecb820c2b45c2b9ae2e437bcd273692,608-01-00083-00010,20211118,194829
197,2.0814781188964844,5cd2676c8fe31fb908b62b6b13ca88f7,608-01-09040-25022,20211118,15218
609,5.099147796630859,f1a2a16a9ec67a61e7bf54a16a164878,608-01-00461-00003,20211118,120431
279,0.0,a3934bc0c0c1f7460e8011acfe063387,608-01-03305-00001,20211118,183629
293,6.042490005493164,ab35b3fffd59050c6f22955049371579,608-01-03611-00004,20211118,125938
400,0.2255916595458984,d53061e16f877f6b4c3b74b57fb1037d,608-01-01196-00012,20211118,163819
122,0.0,a9bdf12ff57e126d2564505aa33e60db,608-01-02029-00002,20211118,234320
183,10.670654296875,42560d8fc9fd64df808e0ce45c49aaa7,608-01-00659-00003,20211118,210757
202,0.0,fdf68efbda44e1d09766218ff584b59b,608-01-00047-00011,20211118,31956
438,20.546242713928223,f778e75e33b4f83fc60dbfa9df8746ed,608-01-09020-25955,20211118,162636
246,0.0,d2efa6faeaa323fff1c527416f6c0670,608-01-00045-00000,20211118,153602
415,0.0,a628f3cb10f6e948f3293aac12581295,608-01-02958-00003,20211118,4544
932,0.0078277587890625,125561f2ed74c99bb5f39fc4b4ceaa31,608-01-19386-00006,20211118,223441
765,0.0,5a2f1257a44830ad23abc58052ef133b,608-01-00023-00000,20211118,144907
906,0.0535249710083007,2b0b63369aa45fa3f7a482f1cd7c1741,608-01-09025-39222,20211118,110456
835,41.08392429351807,f69be3f225d0a35a9f2cf717e94689c6,608-01-09003-33152,20211118,234525
887,0.205327033996582,22cbbe0e01c1c98a8702363d3aa4d228,608-01-02253-00001,20211118,123201
129,0.0,e364c8dd052e24eefa44a17805c47c0e,608-01-01405-00011,20211118,175329
637,0.907672882080078,c21b6357a61ed968bf75448433ad2348,608-01-09036-21908,20211118,44016
402,0.1068983078002929,51ab5fbccb2583ffe41ee4721f1c6cd1,608-01-09040-30363,20211118,91018
784,34.25943946838379,bc4501e0bd99729fce04b51843d77876,608-01-00459-00002,20211118,114902
770,12.69956398010254,4c00187b4b3992af9bd02a922542d760,608-01-09000-00313,20211118,154126
735,155.3310375213623,0948ccfde2c7043cc2dc5facaac7e1a2,608-01-09031-00750,20211118,152936
913,0.2750387191772461,637cdaa5ce891134d11cfe9e2583a9e2,608-01-09036-25616,20211118,144115
219,1.4082527160644531,0515b2f72f9a4eea00ec821cc97a157d,608-01-00467-00000,20211118,112900
641,0.1063976287841796,d8e07775ca89f3bf65ae2ab8af59750a,608-01-09036-41204,20211118,131708
915,0.0,17d5007f673ed32bfdb9b67fe6e6a18d,608-01-00712-05681,20211118,161524
752,0.0,25b385c36a381e30db471ad1216c3f8b,608-01-00658-00005,20211118,163621
806,0.0074748992919921,fe879e7aca755972986b6447f3940ebd,608-01-09043-33961,20211118,193408
919,0.0,a3934bc0c0c1f7460e8011acfe063387,608-01-03305-00001,20211118,82259
624,8.567127227783203,059ba6a03e22508cda550f9d1e556b28,608-01-00981-00003,20211118,82844
874,0.0,a1057a610471f9691264b1d7aa400e5e,608-01-09025-07447,20211118,232423
760,1.627105712890625,8f84972fc2c22ebad18b647ac20dcfe3,608-01-02875-00012,20211118,124643
386,0.0,e3bccb3a371aa6eca62da01270b7b679,608-01-00533-00005,20211118,93723
972,0.0,fb80446d57c54e59e17f01dba12b425e,608-01-09000-19153,20211118,110932
509,0.0217103958129882,a1cd952f5c54610867ce508bf1025f39,608-01-00469-00002,20211118,84316
267,0.0984344482421875,3551b61973f170a7fb72ea1d4b82b4a1,608-01-01168-00012,20211118,165619
819,0.0,6b755bf2a91c6451678d1a1fa3b82229,608-01-09030-03071,20211118,104304
441,0.0,32c36c2f61e08cd4acce9dadca859ff7,608-01-01157-00004,20211118,21430
496,0.0,854824723631273e8e09d7b369fa5a36,608-01-09025-07447,20211118,224651
112,0.0,fe310d308399704f5f54a160f5e1fd7a,608-01-09030-35375,20211118,205756
691,0.0001678466796875,de1acb9b21cd038199c9b0f5c84fdd57,608-01-00715-09484,20211118,223947
232,0.0,60b862973490ebb7ea9f2f4e3fbe2003,608-01-00056-00010,20211118,84432
869,0.3282947540283203,c4c2b51bc5ab1aa8c8452b7177c4c94e,608-01-00106-00001,20211118,145844
607,0.2674942016601562,1adff5404091e01bd63dc6387a106b0f,608-01-13671-00001,20211118,125549
671,0.0,7a398920abe5eabf23fdf140da5795e1,608-01-01208-00008,20211118,124515
373,0.0387916564941406,ad9b61594b0cc55565e981e04586157c,608-01-09012-14844,20211118,144610
981,0.0,4a5c0d2764196c7fb3fc9e87a89938ba,608-01-02935-00005,20211118,141248
842,1.452802658081055,4269115b9317bb05df256226622641fa,608-01-00983-00001,20211118,114947
233,7.550209999084473,c64c3926c2c353959d2f42db579c5bc8,608-01-00357-00010,20211118,174717
785,0.0,35d93d84e12878813887fea64dd55b5b,608-01-00062-00010,20211118,191323
676,27.759366989135746,98dc73902440c773bd57223f13d38875,608-01-30062-00001,20211118,101051
317,0.0063972473144531,8bd7ad94985b14bd59597d9ed272e834,608-01-09000-03948,20211118,162933
648,0.0,f3145d880af03b6a9178c4e780f4593d,608-01-00659-00004,20211118,101906
410,8.625536918640137,3ab1111b1a763d6b6c2207cb1b251981,608-01-00659-00001,20211118,131013
898,4.720800399780273,c9cdd3704d0788308d2599b3d457b2e8,608-01-01208-00008,20211118,172020
709,1.8273191452026367,748d98b157ffa27dc5ef5cc08993048b,608-01-02966-00010,20211118,170916
358,1.2596397399902344,1adff5404091e01bd63dc6387a106b0f,608-01-00466-00001,20211118,160130
258,0.0,c21f368021f8ee2783df21df00cb377b,608-01-00609-00001,20211118,111648
744,0.2111396789550781,9b5cff09e4225f41d6725ed01ac67686,608-01-00701-00000,20211118,81712
627,0.0930452346801757,9ed2602a4c7c9f94c08b57b8af2b827b,608-01-00658-00002,20211118,174425
632,2.452054977416992,a4d7aba37a96b5ce857d64493cfd34fd,608-01-09040-25071,20211118,142545
282,5.996192932128906,c78e461ef5901836b913bfff53825b6c,608-01-03244-00001,20211118,151236
376,0.0,ba8618ef1317ee627354e7c77b78b435,608-01-03477-00003,20211118,94135
384,2.342484474182129,93ff5dcd6d02fe809d3f6afddec040ec,608-01-09036-30532,20211118,154222
224,0.2296705245971679,ebc2dfdf67bd18f4f3db4f3005af1495,608-01-00461-00001,20211118,74721
953,19.50675773620605,121b9025c71ba8670c60f16b4593a98c,608-01-00056-00002,20211118,102541
814,0.0003204345703125,5a1deaf8638649d79d4c6a94cc028078,608-01-00407-30726,20211118,44302
472,0.8914613723754883,960795fbabc20336261df159e67ceb73,608-01-09010-56243,20211118,125558
347,0.0001487731933593,97e15d8b211ce9420b3369c40c1cbd87,608-01-00715-09550,20211118,73105
505,0.7970447540283203,cf227b8ac9af52c32549c1de564b7028,608-01-01194-00010,20211118,201636
639,0.2315349578857422,39477d914b9cbd50e29710bb9fce5f50,608-01-09017-32132,20211118,121415
987,0.0006017684936523,22443a755d2925b6e144800e1c171148,608-01-09003-01562,20211118,233656
928,7.344356536865234,24151598920554dea395bcf499bc243f,608-01-09036-28483,20211118,193915
905,5.019586563110352,7084baae2d112e089bf461d53dd227ad,608-01-30081-00002,20211118,61606
619,2.1412124633789062,9fc3f6aefcbe6de5de66fd766c824671,608-01-09010-33142,20211118,182815
855,0.5346574783325195,9e839d24d52e2a3034936d2adea013df,608-01-00675-00002,20211118,184243
803,5.816608428955078,87b3e009a0c4a96221035160548dad06,608-01-01069-00002,20211118,14242
645,47.39765453338623,1b64f6b03b8741e2da526475320005ec,608-01-00053-00002,20211118,155716
846,0.0,4092537754061fc285cb597fadc2620b,608-01-00658-00002,20211118,205359
556,0.0001487731933593,d86da046283165b23193bad59f948a3c,608-01-00715-07689,20211118,173304
957,0.192575454711914,5749f0ed077576e40a4076ee0e9db338,608-01-09040-24999,20211118,214107
577,1.7244749069213867,eab893d918dcb7bc65c076a515fe9dde,608-01-09036-17033,20211118,193641
795,0.0,7af78d847c18e55e1bb460cbea951a57,608-01-02936-00004,20211118,162046
85,0.0,8805bc695768aca7accca3d29a27da2e,608-01-01092-00005,20211118,200024
242,0.0150375366210937,b561e0e3e83121b023ffcbd721215f11,608-01-00410-00010,20211118,81001
698,0.7996177673339844,56864d9829bae9678a741815f91d648b,608-01-02296-00003,20211118,202754
159,0.0001888275146484,9a9f298a56b97f3f8c8df43a02b51758,608-01-17505-00001,20211118,173048
524,0.0,836e372bc9e22e617121dbc656501ab1,608-01-00983-00001,20211118,111008
35,0.0,d9e2d71aa99c3867b25d1d204e2435fd,608-01-01253-00001,20211118,160710
540,0.0,cf65a9c5afb1608e732f6211277ca7f0,608-01-00659-00004,20211118,13858
170,51.8247013092041,63b8b43df127a397d8866fc9b82644f3,608-01-00659-00003,20211118,171714
654,1.3626823425292969,33596a1c247c81ce678ee4caee698bbb,608-01-09000-07246,20211118,100000
890,18.62166976928711,71c0c1e3debcd452259c3e68fb05a390,608-01-09030-53951,20211118,73630
857,0.7535171508789062,38fcc7ebd5b746b83e5e5e7fb0f5589c,608-01-02927-00005,20211118,140142
847,0.0019159317016601,957d00e1c882c14fc2b517f7e60016f6,608-01-00658-00002,20211118,150329
944,5.4036149978637695,ac9dd34467373ca21d712aa4e01e435c,608-01-01160-00012,20211118,172315
733,1.4683942794799805,81cfee2f5c08d199bb491a7dfa566ed2,608-01-01037-00004,20211118,115407
95,0.0109539031982421,4804b2a3a4ebc542a5c11c5387f69710,608-01-00981-00002,20211118,93606
563,3.2869882583618164,9e138c9b75dfb1144d413a25b5e8c18d,608-01-09025-61054,20211118,110657
240,0.9182043075561525,30e2a7e61cd11a68942d2ddd11a0f283,608-01-09025-00768,20211118,200615
742,43.21264743804932,aed003de8361c1dc38a9c3c09d1bce0d,608-01-00983-00010,20211118,214710
574,0.0066814422607421,a2d00e5b6be4161774768ea38be8d2c8,608-01-00701-00005,20211118,94003
690,0.0001487731933593,de1acb9b21cd038199c9b0f5c84fdd57,608-01-00715-09484,20211118,180516
460,1.2101068496704102,3fe0706e08717b8696971c775cabc2d9,608-01-09030-03071,20211118,75201
553,7.943412780761719,5f1dc40b930d8902bcc47a0fc0b38852,608-01-00313-00007,20211118,205228
888,0.0182008743286132,a5744105b8499de240f2ce1094f8ef97,608-01-09028-05355,20211118,60434
206,9.797128677368164,eb9a2a2358b96d8d3eccf06214baf404,608-01-00983-00008,20211118,191412
392,0.2031993865966797,7435ab648ce06787d44d589e269a0fcc,608-01-00753-00005,20211118,180151
794,0.0025234222412109,19556126472e254b88e32cdf9986fbcf,608-01-09043-26961,20211118,142548
397,1.4168157577514648,fc483bda372253c4aaa0776968fef37f,608-01-00469-00003,20211118,123221
766,0.8234996795654297,e9337fd6461c5ab68b943575927211fb,608-01-00313-00002,20211118,94358
848,0.0051584243774414,dd569b336fb7f39e9d4adfc079475177,608-01-09025-07448,20211118,162828
217,0.0,de736415f088ed2671b92e197d8a7494,608-01-03532-00003,20211118,100159
4,27.851357460021973,f1cc69ed7b488abdef1722346656d4d9,608-01-09036-43171,20211118,100044
768,0.0,826d285e27796ca70d7e8c6f8b3ec7e2,608-01-00756-00002,20211118,20822
642,1.3039302825927734,950d1ab5d12086c3f4b07c3baf50c05b,608-01-00465-00002,20211118,133718
929,0.0,534372ae1fd63eb4107736babc715b5e,608-01-00020-00012,20211118,205816
612,9.079504013061523,6de4b35434315b091c84b5d130023bf0,608-01-00005-00010,20211118,81955
738,0.4219036102294922,0c855332834169dc3962abb13b1d0917,608-01-09036-30543,20211118,134853
546,0.0,a3934bc0c0c1f7460e8011acfe063387,608-01-03305-00001,20211118,111305
725,1.071702003479004,706aa681164869f83d5545e606b9d52a,608-01-00658-00001,20211118,141919
683,0.1702747344970703,f92d3db1505e1a3696855c3698fc9db9,608-01-09040-34762,20211118,133823
98,0.0041875839233398,c9340a8e351b72c7f0f266870679d6b1,608-01-00659-00001,20211118,161301
804,7.614779472351074,6d08c389b6a7bad9e51008624850cf21,608-01-09030-35374,20211118,121042
727,0.0,f35392313ac19ea094d4a4916617bf00,608-01-00313-00004,20211118,40027
573,0.0,3e87ac0de275eebf984cacf61d7f2bfc,608-01-00099-00006,20211118,171854
406,0.0,9187c046fd5570f00ebd69c3b7e18070,608-01-09010-05169,20211118,192046
502,3.4283838272094727,14b76e609ebe6038ded3eaca21fa3bc0,608-01-00045-00000,20211118,51411
47,31.37878894805908,657e68233e59b7d515cbdda43870228e,608-01-00466-00005,20211118,201948
32,1.7620420455932615,90ced2dd0d7df9d5e61f6612832ce7f2,608-01-02667-00003,20211118,93737
779,1.3698654174804688,9ac0221b25b8c671b12ec33b4b6ba66c,608-01-00465-00005,20211118,181511
839,3.0423974990844727,e3eff64b000ae79229a1f4c28e84f4e8,608-01-09003-17981,20211118,195023
200,0.0384845733642578,5cadb2a8ad91fdeb04e50c10b8970eab,608-01-09002-00617,20211118,135917
134,1.2884750366210938,823ce655deb0434557a27807f45e16ab,608-01-09040-25082,20211118,181802
27,0.6718168258666992,08d34c22ffa4c62f1f293888037d0ab9,608-01-00045-00000,20211118,152041
880,106.19717597961426,e895ee47eada079dc3231da2d6920567,608-01-09040-24996,20211118,124811
230,293.1629524230957,cbe2c7d0d74de7c2c00be56d4417d48b,608-01-00313-00007,20211118,22901
489,0.0,31a3fa5ccc585b9d2be69569b69e76b9,608-01-09003-39621,20211118,111033
772,0.0,48489ba18e79ef57c7cea530fb09a6a9,608-01-30202-00012,20211118,201718
378,33.00290584564209,cbe2c7d0d74de7c2c00be56d4417d48b,608-01-01863-00005,20211118,191957
288,0.0013799667358398,d86da046283165b23193bad59f948a3c,608-01-00715-09843,20211118,193551
418,0.0664634704589843,5b94716496afdff7e6c8d8ac9229a8c0,608-01-09040-25083,20211118,190047
674,0.0006008148193359,0f31bcea6f2e503cac8477f289148636,608-01-00469-00004,20211118,152613
391,1.001500129699707,b561e0e3e83121b023ffcbd721215f11,608-01-03102-00005,20211118,203221
592,0.0079813003540039,6c21a8e2c232977f0a171de9e63162e6,608-01-00714-32604,20211118,123136
498,0.0908517837524414,ff8b2ba1a41f1757d830a8eacc4167d2,608-01-00058-00001,20211118,223614
138,0.2979583740234375,7644bd91bf231521cbb91d5f1e756041,608-01-00360-00002,20211118,131537
62,0.0,dc1c0050b48fec0b75e26add110eccdb,608-01-09043-33962,20211118,71959
471,0.0,dd93729bee85d00314467c8bad121f04,608-01-00720-09489,20211118,41942
647,0.1935768127441406,80ec245e886909c8c27b21adc4204f74,608-01-03305-00001,20211118,85134
128,0.7552776336669922,dbd265af213cf964a944c81521725c7f,608-01-09005-63732,20211118,93758
976,1.6764612197875977,bf474df7b963bee0a4781e3e6acf0988,608-01-09043-34153,20211118,190711
520,0.0001001358032226,79d0e2119a49e2fea2e83f051463e806,608-01-00140-00005,20211118,70903
838,0.498575210571289,50d99ac2199f4df1a6b55e5da73282bc,608-01-09004-30842,20211118,151156
962,0.0,df0c97d1e2b033ed7a7d268fa8510f93,608-01-30062-00001,20211118,192830
64,47.6284704208374,c588ce958827eadf660acc1ef422ba11,608-01-07580-00006,20211118,115742
812,0.0001487731933593,403f9415083a905cc6b4362c50f9f18f,608-01-00715-09672,20211118,55017
14,0.0,2507309c03839d2a5a1b2ede3244cbd0,608-01-03377-00003,20211118,114557
156,0.031097412109375,fada5ff2b5c796772da8a810caa3ff4a,608-01-00411-26767,20211118,213711
40,2.793623924255371,19d763851ca976b7c405a8bf1e1cc15b,608-01-00458-00003,20211118,85447
492,0.0,836b9d4d76283d487ff1fad6d1472f6d,608-01-09000-00733,20211118,125810
379,0.0,57b44e5618941f33c3f72967d0bfaa7e,608-01-00985-00005,20211118,132612
187,0.0,f50dd5a35ec862a07a6c0e9c211e2df9,608-01-09020-24877,20211118,184021
763,0.5108146667480469,e488d9c9e5fbbba1a84be2613e209686,608-01-00751-00005,20211118,64318
216,7.597644805908203,27de69fc5afcd0aae529c35a95218506,608-01-00983-00001,20211118,92548
791,0.0,a3934bc0c0c1f7460e8011acfe063387,608-01-03305-00001,20211118,231920
52,23.49004173278809,8b83931603ee8b480a11083eff201a97,608-01-00658-00002,20211118,140047
878,0.3324594497680664,c49654800ba8e428600cd1b65c8d8bfd,608-01-01246-00001,20211118,154721
337,271.12607860565186,31ca7401429c0dbcb08fc1b67347b0b0,608-01-00313-00010,20211118,214930
748,0.3357839584350586,c59d3d2c3462d2e0b9dc499f51c561e7,608-01-01157-00010,20211118,135958
719,2.064050674438477,2cf12b665afc190f7f0ec45a6ed54785,608-01-03305-00001,20211118,190430
724,1.7067947387695312,5ea2ccabb5e600a3b4a0a844790842a5,608-01-09000-00295,20211118,173928
295,2.03200912475586,fe91c9e05a54d08960b5050fe5965792,608-01-09043-34032,20211118,213020
701,0.2176837921142578,40e4dbc20034e790ba4c7e4b84a628ee,608-01-30171-00011,20211118,92426
251,0.0068273544311523,a12e320f528eee243e5b91d0fa113494,608-01-00043-00010,20211118,205137
726,0.0,735e8b5076738e00ec352c727395f21f,608-01-00712-09144,20211118,131603
461,0.0318098068237304,da33d17b9b17c3b5725bd1188e1c193e,608-01-09000-03944,20211118,184058
455,0.0044965744018554,dbc1ff416656303e1a9b1e6168ad1be8,608-01-09000-00731,20211118,112920
996,0.6842708587646484,a6c88679bda8d91d5309ee64be38f764,608-01-09036-06874,20211118,124929
815,0.0003204345703125,5a1deaf8638649d79d4c6a94cc028078,608-01-00407-30726,20211118,75247
862,155.25841903686523,fb124e532a7afe04decd5a5aa9086c70,608-01-09036-25624,20211118,140559
269,0.0,23d74544bf15eed4e911ee88c97c7601,608-01-00788-00012,20211118,220714
201,0.7705478668212891,d99928961b7d1d9e6f7d6fcfe5a71358,608-01-09040-35675,20211118,35404
161,0.0001487731933593,de1acb9b21cd038199c9b0f5c84fdd57,608-01-00715-09484,20211118,180416
555,0.0,2de1b1d2322728ee27f57b0f15bb9727,608-01-02899-00003,20211118,170713
729,40.65878200531006,608b34ce2b93ac242f0b5eb0002a9429,608-01-00306-00010,20211118,95121
401,51.34041404724121,626f729c0d6f4146b5f1dd7bbb0ccae5,608-01-00659-00006,20211118,114055
702,0.0051403045654296,837229eca82d2b4f1d5b37bafa2bb222,608-01-09000-03945,20211118,161442
476,0.0,3521cd8049ae14a38265b7044c82ccf4,608-01-01092-00002,20211118,183542
821,50.15776062011719,d8f435247ea540303cf0f330f7251969,608-01-09040-25121,20211118,140124
771,0.0012903213500976,9fcf87813cb6c1c14ee22ddb2fa683c1,608-01-09020-07668,20211118,100947
105,0.0014400482177734,03bb38e73b016ef7a3670f680826d8b5,608-01-02879-00001,20211118,204229
565,0.0353879928588867,df445d312025a7fb4626a9fecd80935d,608-01-00408-25293,20211118,120035
389,3.46120548248291,8bf5a1e1e3eede8527e7c7b42aec4d11,608-01-00636-00002,20211118,220503
1,23.834603309631348,b891e81a411222ae751325c36ed4b0e4,608-01-00551-00006,20211118,50606
937,0.00177001953125,977b977a5baf5ee0dfcdf15ed55fad7d,608-01-00411-25248,20211118,135416
982,46.88210678100586,5a6eb8f0ab38d6d2d511bb70d632fc30,608-01-09036-27501,20211118,81420
561,3.275655746459961,c6f0eb929c4ee82b1b9f8a544a098216,608-01-01649-00002,20211118,145
80,1.4055681228637695,4bf8df567a250fe05ea8bb2893064bb4,608-01-00701-00002,20211118,204030
205,0.7704935073852539,505fbeb71eea504cc139f7067cea1226,608-01-01208-00010,20211118,135955
34,0.3231983184814453,709440a718fedd50398d833d23c2dab1,608-01-00017-00010,20211118,165702
775,0.0015640258789062,1af4b1a691a182a1846939c260f07e03,608-01-00290-00012,20211118,84756
508,0.4254875183105469,781599ef82ad757eb1dc5744c47a82de,608-01-09002-04533,20211118,210950
427,0.0,9002d18ff2b640bbeae40454b6a03eee,608-01-30380-00010,20211118,180804
454,5.381178855895996,01bc8d765d1b1749f1a989e8599e7335,608-01-00461-00004,20211118,201658
366,36.83029556274414,fbd1d43165e987c29d0fb2fc77717bcd,608-01-00757-00003,20211118,115210
91,0.195169448852539,d53061e16f877f6b4c3b74b57fb1037d,608-01-00136-00010,20211118,181348
339,0.0280427932739257,c26ef3910b88ba4585c5f05f88f6b1ec,608-01-09040-34672,20211118,165048
897,0.0,851c8b2bf77fcb2e1b8a9463fdbf429b,608-01-00083-00010,20211118,195027
564,0.3228883743286133,ec2db341fb378d6a11647198856f7fe1,608-01-00701-00001,20211118,91733
345,0.037856101989746,708acac4b42cc30de349dd09350b9936,608-01-00083-00002,20211118,144054
776,0.723414421081543,07ae9f11ca792c483dbb4c945762221b,608-01-00021-00011,20211118,144750
241,0.2323570251464843,8bf5a1e1e3eede8527e7c7b42aec4d11,608-01-09043-34152,20211118,105039
13,7.66291332244873,082ad39d41e8b4026b44f103131f04ae,608-01-09036-41204,20211118,63534
315,0.5034608840942383,cb807adae9ec8c9bee474af69ad10459,608-01-00694-00001,20211118,122011
600,24.019455909729004,f1137730e8cbe00479f133765c96e2d3,608-01-09000-36883,20211118,195439
387,3.7859373092651367,56a747057d023a8684e116702702e96f,608-01-09040-34671,20211118,140319
273,0.004042625427246,78432b9ae8a6639c85d9db8d52bf4a4d,608-01-01157-00001,20211118,102223
166,0.0,c579060cb283a969001e949cbac9b744,608-01-00461-00003,20211118,22549
840,0.0075063705444335,428bd4933c45fb457d2663f048c83620,608-01-01087-00004,20211118,223710
992,0.0,ce89d93007ecd191946f281ee893a3e7,608-01-01208-00014,20211118,70147
646,441.0633821487427,00c23037b5588d79ceec9952c450bd12,608-01-09040-34693,20211118,112103
818,0.0347957611083984,5475a8282236e266ccc5fc4eec91aea4,608-01-00983-00001,20211118,184129
484,0.0,3bd8b86812510af9b6ac3f48f7ecbf7f,608-01-09001-08974,20211118,184017
980,9.959166526794434,9b1cea67965ca3e00da2af1e274a6319,608-01-00056-00010,20211118,221719
504,4.563287734985352,669dde408816798f42b6c2660d07c7e9,608-01-00701-00002,20211118,91545
831,0.0,aa52248c75b8dff62105a0509cbfd0b0,608-01-02080-00002,20211118,142440
243,0.0,5d73934e398bd6aa62dd8d85b85cd608,608-01-01184-00010,20211118,173910
566,12.828601837158203,ce76da8672abfa76507f263c661af7f0,608-01-09030-53953,20211118,212109
875,10.765331268310549,2dedd08036142a4393e382eda2bd23e3,608-01-09016-05135,20211118,104346
562,0.150639533996582,4d6315824415ecee1dc414abd84cafc4,608-01-09090-00004,20211118,143618
686,0.0,a2d00e5b6be4161774768ea38be8d2c8,608-01-00701-00005,20211118,145502
189,325.3731908798218,d68cb9e1dc5b1be6d71c4d9a327507b7,608-01-00078-00012,20211118,101603
782,0.244913101196289,073168c5fe41376d3d293dcb6f470fbd,608-01-01038-00003,20211118,103915
699,54.61201763153076,01bc8d765d1b1749f1a989e8599e7335,608-01-00461-00004,20211118,215348
475,0.5081653594970703,c7adfb65e0655154912b0239da63189d,608-01-09040-25123,20211118,173658
681,12.640417098999023,403beb74c00b6fabbaf3a05d9b3faeb7,608-01-00107-00002,20211118,1213
510,10.98243236541748,42bdae2c04c31c43ed71871645f4542e,608-01-01007-00012,20211118,95247
58,3.480222702026367,fbd1d43165e987c29d0fb2fc77717bcd,608-01-00757-00000,20211118,162744
474,0.1459941864013672,c8730573cddc791cff128489c7bbf2a8,608-01-00551-00002,20211118,205223
560,0.0001182556152343,59960ed06562afb6c314e4cf224403e2,608-01-00117-21855,20211118,184708
856,1.9814767837524412,9570786fab59efcee9432f87b3435aad,608-01-09036-27501,20211118,161445
747,42.18777847290039,e7bbf97aa9ab27759a0a424e94723bba,608-01-00408-25284,20211118,210337
252,0.1015815734863281,24d06537ffe3c8dc6466b0e59ae5fe5c,608-01-00083-00011,20211118,182511
21,0.0,eeeebb46e18fb510c4650305c56a5e1d,608-01-00985-00004,20211118,165542
313,0.1843328475952148,87b3e009a0c4a96221035160548dad06,608-01-09036-43171,20211118,184802
459,0.1580953598022461,1c8e0ab1914da291b0a8faf473b72f49,608-01-00787-00006,20211118,72231
160,2.497166633605957,5a1830d1feb696dc0ed1628932f3f2f4,608-01-01881-00006,20211118,194126
276,0.0,a3934bc0c0c1f7460e8011acfe063387,608-01-03305-00001,20211118,103024
955,0.0011310577392578,8f3eddfba1620a58c4bec1bd35903a44,608-01-00752-00004,20211118,143001
191,10.781176567077637,bffc9e1c7ce820f38b303aa110fd2661,608-01-09036-24722,20211118,90737
385,0.052678108215332,171d780a0da37cbe4a342b95656ed5b7,608-01-00658-00001,20211118,180159
805,0.0011100769042968,9a9f298a56b97f3f8c8df43a02b51758,608-01-00701-00000,20211118,144404
413,0.0,cc8307bf201985c08bb24ddf6f73ff99,608-01-00658-00006,20211118,214519
491,0.3502416610717773,7b82f517b66b4c49dbe4c5b0187265df,608-01-00120-00011,20211118,132908
343,2.377491950988769,6fd13c76114b4e045b9abf0108cff31a,608-01-00056-00002,20211118,164418
769,0.0059223175048828,a5744105b8499de240f2ce1094f8ef97,608-01-09028-05355,20211118,54119
308,256.45585441589355,b24fac7a8909359fb25d8fb3aa6c961c,608-01-09040-30211,20211118,70232
661,0.1063098907470703,8d61eaf399d8fbffca92ff7073f964d0,608-01-69092-00007,20211118,215914
130,0.0228357315063476,03b9ce188a5c3128b8babb0156421b92,608-01-00116-00011,20211118,101842
663,1.989069938659668,bc4501e0bd99729fce04b51843d77876,608-01-00455-00002,20211118,202242
871,0.3952245712280273,4c3b66c88525b56d6eb88d9f468ee245,608-01-09003-24481,20211118,194617
99,17.57912540435791,a48c9db66fa5060f3e20cde5f62c5c83,608-01-00659-00004,20211118,103802
372,12.178296089172363,b62802c7f7327af6bc9de27712568069,608-01-09040-25921,20211118,64237
87,0.1503362655639648,0d50335013038456a6ef3708964271dc,608-01-00658-00006,20211118,163946
458,0.0005073547363281,53a12060f8796d3f0ed19d42accfeac0,608-01-09040-24994,20211118,102944
330,88.9441270828247,e68551226a95c835fa0a1612b7afdde7,608-01-09030-65052,20211118,51222
214,19.35451030731201,ff13f1791885bcb47d33004f363fe120,608-01-09036-30533,20211118,140255
466,5.499941825866699,bf474df7b963bee0a4781e3e6acf0988,608-01-00715-11556,20211118,203941
121,0.3257894515991211,a9bdf12ff57e126d2564505aa33e60db,608-01-03311-00003,20211118,181826
614,1.5934734344482422,2c4e79ac435a6ff17c67d5d49340861a,608-01-00658-00006,20211118,114508
20,3.161746025085449,505fb9673225386bae74c9cd660311d3,608-01-09003-01567,20211118,74852
700,0.0,edf0472f5190445c412617f2115a6c0b,608-01-02011-00004,20211118,80600
71,0.0504083633422851,3889d82475dbb029aced9fd61683e822,608-01-00469-00003,20211118,170340
106,0.5541629791259766,da1fa16c81f73997c6f0a1d05cf831b2,608-01-09036-24726,20211118,145503
270,0.6981334686279297,9c1a96ecef20d542749b3c68b2b81cd7,608-01-00451-00000,20211118,111914
860,1.019780158996582,003a902301a92625b121f4e078a92ba3,608-01-09036-30541,20211118,180827
435,0.3265495300292969,1c16320c94428cb7add80c040d4146c2,608-01-09043-06941,20211118,214415
102,38.04301834106445,de9747947a94f3b36e117df585b1f30b,608-01-09000-18883,20211118,212956
